rec_time,UTC,Pupil X,Pupil Y,Left Eye_Pupil X,Left Eye_Pupil Y,Left Eye_Pupil Area,Left Eye_Pupil Height,Left Eye_Pupil Width,Left Eye_Fixations_Fixations,Left Eye_Fixations_Fixations Duration,Left Eye_Saccades_Saccades,Left Eye_Saccades_Saccades Duration,Left Eye_Saccades_Saccades Angle,Right Eye_Pupil X,Right Eye_Pupil Y,Right Eye_Pupil Area,Right Eye_Pupil Height,Right Eye_Pupil Width,Right Eye_Fixations_Fixations,Right Eye_Fixations_Fixations Duration,Right Eye_Saccades_Saccades,Right Eye_Saccades_Saccades Duration,Right Eye_Saccades_Saccades Angle
00:07:19.329,1705285653032,156.923,146.311,141.609,155.309,779.82,34.208,29.04,1,0,0,0,0.0,172.414,137.365,745.042,33.185,28.601,1.0,0.0,0.0,0.0,0.0
00:07:19.346,1705285653049,156.955,146.393,141.629,155.413,782.197,34.042,29.271,1,0,0,0,0.0,172.236,137.312,746.983,33.059,28.784,1.0,0.0,0.0,0.0,0.0
00:07:19.363,1705285653066,156.905,146.291,141.52,155.323,776.228,33.887,29.18,1,0,0,0,0.0,172.28,137.374,750.722,32.909,29.06,1.0,0.0,0.0,0.0,0.0
00:07:19.379,1705285653082,156.9,146.338,141.507,155.418,777.16,34.107,29.026,1,0,0,0,0.0,172.29,137.26,753.065,33.128,28.958,1.0,0.0,0.0,0.0,0.0
00:07:19.396,1705285653099,156.992,146.247,141.619,155.273,775.593,34.042,29.024,1,0,0,0,0.0,172.293,137.258,749.612,33.018,28.922,1.0,0.0,0.0,0.0,0.0
00:07:19.413,1705285653116,156.933,146.322,141.553,155.37,771.958,33.93,28.983,1,0,0,0,0.0,172.364,137.222,747.875,33.158,28.733,1.0,0.0,0.0,0.0,0.0
00:07:19.429,1705285653132,156.907,146.282,141.514,155.307,767.022,33.687,29.005,1,0,0,0,0.0,172.313,137.274,743.213,32.87,28.803,1.0,0.0,0.0,0.0,0.0
00:07:19.446,1705285653149,156.883,146.35,141.56,155.407,764.17,33.662,28.919,1,0,0,0,0.0,172.3,137.258,744.091,32.996,28.728,1.0,0.0,0.0,0.0,0.0
00:07:19.463,1705285653166,156.888,146.297,141.615,155.338,763.923,33.624,28.942,1,0,0,0,0.0,172.205,137.293,740.531,32.828,28.736,1.0,0.0,0.0,0.0,0.0
00:07:19.479,1705285653182,156.856,146.393,141.566,155.39,753.559,33.39,28.749,1,0,0,0,0.0,172.161,137.255,737.697,32.778,28.67,1.0,0.0,0.0,0.0,0.0
00:07:19.496,1705285653199,156.976,146.339,141.713,155.404,757.354,33.499,28.8,1,0,0,0,0.0,172.146,137.395,733.081,32.745,28.519,1.0,0.0,0.0,0.0,0.0
00:07:19.513,1705285653216,156.931,146.359,141.696,155.358,750.268,33.398,28.617,1,0,0,0,0.0,172.238,137.275,729.002,32.572,28.511,1.0,0.0,0.0,0.0,0.0
00:07:19.529,1705285653232,156.921,146.286,141.738,155.317,749.084,33.308,28.65,1,0,0,0,0.0,172.166,137.36,737.947,32.861,28.607,1.0,0.0,0.0,0.0,0.0
00:07:19.546,1705285653249,156.961,146.315,141.798,155.369,746.309,33.226,28.613,1,0,0,0,0.0,172.104,137.255,729.151,32.667,28.434,1.0,0.0,0.0,0.0,0.0
00:07:19.563,1705285653266,156.924,146.284,141.691,155.327,745.134,33.199,28.591,1,0,0,0,0.0,172.124,137.26,728.879,32.614,28.469,1.0,0.0,0.0,0.0,0.0
00:07:19.579,1705285653282,156.893,146.347,141.684,155.349,743.808,33.257,28.491,1,0,0,0,0.0,172.157,137.24,730.056,32.595,28.532,1.0,0.0,0.0,0.0,0.0
00:07:19.596,1705285653299,156.919,146.256,141.818,155.293,747.611,33.247,28.645,1,0,0,0,0.0,172.102,137.346,727.604,32.72,28.328,1.0,0.0,0.0,0.0,0.0
00:07:19.613,1705285653316,156.493,146.491,141.734,155.387,745.358,33.262,28.546,1,0,0,0,0.0,172.02,137.22,727.851,32.672,28.379,1.0,0.0,0.0,0.0,0.0
00:07:19.629,1705285653332,155.942,146.767,141.024,155.825,750.277,33.334,28.673,1,0,0,0,0.0,171.253,137.595,731.137,32.927,28.286,1.0,0.0,0.0,0.0,0.0
00:07:19.646,1705285653349,155.872,146.88,140.842,155.984,754.504,33.351,28.819,1,0,0,0,0.0,170.859,137.709,730.912,32.659,28.509,1.0,0.0,0.0,0.0,0.0
00:07:19.663,1705285653366,155.711,146.852,140.658,155.917,749.141,33.433,28.544,1,0,0,0,0.0,170.902,137.777,726.171,32.579,28.394,1.0,0.0,0.0,0.0,0.0
00:07:19.679,1705285653382,155.824,146.866,140.657,155.978,748.856,33.267,28.676,1,0,0,0,0.0,170.764,137.787,727.66,32.515,28.509,1.0,0.0,0.0,0.0,0.0
00:07:19.696,1705285653399,155.756,146.892,140.737,155.979,753.913,33.377,28.774,1,0,0,0,0.0,170.991,137.754,719.668,32.485,28.222,1.0,0.0,0.0,0.0,0.0
00:07:19.713,1705285653416,155.756,146.936,140.73,156.043,749.941,33.188,28.785,1,0,0,0,0.0,170.776,137.805,726.373,32.487,28.482,1.0,0.0,0.0,0.0,0.0
00:07:19.729,1705285653432,155.8,146.875,140.833,156.041,762.126,33.559,28.93,1,0,0,0,0.0,170.781,137.828,730.966,32.754,28.429,1.0,0.0,0.0,0.0,0.0
00:07:19.746,1705285653449,155.777,146.875,140.717,155.99,756.847,33.445,28.827,1,0,0,0,0.0,170.766,137.708,735.044,32.646,28.683,1.0,0.0,0.0,0.0,0.0
00:07:19.763,1705285653466,155.69,146.889,140.713,156.005,760.992,33.587,28.863,1,0,0,0,0.0,170.836,137.76,731.392,32.77,28.432,1.0,0.0,0.0,0.0,0.0
00:07:19.779,1705285653482,155.796,146.877,140.808,155.993,767.408,33.574,29.117,1,0,0,0,0.0,170.668,137.774,736.836,32.701,28.703,1.0,0.0,0.0,0.0,0.0
00:07:19.796,1705285653499,155.698,146.774,140.748,155.911,765.95,33.683,28.968,1,0,0,0,0.0,170.785,137.761,731.674,32.764,28.448,1.0,0.0,0.0,0.0,0.0
00:07:19.813,1705285653516,153.733,147.442,140.308,156.031,765.876,33.676,28.971,1,0,0,0,0.0,170.649,137.636,737.894,32.783,28.674,1.0,0.0,0.0,0.0,0.0
00:07:19.829,1705285653532,146.598,149.085,135.899,157.393,754.954,34.205,28.117,0,1500,1,0,0.0,167.158,138.854,718.045,32.365,28.262,1.0,0.0,0.0,0.0,0.0
00:07:19.846,1705285653549,138.783,151.522,128.616,159.996,727.769,32.974,28.116,0,0,1,0,0.0,157.296,140.778,721.884,33.319,27.6,0.0,1517.0,1.0,0.0,0.0
00:07:19.863,1705285653566,131.137,154.515,121.563,162.528,695.273,32.123,27.572,0,0,1,0,0.0,148.95,143.049,698.955,31.669,28.116,0.0,0.0,1.0,0.0,0.0
00:07:19.879,1705285653582,125.143,157.81,115.368,166.026,674.233,31.647,27.14,0,0,1,0,0.0,140.712,146.502,652.38,30.641,27.122,0.0,0.0,1.0,0.0,0.0
00:07:19.896,1705285653599,120.628,160.555,110.509,169.139,657.389,31.415,26.657,0,0,1,0,0.0,134.918,149.593,649.06,30.343,27.249,0.0,0.0,1.0,0.0,0.0
00:07:19.913,1705285653616,117.115,162.804,107.008,171.473,633.137,31.04,25.984,0,0,1,0,0.0,130.747,151.971,663.249,30.906,27.338,0.0,0.0,1.0,0.0,0.0
00:07:19.929,1705285653632,114.963,164.027,104.378,172.918,611.408,30.729,25.346,1,0,0,100,15.713,127.222,154.134,661.371,30.828,27.329,1.0,0.0,0.0,83.0,18.001
00:07:19.946,1705285653649,114.352,164.535,103.091,174.026,609.992,30.959,25.1,1,0,0,0,0.0,125.549,155.135,655.494,30.134,27.71,1.0,0.0,0.0,0.0,0.0
00:07:19.963,1705285653666,114.476,164.412,102.804,174.251,613.944,31.07,25.172,1,0,0,0,0.0,125.612,155.045,654.477,30.058,27.737,1.0,0.0,0.0,0.0,0.0
00:07:19.979,1705285653682,114.576,164.338,102.714,174.055,608.587,31.015,24.997,1,0,0,0,0.0,126.149,154.572,649.543,29.881,27.691,1.0,0.0,0.0,0.0,0.0
00:07:19.996,1705285653699,114.665,164.342,102.652,174.031,613.785,31.048,25.183,1,0,0,0,0.0,126.439,154.621,667.768,30.216,28.152,1.0,0.0,0.0,0.0,0.0
00:07:20.013,1705285653716,114.833,164.12,102.609,173.916,617.801,31.124,25.286,1,0,0,0,0.0,126.679,154.653,666.357,30.677,27.671,1.0,0.0,0.0,0.0,0.0
00:07:20.029,1705285653732,114.797,163.941,102.546,173.781,614.154,31.165,25.104,1,0,0,0,0.0,127.057,154.323,657.775,30.397,27.566,1.0,0.0,0.0,0.0,0.0
00:07:20.046,1705285653749,114.898,163.94,102.527,173.734,619.45,31.167,25.319,1,0,0,0,0.0,127.048,154.101,664.06,30.45,27.781,1.0,0.0,0.0,0.0,0.0
00:07:20.063,1705285653766,114.893,163.839,102.437,173.58,624.65,31.362,25.373,1,0,0,0,0.0,127.269,154.146,656.758,30.381,27.538,1.0,0.0,0.0,0.0,0.0
00:07:20.079,1705285653782,115.054,163.74,102.569,173.373,616.683,30.937,25.393,1,0,0,0,0.0,127.348,154.097,660.337,30.586,27.503,1.0,0.0,0.0,0.0,0.0
00:07:20.096,1705285653799,114.99,163.733,102.477,173.442,625.714,31.513,25.294,1,0,0,0,0.0,127.539,154.108,654.85,30.655,27.213,1.0,0.0,0.0,0.0,0.0
00:07:20.113,1705285653816,115.219,163.71,102.544,173.384,618.243,31.074,25.345,1,0,0,0,0.0,127.502,154.025,660.19,30.663,27.427,1.0,0.0,0.0,0.0,0.0
00:07:20.129,1705285653832,115.203,163.542,102.585,173.305,622.709,31.413,25.253,1,0,0,0,0.0,127.893,154.036,649.891,30.356,27.273,1.0,0.0,0.0,0.0,0.0
00:07:20.146,1705285653849,115.166,163.536,102.499,173.176,615.641,30.989,25.308,1,0,0,0,0.0,127.821,153.779,657.539,30.13,27.8,1.0,0.0,0.0,0.0,0.0
00:07:20.163,1705285653866,115.252,163.658,102.548,173.205,617.335,31.119,25.271,1,0,0,0,0.0,127.832,153.895,654.175,30.535,27.291,1.0,0.0,0.0,0.0,0.0
00:07:20.179,1705285653882,115.237,163.743,102.595,173.2,626.529,31.181,25.597,1,0,0,0,0.0,127.955,154.11,663.293,30.794,27.439,1.0,0.0,0.0,0.0,0.0
00:07:20.196,1705285653899,115.28,163.595,102.545,173.396,611.445,30.884,25.221,1,0,0,0,0.0,127.879,154.286,667.57,30.876,27.542,1.0,0.0,0.0,0.0,0.0
00:07:20.213,1705285653916,115.231,163.727,102.545,173.317,613.609,30.958,25.25,1,0,0,0,0.0,128.014,153.795,649.538,29.934,27.642,1.0,0.0,0.0,0.0,0.0
00:07:20.229,1705285653932,115.222,163.649,102.52,173.269,612.59,30.885,25.267,1,0,0,0,0.0,127.918,154.136,660.526,30.536,27.555,1.0,0.0,0.0,0.0,0.0
00:07:20.246,1705285653949,115.292,163.641,102.592,173.26,616.138,31.077,25.256,1,0,0,0,0.0,127.923,154.029,662.492,30.65,27.535,1.0,0.0,0.0,0.0,0.0
00:07:20.263,1705285653966,115.32,163.63,102.582,173.354,617.23,31.121,25.266,1,0,0,0,0.0,127.991,154.022,656.638,30.384,27.53,1.0,0.0,0.0,0.0,0.0
00:07:20.279,1705285653982,115.377,163.509,102.624,173.319,614.9,31.035,25.239,1,0,0,0,0.0,128.058,153.906,643.69,30.239,27.117,1.0,0.0,0.0,0.0,0.0
00:07:20.296,1705285653999,115.261,163.695,102.636,173.338,617.824,31.112,25.297,1,0,0,0,0.0,128.13,153.7,641.912,29.729,27.506,1.0,0.0,0.0,0.0,0.0
00:07:20.313,1705285654016,115.329,163.635,102.62,173.354,612.082,30.942,25.199,1,0,0,0,0.0,127.886,154.053,645.216,30.994,26.519,1.0,0.0,0.0,0.0,0.0
00:07:20.329,1705285654032,115.378,163.677,102.703,173.296,614.894,31.087,25.197,1,0,0,0,0.0,128.039,153.917,647.243,30.303,27.209,1.0,0.0,0.0,0.0,0.0
00:07:20.346,1705285654049,115.304,163.725,102.604,173.303,610.565,30.905,25.167,1,0,0,0,0.0,128.054,154.058,651.216,30.498,27.201,1.0,0.0,0.0,0.0,0.0
00:07:20.363,1705285654066,115.489,163.545,102.701,173.267,610.876,30.798,25.267,1,0,0,0,0.0,128.003,154.146,656.424,30.687,27.249,1.0,0.0,0.0,0.0,0.0
00:07:20.379,1705285654082,115.353,163.773,102.655,173.403,616.789,31.059,25.298,1,0,0,0,0.0,128.278,153.823,655.78,29.947,27.896,1.0,0.0,0.0,0.0,0.0
00:07:20.396,1705285654099,115.342,163.47,102.628,173.444,613.164,30.9,25.279,1,0,0,0,0.0,128.05,154.143,659.43,30.469,27.57,1.0,0.0,0.0,0.0,0.0
00:07:20.413,1705285654116,115.358,163.774,102.638,173.449,619.211,31.122,25.345,1,0,0,0,0.0,128.057,153.496,627.621,29.891,26.748,1.0,0.0,0.0,0.0,0.0
00:07:20.429,1705285654132,115.394,163.494,102.643,173.354,612.635,30.9,25.257,1,0,0,0,0.0,128.078,154.1,655.596,30.435,27.441,1.0,0.0,0.0,0.0,0.0
00:07:20.446,1705285654149,115.359,163.813,102.648,173.528,622.851,31.408,25.263,1,0,0,0,0.0,128.145,153.633,632.709,30.096,26.781,1.0,0.0,0.0,0.0,0.0
00:07:20.463,1705285654166,115.382,163.705,102.689,173.381,611.932,31.066,25.093,1,0,0,0,0.0,128.071,154.097,657.847,30.619,27.369,1.0,0.0,0.0,0.0,0.0
00:07:20.479,1705285654182,115.475,163.662,102.676,173.454,626.446,31.46,25.366,1,0,0,0,0.0,128.074,154.029,660.183,30.573,27.508,1.0,0.0,0.0,0.0,0.0
00:07:20.496,1705285654199,115.399,163.172,102.703,173.36,620.765,31.118,25.413,1,0,0,0,0.0,128.274,153.87,645.17,30.113,27.293,1.0,0.0,0.0,0.0,0.0
00:07:20.513,1705285654216,115.446,163.735,102.761,173.374,629.107,31.347,25.566,1,0,0,0,0.0,128.095,152.983,622.032,30.306,26.146,1.0,0.0,0.0,0.0,0.0
00:07:20.529,1705285654232,115.426,163.206,102.766,173.344,630.582,31.453,25.539,1,0,0,0,0.0,128.132,154.096,667.809,30.821,27.602,1.0,0.0,0.0,0.0,0.0
00:07:20.546,1705285654249,115.632,163.811,102.812,173.361,637.229,31.634,25.661,1,0,0,0,0.0,128.087,153.069,628.76,30.442,26.312,1.0,0.0,0.0,0.0,0.0
00:07:20.563,1705285654266,115.839,163.981,103.116,173.395,636.171,31.552,25.685,1,0,0,0,0.0,128.452,154.261,682.514,31.158,27.904,1.0,0.0,0.0,0.0,0.0
00:07:20.579,1705285654282,116.079,164.172,103.242,173.819,644.827,31.68,25.929,1,0,0,0,0.0,128.562,154.567,673.819,30.992,27.696,1.0,0.0,0.0,0.0,0.0
00:07:20.596,1705285654299,116.021,164.076,103.282,173.849,648.332,32.014,25.798,1,0,0,0,0.0,128.916,154.525,689.95,30.622,28.702,1.0,0.0,0.0,0.0,0.0
00:07:20.613,1705285654316,116.027,164.131,103.216,173.823,652.115,31.822,26.106,1,0,0,0,0.0,128.759,154.303,677.694,30.33,28.463,1.0,0.0,0.0,0.0,0.0
00:07:20.629,1705285654332,115.922,164.159,103.156,173.859,656.212,32.192,25.967,1,0,0,0,0.0,128.838,154.44,682.007,30.685,28.314,1.0,0.0,0.0,0.0,0.0
00:07:20.646,1705285654349,115.994,164.203,103.164,173.79,654.51,32.042,26.022,1,0,0,0,0.0,128.687,154.458,680.23,31.015,27.94,1.0,0.0,0.0,0.0,0.0
00:07:20.663,1705285654366,115.984,164.157,103.131,173.855,659.938,32.4,25.947,1,0,0,0,0.0,128.825,154.617,699.916,31.225,28.555,1.0,0.0,0.0,0.0,0.0
00:07:20.679,1705285654382,115.977,164.033,103.141,173.695,660.906,32.076,26.247,1,0,0,0,0.0,128.836,154.459,680.579,31.144,27.838,1.0,0.0,0.0,0.0,0.0
00:07:20.696,1705285654399,116.082,164.248,103.144,173.75,667.308,32.597,26.078,1,0,0,0,0.0,128.814,154.371,682.653,30.897,28.146,1.0,0.0,0.0,0.0,0.0
00:07:20.713,1705285654416,115.99,163.866,103.13,173.58,657.944,32.053,26.148,1,0,0,0,0.0,129.02,154.745,691.161,31.356,28.079,1.0,0.0,0.0,0.0,0.0
00:07:20.729,1705285654432,115.965,164.105,103.124,173.758,670.791,32.681,26.147,1,0,0,0,0.0,128.85,154.153,670.811,31.477,27.148,1.0,0.0,0.0,0.0,0.0
00:07:20.746,1705285654449,116.02,163.976,103.13,173.622,668.659,32.45,26.249,1,0,0,0,0.0,128.807,154.452,700.725,31.139,28.667,1.0,0.0,0.0,0.0,0.0
00:07:20.763,1705285654466,115.984,164.088,103.146,173.783,673.459,32.642,26.282,1,0,0,0,0.0,128.909,154.331,686.831,31.305,27.949,1.0,0.0,0.0,0.0,0.0
00:07:20.779,1705285654482,116.024,163.803,103.133,173.616,664.456,32.43,26.101,1,0,0,0,0.0,128.822,154.394,695.689,31.188,28.416,1.0,0.0,0.0,0.0,0.0
00:07:20.796,1705285654499,116.088,164.084,103.117,173.693,672.376,32.62,26.257,1,0,0,0,0.0,128.916,153.989,677.394,30.681,28.125,1.0,0.0,0.0,0.0,0.0
00:07:20.813,1705285654516,116.049,163.919,103.165,173.513,668.072,32.377,26.286,1,0,0,0,0.0,129.06,154.476,691.847,30.818,28.598,1.0,0.0,0.0,0.0,0.0
00:07:20.829,1705285654532,116.156,164.018,103.178,173.55,672.644,32.558,26.318,1,0,0,0,0.0,128.933,154.325,691.93,31.216,28.236,1.0,0.0,0.0,0.0,0.0
00:07:20.846,1705285654549,115.985,163.728,103.168,173.507,667.421,32.327,26.301,1,0,0,0,0.0,129.134,154.486,702.927,31.105,28.787,1.0,0.0,0.0,0.0,0.0
00:07:20.863,1705285654566,116.056,163.985,103.124,173.577,665.715,32.429,26.151,1,0,0,0,0.0,128.803,153.949,672.266,30.754,27.847,1.0,0.0,0.0,0.0,0.0
00:07:20.879,1705285654582,116.026,163.973,103.126,173.419,671.331,32.477,26.332,1,0,0,0,0.0,128.989,154.394,689.244,31.085,28.245,1.0,0.0,0.0,0.0,0.0
00:07:20.896,1705285654599,116.098,163.978,103.109,173.545,672.121,32.595,26.268,1,0,0,0,0.0,128.926,154.528,701.739,31.208,28.644,1.0,0.0,0.0,0.0,0.0
00:07:20.913,1705285654616,116.024,163.73,103.152,173.553,662.564,32.384,26.063,1,0,0,0,0.0,129.087,154.412,693.517,31.146,28.365,1.0,0.0,0.0,0.0,0.0
00:07:20.929,1705285654632,116.061,163.957,103.157,173.474,674.397,32.616,26.34,1,0,0,0,0.0,128.896,153.907,666.154,30.765,27.583,1.0,0.0,0.0,0.0,0.0
00:07:20.946,1705285654649,116.105,163.97,103.153,173.47,675.803,32.687,26.338,1,0,0,0,0.0,128.965,154.441,690.481,31.087,28.295,1.0,0.0,0.0,0.0,0.0
00:07:20.963,1705285654666,115.967,162.649,103.085,173.476,672.323,32.5,26.352,1,0,0,0,0.0,129.058,154.471,700.339,31.306,28.498,1.0,0.0,0.0,0.0,0.0
00:07:20.979,1705285654682,116.03,163.96,103.144,173.484,677.558,32.851,26.274,1,0,0,0,0.0,128.849,151.823,571.316,30.017,24.246,1.0,0.0,0.0,0.0,0.0
00:07:20.996,1705285654699,116.01,163.847,103.12,173.515,672.689,32.536,26.338,1,0,0,0,0.0,128.916,154.435,695.36,31.299,28.302,1.0,0.0,0.0,0.0,0.0
00:07:21.013,1705285654716,116.077,164.11,103.101,173.529,678.366,32.784,26.36,1,0,0,0,0.0,128.9,154.179,678.971,31.001,27.9,1.0,0.0,0.0,0.0,0.0
00:07:21.029,1705285654732,115.972,163.882,103.124,173.476,678.017,32.744,26.378,1,0,0,0,0.0,129.054,154.692,700.599,31.22,28.586,1.0,0.0,0.0,0.0,0.0
00:07:21.046,1705285654749,116.072,164.07,103.08,173.497,677.072,32.759,26.329,1,0,0,0,0.0,128.821,154.288,686.284,31.329,27.905,1.0,0.0,0.0,0.0,0.0
00:07:21.063,1705285654766,116.046,164.001,103.093,173.427,672.096,32.521,26.327,1,0,0,0,0.0,129.065,154.644,698.079,31.202,28.501,1.0,0.0,0.0,0.0,0.0
00:07:21.079,1705285654782,115.99,164.077,103.133,173.475,680.094,32.779,26.431,1,0,0,0,0.0,128.999,154.574,687.695,31.267,28.018,1.0,0.0,0.0,0.0,0.0
00:07:21.096,1705285654799,115.996,163.988,103.037,173.482,680.719,32.593,26.605,1,0,0,0,0.0,128.848,154.679,707.873,31.962,28.213,1.0,0.0,0.0,0.0,0.0
00:07:21.113,1705285654816,116.019,164.032,103.034,173.592,679.581,32.642,26.521,1,0,0,0,0.0,128.955,154.494,689.898,31.356,28.028,1.0,0.0,0.0,0.0,0.0
00:07:21.129,1705285654832,115.999,163.989,103.059,173.531,682.464,32.723,26.568,1,0,0,0,0.0,129.004,154.473,687.435,31.027,28.225,1.0,0.0,0.0,0.0,0.0
00:07:21.146,1705285654849,115.995,164.176,103.011,173.554,682.433,32.629,26.643,1,0,0,0,0.0,128.939,154.448,686.894,31.034,28.196,1.0,0.0,0.0,0.0,0.0
00:07:21.163,1705285654866,115.997,164.133,103.067,173.541,678.715,32.665,26.469,1,0,0,0,0.0,128.978,154.798,702.977,31.487,28.441,1.0,0.0,0.0,0.0,0.0
00:07:21.179,1705285654882,116.056,164.119,103.112,173.496,679.639,32.497,26.642,1,0,0,0,0.0,128.926,154.725,699.111,31.576,28.205,1.0,0.0,0.0,0.0,0.0
00:07:21.196,1705285654899,115.928,164.002,103.079,173.538,677.362,32.551,26.509,1,0,0,0,0.0,129.001,154.742,705.807,31.554,28.494,1.0,0.0,0.0,0.0,0.0
00:07:21.213,1705285654916,116.095,164.228,103.135,173.599,681.595,32.667,26.58,1,0,0,0,0.0,128.778,154.466,696.191,31.878,27.821,1.0,0.0,0.0,0.0,0.0
00:07:21.229,1705285654932,116.091,164.131,103.17,173.549,686.781,32.911,26.583,1,0,0,0,0.0,129.054,154.857,704.364,31.709,28.297,1.0,0.0,0.0,0.0,0.0
00:07:21.246,1705285654949,116.07,164.172,103.176,173.56,685.131,32.653,26.729,1,0,0,0,0.0,129.013,154.713,701.019,31.534,28.319,1.0,0.0,0.0,0.0,0.0
00:07:21.263,1705285654966,116.06,164.088,103.14,173.61,681.473,32.931,26.362,1,0,0,0,0.0,128.964,154.785,698.497,31.707,28.063,1.0,0.0,0.0,0.0,0.0
00:07:21.279,1705285654982,116.114,164.091,103.117,173.407,682.638,32.674,26.615,1,0,0,0,0.0,128.98,154.566,689.338,31.27,28.082,1.0,0.0,0.0,0.0,0.0
00:07:21.296,1705285654999,115.924,164.232,103.073,173.715,695.956,33.093,26.79,1,0,0,0,0.0,129.111,154.775,703.769,31.642,28.333,1.0,0.0,0.0,0.0,0.0
00:07:21.313,1705285655016,116.054,164.1,103.074,173.477,688.811,32.773,26.774,1,0,0,0,0.0,128.774,154.75,701.128,32.074,27.847,1.0,0.0,0.0,0.0,0.0
00:07:21.329,1705285655032,116.063,164.097,103.079,173.591,692.061,33.081,26.65,1,0,0,0,0.0,129.035,154.724,705.155,31.668,28.366,1.0,0.0,0.0,0.0,0.0
00:07:21.346,1705285655049,116.118,164.03,103.114,173.434,690.503,32.862,26.767,1,0,0,0,0.0,129.048,154.603,696.563,31.469,28.197,1.0,0.0,0.0,0.0,0.0
00:07:21.363,1705285655066,115.946,163.975,103.115,173.528,695.04,33.104,26.746,1,0,0,0,0.0,129.121,154.626,698.13,31.29,28.422,1.0,0.0,0.0,0.0,0.0
00:07:21.379,1705285655082,115.31,164.06,102.726,173.425,687.666,32.556,26.908,1,0,0,0,0.0,128.776,154.421,684.361,30.783,28.321,1.0,0.0,0.0,0.0,0.0
00:07:21.396,1705285655099,115.083,163.961,102.197,173.442,686.981,32.989,26.528,1,0,0,0,0.0,127.893,154.696,691.368,31.169,28.256,1.0,0.0,0.0,0.0,0.0
00:07:21.413,1705285655116,115.091,163.911,102.169,173.323,689.894,32.898,26.714,1,0,0,0,0.0,127.968,154.479,688.108,31.066,28.216,1.0,0.0,0.0,0.0,0.0
00:07:21.429,1705285655132,115.169,163.948,102.151,173.556,690.112,32.972,26.662,1,0,0,0,0.0,128.014,154.499,690.247,31.196,28.187,1.0,0.0,0.0,0.0,0.0
00:07:21.446,1705285655149,115.128,163.991,102.289,173.278,687.879,32.66,26.83,1,0,0,0,0.0,128.186,154.339,680.625,30.616,28.32,1.0,0.0,0.0,0.0,0.0
00:07:21.463,1705285655166,115.089,164.115,102.239,173.438,690.293,32.989,26.656,1,0,0,0,0.0,127.966,154.704,704.055,31.598,28.384,1.0,0.0,0.0,0.0,0.0
00:07:21.479,1705285655182,115.078,163.935,102.285,173.207,689.023,32.828,26.737,1,0,0,0,0.0,127.939,154.793,703.899,31.711,28.277,1.0,0.0,0.0,0.0,0.0
00:07:21.496,1705285655199,115.096,164.028,102.168,173.464,692.659,32.914,26.808,1,0,0,0,0.0,127.871,154.664,701.713,31.803,28.107,1.0,0.0,0.0,0.0,0.0
00:07:21.513,1705285655216,115.138,163.856,102.235,173.093,682.752,32.554,26.717,1,0,0,0,0.0,128.024,154.592,695.986,31.491,28.154,1.0,0.0,0.0,0.0,0.0
00:07:21.529,1705285655232,115.218,163.903,102.282,173.246,686.76,32.735,26.725,1,0,0,0,0.0,128.04,154.619,697.895,31.422,28.294,1.0,0.0,0.0,0.0,0.0
00:07:21.546,1705285655249,115.083,163.931,102.235,173.217,685.232,32.889,26.541,1,0,0,0,0.0,128.154,154.56,695.208,31.104,28.472,1.0,0.0,0.0,0.0,0.0
00:07:21.563,1705285655266,115.104,163.85,102.174,173.206,691.116,32.981,26.695,1,0,0,0,0.0,127.931,154.646,710.174,31.961,28.306,1.0,0.0,0.0,0.0,0.0
00:07:21.579,1705285655282,115.17,163.921,102.257,173.24,683.442,32.75,26.584,1,0,0,0,0.0,128.034,154.495,690.4,31.388,28.02,1.0,0.0,0.0,0.0,0.0
00:07:21.596,1705285655299,115.251,163.773,102.324,173.242,683.702,32.679,26.652,1,0,0,0,0.0,128.084,154.602,707.049,31.562,28.538,1.0,0.0,0.0,0.0,0.0
00:07:21.613,1705285655316,115.231,163.917,102.376,173.052,682.801,32.672,26.622,1,0,0,0,0.0,128.179,154.304,687.504,30.956,28.292,1.0,0.0,0.0,0.0,0.0
00:07:21.629,1705285655332,115.298,163.724,102.31,173.107,686.114,32.726,26.708,1,0,0,0,0.0,128.085,154.782,710.217,31.736,28.508,1.0,0.0,0.0,0.0,0.0
00:07:21.646,1705285655349,115.259,163.771,102.333,173.031,687.922,32.849,26.678,1,0,0,0,0.0,128.287,154.341,693.903,30.919,28.589,1.0,0.0,0.0,0.0,0.0
00:07:21.663,1705285655366,115.225,163.802,102.344,172.973,690.04,32.859,26.752,1,0,0,0,0.0,128.184,154.511,695.868,31.354,28.273,1.0,0.0,0.0,0.0,0.0
00:07:21.679,1705285655382,115.286,163.843,102.404,173.173,692.189,33.009,26.713,1,0,0,0,0.0,128.105,154.631,709.001,31.859,28.35,1.0,0.0,0.0,0.0,0.0
00:07:21.696,1705285655399,115.273,163.788,102.44,173.008,685.685,32.759,26.664,1,0,0,0,0.0,128.169,154.513,707.576,31.489,28.625,1.0,0.0,0.0,0.0,0.0
00:07:21.713,1705285655416,115.114,164.081,102.313,173.288,705.85,33.425,26.901,1,0,0,0,0.0,128.107,154.568,716.298,31.81,28.685,1.0,0.0,0.0,0.0,0.0
00:07:21.729,1705285655432,115.264,163.794,102.386,173.1,695.417,33.039,26.813,1,0,0,0,0.0,127.915,154.875,740.76,32.933,28.654,1.0,0.0,0.0,0.0,0.0
00:07:21.746,1705285655449,115.3,163.812,102.427,173.196,704.663,33.319,26.941,1,0,0,0,0.0,128.142,154.489,722.896,32.113,28.676,1.0,0.0,0.0,0.0,0.0
00:07:21.763,1705285655466,115.312,163.702,102.448,173.043,701.013,33.146,26.941,1,0,0,0,0.0,128.174,154.427,711.662,31.668,28.628,1.0,0.0,0.0,0.0,0.0
00:07:21.779,1705285655482,115.199,163.973,102.392,173.361,710.743,33.482,27.042,1,0,0,0,0.0,128.175,154.361,716.047,31.76,28.721,1.0,0.0,0.0,0.0,0.0
00:07:21.796,1705285655499,115.362,163.636,102.475,172.991,710.296,33.318,27.157,1,0,0,0,0.0,128.007,154.585,737.113,32.511,28.883,1.0,0.0,0.0,0.0,0.0
00:07:21.813,1705285655516,115.395,163.892,102.495,173.197,711.052,33.37,27.144,1,0,0,0,0.0,128.249,154.28,716.293,31.78,28.712,1.0,0.0,0.0,0.0,0.0
00:07:21.829,1705285655532,115.338,163.713,102.424,173.264,723.679,33.969,27.139,1,0,0,0,0.0,128.294,154.587,730.677,32.044,29.048,1.0,0.0,0.0,0.0,0.0
00:07:21.846,1705285655549,115.399,163.968,102.511,173.367,720.962,33.627,27.312,1,0,0,0,0.0,128.251,154.163,715.275,31.776,28.675,1.0,0.0,0.0,0.0,0.0
00:07:21.863,1705285655566,115.402,163.8,102.493,173.203,726.253,34.036,27.182,1,0,0,0,0.0,128.286,154.569,728.964,31.933,29.08,1.0,0.0,0.0,0.0,0.0
00:07:21.879,1705285655582,115.497,163.813,102.64,173.09,719.716,33.49,27.376,1,0,0,0,0.0,128.311,154.398,726.666,31.9,29.019,1.0,0.0,0.0,0.0,0.0
00:07:21.896,1705285655599,115.395,163.909,102.555,173.214,731.537,34.101,27.327,1,0,0,0,0.0,128.354,154.536,732.694,31.986,29.181,1.0,0.0,0.0,0.0,0.0
00:07:21.913,1705285655616,115.438,163.854,102.641,173.143,724.443,33.725,27.364,1,0,0,0,0.0,128.236,154.603,740.077,32.366,29.129,1.0,0.0,0.0,0.0,0.0
00:07:21.929,1705285655632,114.936,164.0,102.411,173.212,730.487,33.935,27.421,1,0,0,0,0.0,128.235,154.564,735.639,31.962,29.32,1.0,0.0,0.0,0.0,0.0
00:07:21.946,1705285655649,114.758,164.243,102.031,173.597,733.963,34.252,27.297,1,0,0,0,0.0,127.46,154.788,738.472,32.019,29.381,1.0,0.0,0.0,0.0,0.0
00:07:21.963,1705285655666,114.824,164.315,101.882,173.773,742.724,34.596,27.348,1,0,0,0,0.0,127.485,154.89,735.965,32.165,29.147,1.0,0.0,0.0,0.0,0.0
00:07:21.979,1705285655682,114.893,164.166,102.085,173.626,728.467,33.867,27.401,1,0,0,0,0.0,127.767,154.857,726.655,31.877,29.039,1.0,0.0,0.0,0.0,0.0
00:07:21.996,1705285655699,114.487,164.354,101.896,173.786,744.335,34.692,27.332,1,0,0,0,0.0,127.702,154.706,724.105,31.718,29.082,1.0,0.0,0.0,0.0,0.0
00:07:22.013,1705285655716,114.89,164.099,102.172,173.411,727.343,33.976,27.271,1,0,0,0,0.0,127.078,154.922,765.562,33.944,28.731,1.0,0.0,0.0,0.0,0.0
00:07:22.029,1705285655732,114.83,164.134,101.917,173.561,743.076,34.717,27.266,1,0,0,0,0.0,127.609,154.786,734.148,32.431,28.837,1.0,0.0,0.0,0.0,0.0
00:07:22.046,1705285655749,115.111,163.928,102.264,173.286,732.811,33.984,27.469,1,0,0,0,0.0,127.743,154.706,745.626,32.358,29.354,1.0,0.0,0.0,0.0,0.0
00:07:22.063,1705285655766,115.009,164.158,102.126,173.55,748.872,34.651,27.531,1,0,0,0,0.0,127.959,154.569,726.887,31.811,29.108,1.0,0.0,0.0,0.0,0.0
00:07:22.079,1705285655782,114.99,164.045,102.085,173.482,741.593,34.649,27.265,1,0,0,0,0.0,127.892,154.766,758.908,32.636,29.623,1.0,0.0,0.0,0.0,0.0
00:07:22.096,1705285655799,115.064,164.127,102.169,173.612,755.349,34.637,27.78,1,0,0,0,0.0,127.894,154.607,746.591,32.411,29.344,1.0,0.0,0.0,0.0,0.0
00:07:22.113,1705285655816,115.2,164.038,102.251,173.462,740.906,34.438,27.406,1,0,0,0,0.0,127.959,154.642,763.403,32.841,29.612,1.0,0.0,0.0,0.0,0.0
00:07:22.129,1705285655832,115.182,163.991,102.165,173.64,755.151,34.745,27.686,1,0,0,0,0.0,128.149,154.613,748.621,32.411,29.424,1.0,0.0,0.0,0.0,0.0
00:07:22.146,1705285655849,115.257,163.964,102.351,173.225,750.906,34.676,27.586,1,0,0,0,0.0,128.198,154.341,743.388,32.22,29.391,1.0,0.0,0.0,0.0,0.0
00:07:22.163,1705285655866,115.235,163.867,102.224,173.46,751.058,34.626,27.631,1,0,0,0,0.0,128.163,154.703,753.356,32.55,29.483,1.0,0.0,0.0,0.0,0.0
00:07:22.179,1705285655882,115.396,163.658,102.523,173.184,733.494,34.433,27.136,1,0,0,0,0.0,128.246,154.274,744.35,32.124,29.518,1.0,0.0,0.0,0.0,0.0
00:07:22.196,1705285655899,115.314,163.939,102.3,173.427,747.401,34.594,27.522,1,0,0,0,0.0,128.269,154.132,728.556,31.842,29.147,1.0,0.0,0.0,0.0,0.0
00:07:22.213,1705285655916,115.4,163.697,102.472,172.943,743.765,34.411,27.534,1,0,0,0,0.0,128.328,154.451,741.052,32.283,29.242,1.0,0.0,0.0,0.0,0.0
00:07:22.229,1705285655932,115.31,163.825,102.344,173.295,747.392,34.919,27.266,1,0,0,0,0.0,128.328,154.451,741.052,32.283,29.242,1.0,0.0,0.0,0.0,0.0
00:07:22.246,1705285655949,115.375,163.751,102.432,173.122,759.041,34.928,27.683,1,0,0,0,0.0,128.276,154.355,757.529,32.526,29.669,1.0,0.0,0.0,0.0,0.0
00:07:22.263,1705285655966,115.379,163.69,102.44,173.0,751.726,34.729,27.574,1,0,0,0,0.0,128.318,154.379,753.604,32.448,29.586,1.0,0.0,0.0,0.0,0.0
00:07:22.279,1705285655982,115.477,163.482,102.478,172.972,744.773,34.624,27.402,1,0,0,0,0.0,128.318,154.379,753.604,32.448,29.586,1.0,0.0,0.0,0.0,0.0
00:07:22.296,1705285655999,115.39,163.826,102.428,173.255,743.876,34.489,27.476,1,0,0,0,0.0,128.475,153.992,735.942,32.063,29.239,1.0,0.0,0.0,0.0,0.0
00:07:22.313,1705285656016,115.392,163.84,102.432,173.282,758.209,35.062,27.547,1,0,0,0,0.0,128.352,154.398,756.569,32.554,29.605,1.0,0.0,0.0,0.0,0.0
00:07:22.329,1705285656032,115.451,163.719,102.49,173.086,756.01,34.712,27.744,1,0,0,0,0.0,128.352,154.398,756.569,32.554,29.605,1.0,0.0,0.0,0.0,0.0
00:07:22.346,1705285656049,115.397,163.756,102.431,173.174,764.032,35.136,27.701,1,0,0,0,0.0,128.411,154.352,753.314,32.556,29.476,1.0,0.0,0.0,0.0,0.0
00:07:22.363,1705285656066,115.398,163.712,102.433,173.087,758.369,34.922,27.663,1,0,0,0,0.0,128.363,154.338,753.025,32.699,29.337,1.0,0.0,0.0,0.0,0.0
00:07:22.379,1705285656082,115.48,163.671,102.536,173.012,755.313,34.869,27.595,1,0,0,0,0.0,128.363,154.338,753.025,32.699,29.337,1.0,0.0,0.0,0.0,0.0
00:07:22.396,1705285656099,115.48,163.563,102.493,172.975,753.175,34.793,27.576,1,0,0,0,0.0,128.424,154.33,752.652,32.471,29.528,1.0,0.0,0.0,0.0,0.0
00:07:22.413,1705285656116,115.501,163.629,102.536,173.107,749.794,34.672,27.549,1,0,0,0,0.0,128.467,154.152,743.67,32.105,29.508,1.0,0.0,0.0,0.0,0.0
00:07:22.429,1705285656132,115.469,163.553,102.495,172.953,751.725,34.546,27.72,1,0,0,0,0.0,128.467,154.152,743.67,32.105,29.508,1.0,0.0,0.0,0.0,0.0
00:07:22.446,1705285656149,115.42,163.83,102.436,173.224,762.655,35.042,27.725,1,0,0,0,0.0,128.442,154.153,742.051,32.028,29.515,1.0,0.0,0.0,0.0,0.0
00:07:22.463,1705285656166,115.506,163.65,102.609,172.864,755.952,34.707,27.746,1,0,0,0,0.0,128.404,154.436,767.608,33.032,29.603,1.0,0.0,0.0,0.0,0.0
00:07:22.479,1705285656182,115.415,163.625,102.527,172.966,749.346,34.68,27.525,1,0,0,0,0.0,128.404,154.436,767.608,33.032,29.603,1.0,0.0,0.0,0.0,0.0
00:07:22.496,1705285656199,115.431,163.613,102.522,172.839,751.688,34.531,27.73,1,0,0,0,0.0,128.303,154.283,759.397,32.853,29.446,1.0,0.0,0.0,0.0,0.0
00:07:22.513,1705285656216,115.377,163.75,102.415,173.113,762.492,35.1,27.673,1,0,0,0,0.0,128.339,154.386,751.042,32.469,29.466,1.0,0.0,0.0,0.0,0.0
00:07:22.529,1705285656232,115.239,163.905,102.408,172.952,766.73,35.129,27.804,1,0,0,0,0.0,128.339,154.386,751.042,32.469,29.466,1.0,0.0,0.0,0.0,0.0
00:07:22.546,1705285656249,115.423,163.633,102.426,173.168,760.808,35.116,27.599,1,0,0,0,0.0,128.069,154.859,781.72,33.613,29.626,1.0,0.0,0.0,0.0,0.0
00:07:22.563,1705285656266,115.358,163.615,102.296,173.131,771.435,35.406,27.756,1,0,0,0,0.0,128.42,154.099,743.099,32.117,29.474,1.0,0.0,0.0,0.0,0.0
00:07:22.579,1705285656282,115.347,163.486,102.544,172.674,748.289,34.614,27.539,1,0,0,0,0.0,128.42,154.099,743.099,32.117,29.474,1.0,0.0,0.0,0.0,0.0
00:07:22.596,1705285656299,115.211,163.749,102.262,173.098,777.168,35.514,27.877,1,0,0,0,0.0,128.15,154.298,762.184,32.827,29.577,1.0,0.0,0.0,0.0,0.0
00:07:22.613,1705285656316,115.293,163.664,102.425,172.93,762.787,35.08,27.7,1,0,0,0,0.0,128.16,154.399,756.234,32.814,29.358,1.0,0.0,0.0,0.0,0.0
00:07:22.629,1705285656332,115.132,163.674,102.275,173.113,779.701,35.681,27.837,1,0,0,0,0.0,128.16,154.399,756.234,32.814,29.358,1.0,0.0,0.0,0.0,0.0
00:07:22.646,1705285656349,115.209,163.619,102.269,172.967,773.47,35.406,27.829,1,0,0,0,0.0,127.99,154.234,753.945,33.209,28.921,1.0,0.0,0.0,0.0,0.0
00:07:22.663,1705285656366,115.193,163.583,102.237,172.895,777.085,35.642,27.774,1,0,0,0,0.0,128.149,154.271,748.701,32.421,29.418,1.0,0.0,0.0,0.0,0.0
00:07:22.679,1705285656382,115.327,163.348,102.354,172.612,766.855,35.074,27.852,1,0,0,0,0.0,128.149,154.271,748.701,32.421,29.418,1.0,0.0,0.0,0.0,0.0
00:07:22.696,1705285656399,115.113,163.65,102.153,172.882,783.03,35.899,27.786,1,0,0,0,0.0,128.3,154.084,741.531,32.076,29.45,1.0,0.0,0.0,0.0,0.0
00:07:22.713,1705285656416,115.22,163.504,102.367,172.591,765.519,35.043,27.828,1,0,0,0,0.0,128.073,154.418,747.533,32.621,29.192,1.0,0.0,0.0,0.0,0.0
00:07:22.729,1705285656432,115.119,163.523,102.263,172.731,773.973,35.393,27.857,1,0,0,0,0.0,128.073,154.418,747.533,32.621,29.192,1.0,0.0,0.0,0.0,0.0
00:07:22.746,1705285656449,115.129,163.483,102.188,172.769,775.712,35.441,27.882,1,0,0,0,0.0,127.975,154.314,757.644,32.818,29.41,1.0,0.0,0.0,0.0,0.0
00:07:22.763,1705285656466,115.105,163.553,102.14,172.909,779.512,35.646,27.857,1,0,0,0,0.0,128.07,154.197,755.673,32.706,29.433,1.0,0.0,0.0,0.0,0.0
00:07:22.779,1705285656482,115.0,163.548,102.15,172.838,772.342,35.347,27.834,1,0,0,0,0.0,128.07,154.197,755.673,32.706,29.433,1.0,0.0,0.0,0.0,0.0
00:07:22.796,1705285656499,114.596,164.047,101.706,173.367,770.18,35.574,27.58,1,0,0,0,0.0,127.849,154.259,752.096,32.683,29.315,1.0,0.0,0.0,0.0,0.0
00:07:22.813,1705285656516,114.608,164.006,101.729,173.286,776.608,35.488,27.877,1,0,0,0,0.0,127.487,154.727,759.882,32.852,29.466,1.0,0.0,0.0,0.0,0.0
00:07:22.829,1705285656532,114.527,163.851,101.736,173.205,774.46,35.626,27.692,1,0,0,0,0.0,127.487,154.727,759.882,32.852,29.466,1.0,0.0,0.0,0.0,0.0
00:07:22.846,1705285656549,114.587,164.008,101.65,173.367,777.91,35.63,27.813,1,0,0,0,0.0,127.317,154.497,743.581,32.743,28.93,1.0,0.0,0.0,0.0,0.0
00:07:22.863,1705285656566,114.545,163.93,101.66,173.285,776.355,35.595,27.784,1,0,0,0,0.0,127.523,154.648,746.949,32.462,29.312,1.0,0.0,0.0,0.0,0.0
00:07:22.879,1705285656582,114.582,163.949,101.682,173.286,777.609,35.676,27.766,1,0,0,0,0.0,127.429,154.575,746.193,32.501,29.247,1.0,0.0,0.0,0.0,0.0
00:07:22.896,1705285656599,114.588,163.931,101.76,173.239,777.64,35.551,27.865,1,0,0,0,0.0,127.483,154.612,754.23,32.642,29.435,1.0,0.0,0.0,0.0,0.0
00:07:22.913,1705285656616,114.601,163.983,101.636,173.495,778.599,35.718,27.769,1,0,0,0,0.0,127.416,154.623,749.156,32.639,29.24,1.0,0.0,0.0,0.0,0.0
00:07:22.929,1705285656632,114.591,163.824,101.75,173.081,772.73,35.294,27.891,1,0,0,0,0.0,127.566,154.471,749.927,32.3,29.576,1.0,0.0,0.0,0.0,0.0
00:07:22.946,1705285656649,114.532,163.979,101.729,173.244,778.879,35.762,27.744,1,0,0,0,0.0,127.432,154.566,749.837,32.697,29.214,1.0,0.0,0.0,0.0,0.0
00:07:22.963,1705285656666,114.596,163.905,101.762,173.221,775.858,35.415,27.907,1,0,0,0,0.0,127.334,154.714,765.107,33.423,29.162,1.0,0.0,0.0,0.0,0.0
00:07:22.979,1705285656682,114.624,163.843,101.682,173.322,788.427,35.943,27.943,1,0,0,0,0.0,127.429,154.589,750.9,32.807,29.157,1.0,0.0,0.0,0.0,0.0
00:07:22.996,1705285656699,114.6,163.883,101.665,173.211,779.479,35.568,27.918,1,0,0,0,0.0,127.566,154.364,737.153,32.503,28.891,1.0,0.0,0.0,0.0,0.0
00:07:23.013,1705285656716,114.61,163.939,101.659,173.397,786.575,35.932,27.886,1,0,0,0,0.0,127.536,154.555,752.802,32.578,29.437,1.0,0.0,0.0,0.0,0.0
00:07:23.029,1705285656732,114.552,163.974,101.659,173.397,786.575,35.932,27.886,1,0,0,0,0.0,127.56,154.481,747.086,32.538,29.249,1.0,0.0,0.0,0.0,0.0
00:07:23.046,1705285656749,114.589,163.806,101.647,173.379,782.273,35.866,27.784,1,0,0,0,0.0,127.446,154.551,744.826,32.688,29.027,1.0,0.0,0.0,0.0,0.0
00:07:23.063,1705285656766,114.581,163.881,101.616,173.208,783.809,35.753,27.927,1,0,0,0,0.0,127.532,154.233,735.204,32.086,29.189,1.0,0.0,0.0,0.0,0.0
00:07:23.079,1705285656782,114.447,163.894,101.616,173.208,783.809,35.753,27.927,1,0,0,0,0.0,127.545,154.553,752.465,32.626,29.38,1.0,0.0,0.0,0.0,0.0
00:07:23.096,1705285656799,114.533,163.905,101.633,173.229,775.436,35.505,27.822,1,0,0,0,0.0,127.278,154.58,756.255,33.363,28.876,1.0,0.0,0.0,0.0,0.0
00:07:23.113,1705285656816,114.446,164.158,101.628,173.438,788.735,35.903,27.986,1,0,0,0,0.0,127.433,154.581,747.036,32.643,29.153,1.0,0.0,0.0,0.0,0.0
00:07:23.129,1705285656832,114.482,163.995,101.628,173.438,788.735,35.903,27.986,1,0,0,0,0.0,127.264,154.878,766.727,33.386,29.256,1.0,0.0,0.0,0.0,0.0
00:07:23.146,1705285656849,114.506,163.923,101.619,173.382,788.629,35.85,28.023,1,0,0,0,0.0,127.337,154.552,746.534,32.613,29.16,1.0,0.0,0.0,0.0,0.0
00:07:23.163,1705285656866,114.536,163.702,101.692,173.184,785.946,35.804,27.963,1,0,0,0,0.0,127.393,154.463,745.927,32.521,29.219,1.0,0.0,0.0,0.0,0.0
00:07:23.179,1705285656882,114.552,163.943,101.692,173.184,785.946,35.804,27.963,1,0,0,0,0.0,127.379,154.22,728.215,32.305,28.716,1.0,0.0,0.0,0.0,0.0
00:07:23.196,1705285656899,114.528,163.938,101.651,173.142,796.507,36.08,28.123,1,0,0,0,0.0,127.412,154.702,748.874,32.68,29.191,1.0,0.0,0.0,0.0,0.0
00:07:23.213,1705285656916,114.447,164.017,101.658,173.296,790.303,35.764,28.15,1,0,0,0,0.0,127.406,154.735,757.035,33.05,29.179,1.0,0.0,0.0,0.0,0.0
00:07:23.229,1705285656932,114.46,164.058,101.658,173.296,790.303,35.764,28.15,1,0,0,0,0.0,127.235,154.739,763.024,33.15,29.321,1.0,0.0,0.0,0.0,0.0
00:07:23.246,1705285656949,114.415,163.921,101.467,173.355,795.453,36.058,28.103,1,0,0,0,0.0,127.262,154.821,764.88,33.323,29.241,1.0,0.0,0.0,0.0,0.0
00:07:23.263,1705285656966,114.505,163.826,101.541,173.216,799.154,36.21,28.115,1,0,0,0,0.0,127.363,154.486,747.711,32.656,29.167,1.0,0.0,0.0,0.0,0.0
00:07:23.279,1705285656982,114.501,163.806,101.541,173.216,799.154,36.21,28.115,1,0,0,0,0.0,127.469,154.437,740.404,32.172,29.318,1.0,0.0,0.0,0.0,0.0
00:07:23.296,1705285656999,114.267,163.9,101.436,173.243,808.461,36.604,28.136,1,0,0,0,0.0,127.462,154.396,743.645,32.311,29.319,1.0,0.0,0.0,0.0,0.0
00:07:23.313,1705285657016,114.377,163.941,101.442,173.205,804.022,36.242,28.261,1,0,0,0,0.0,127.099,154.556,760.209,33.278,29.101,1.0,0.0,0.0,0.0,0.0
00:07:23.329,1705285657032,114.344,163.876,101.442,173.205,804.022,36.242,28.261,1,0,0,0,0.0,127.313,154.676,755.041,32.925,29.213,1.0,0.0,0.0,0.0,0.0
00:07:23.346,1705285657049,114.383,163.84,101.463,173.149,802.212,36.325,28.133,1,0,0,0,0.0,127.246,154.546,754.932,32.932,29.203,1.0,0.0,0.0,0.0,0.0
00:07:23.363,1705285657066,114.39,163.715,101.41,173.146,808.193,36.356,28.319,1,0,0,0,0.0,127.303,154.532,757.117,32.922,29.296,1.0,0.0,0.0,0.0,0.0
00:07:23.379,1705285657082,114.353,163.856,101.41,173.146,808.193,36.356,28.319,1,0,0,0,0.0,127.37,154.284,735.291,32.123,29.159,1.0,0.0,0.0,0.0,0.0
00:07:23.396,1705285657099,114.302,163.892,101.423,173.079,798.025,35.946,28.281,1,0,0,0,0.0,127.297,154.567,756.952,32.926,29.286,1.0,0.0,0.0,0.0,0.0
00:07:23.413,1705285657116,114.236,163.943,101.341,173.259,797.744,36.024,28.21,1,0,0,0,0.0,127.18,154.705,763.641,33.422,29.106,1.0,0.0,0.0,0.0,0.0
00:07:23.429,1705285657132,114.231,163.935,101.341,173.259,797.744,36.024,28.21,1,0,0,0,0.0,127.131,154.626,771.555,33.307,29.509,1.0,0.0,0.0,0.0,0.0
00:07:23.446,1705285657149,114.337,163.806,101.332,173.286,800.636,36.241,28.143,1,0,0,0,0.0,127.121,154.61,767.195,33.313,29.337,1.0,0.0,0.0,0.0,0.0
00:07:23.463,1705285657166,114.267,163.859,101.316,173.215,799.766,36.149,28.183,1,0,0,0,0.0,127.342,154.327,747.911,32.624,29.204,1.0,0.0,0.0,0.0,0.0
00:07:23.479,1705285657182,114.27,163.938,101.316,173.215,799.766,36.149,28.183,1,0,0,0,0.0,127.219,154.503,765.004,33.046,29.49,1.0,0.0,0.0,0.0,0.0
00:07:23.496,1705285657199,114.206,163.824,101.287,173.255,801.415,36.209,28.195,1,0,0,0,0.0,127.224,154.661,765.934,32.99,29.576,1.0,0.0,0.0,0.0,0.0
00:07:23.513,1705285657216,114.112,164.015,101.257,173.283,792.791,35.957,28.087,1,0,0,0,0.0,127.124,154.394,751.148,32.638,29.318,1.0,0.0,0.0,0.0,0.0
00:07:23.529,1705285657232,114.264,163.918,101.257,173.283,792.791,35.957,28.087,1,0,0,0,0.0,126.968,154.746,773.994,33.628,29.32,1.0,0.0,0.0,0.0,0.0
00:07:23.546,1705285657249,114.179,164.075,101.298,173.374,805.367,36.34,28.232,1,0,0,0,0.0,127.271,154.552,745.183,32.637,29.086,1.0,0.0,0.0,0.0,0.0
00:07:23.563,1705285657266,114.203,163.969,101.282,173.385,797.209,36.061,28.162,1,0,0,0,0.0,127.061,154.775,768.212,33.278,29.407,1.0,0.0,0.0,0.0,0.0
00:07:23.579,1705285657282,114.215,164.017,101.282,173.385,797.209,36.061,28.162,1,0,0,0,0.0,127.124,154.553,748.028,32.422,29.39,1.0,0.0,0.0,0.0,0.0
00:07:23.596,1705285657299,114.237,163.918,101.273,173.378,806.023,36.619,28.04,1,0,0,0,0.0,127.148,154.648,762.4,32.798,29.612,1.0,0.0,0.0,0.0,0.0
00:07:23.613,1705285657316,114.146,164.099,101.288,173.462,806.265,36.44,28.186,1,0,0,0,0.0,127.201,154.457,745.697,32.336,29.377,1.0,0.0,0.0,0.0,0.0
00:07:23.629,1705285657332,114.221,164.063,101.288,173.462,806.265,36.44,28.186,1,0,0,0,0.0,127.005,154.736,773.126,33.338,29.542,1.0,0.0,0.0,0.0,0.0
00:07:23.646,1705285657349,114.151,164.117,101.31,173.555,805.767,36.423,28.181,1,0,0,0,0.0,127.154,154.664,760.931,33.018,29.358,1.0,0.0,0.0,0.0,0.0
00:07:23.663,1705285657366,114.17,164.095,101.33,173.539,810.578,36.515,28.278,1,0,0,0,0.0,126.992,154.679,774.398,33.54,29.413,1.0,0.0,0.0,0.0,0.0
00:07:23.679,1705285657382,114.175,164.016,101.33,173.539,810.578,36.515,28.278,1,0,0,0,0.0,127.011,154.651,762.761,32.868,29.563,1.0,0.0,0.0,0.0,0.0
00:07:23.696,1705285657399,114.154,164.21,101.323,173.629,811.147,36.535,28.283,1,0,0,0,0.0,127.021,154.493,753.465,32.854,29.215,1.0,0.0,0.0,0.0,0.0
00:07:23.713,1705285657416,114.194,164.054,101.386,173.541,813.243,36.599,28.307,1,0,0,0,0.0,126.985,154.792,769.667,33.299,29.445,1.0,0.0,0.0,0.0,0.0
00:07:23.729,1705285657432,114.179,164.192,101.361,173.533,810.028,36.714,28.106,1,0,0,0,0.0,127.003,154.567,758.781,32.839,29.434,1.0,0.0,0.0,0.0,0.0
00:07:23.746,1705285657449,114.167,164.032,101.329,173.452,814.717,36.679,28.296,1,0,0,0,0.0,126.997,154.852,769.424,33.215,29.51,1.0,0.0,0.0,0.0,0.0
00:07:23.763,1705285657466,114.204,164.156,101.376,173.638,809.915,36.512,28.258,1,0,0,0,0.0,127.005,154.613,766.744,33.059,29.545,1.0,0.0,0.0,0.0,0.0
00:07:23.779,1705285657482,114.112,164.09,101.346,173.485,810.658,36.521,28.277,1,0,0,0,0.0,127.033,154.675,774.147,33.303,29.613,1.0,0.0,0.0,0.0,0.0
00:07:23.796,1705285657499,114.18,164.14,101.372,173.439,809.328,36.617,28.156,1,0,0,0,0.0,126.879,154.694,775.05,33.374,29.584,1.0,0.0,0.0,0.0,0.0
00:07:23.813,1705285657516,114.229,163.916,101.389,173.345,808.935,36.553,28.192,1,0,0,0,0.0,126.987,154.84,773.755,33.276,29.622,1.0,0.0,0.0,0.0,0.0
00:07:23.829,1705285657532,114.197,164.06,101.365,173.573,804.803,36.437,28.137,1,0,0,0,0.0,127.068,154.487,759.59,32.993,29.328,1.0,0.0,0.0,0.0,0.0
00:07:23.846,1705285657549,114.135,164.137,101.361,173.462,811.133,36.629,28.209,1,0,0,0,0.0,127.03,154.546,768.13,33.123,29.541,1.0,0.0,0.0,0.0,0.0
00:07:23.863,1705285657566,114.183,164.121,101.407,173.584,804.594,36.393,28.163,1,0,0,0,0.0,126.909,154.812,770.971,33.293,29.5,1.0,0.0,0.0,0.0,0.0
00:07:23.879,1705285657582,114.094,164.221,101.315,173.545,805.775,36.707,27.963,1,0,0,0,0.0,126.96,154.658,761.464,32.947,29.442,1.0,0.0,0.0,0.0,0.0
00:07:23.896,1705285657599,114.065,164.318,101.3,173.704,798.707,36.223,28.089,1,0,0,0,0.0,126.873,154.898,767.176,33.26,29.384,1.0,0.0,0.0,0.0,0.0
00:07:23.913,1705285657616,114.028,164.264,101.207,173.733,803.374,36.603,27.96,1,0,0,0,0.0,126.83,154.933,763.528,33.248,29.254,1.0,0.0,0.0,0.0,0.0
00:07:23.929,1705285657632,114.004,164.371,101.211,173.703,798.596,36.296,28.029,1,0,0,0,0.0,126.848,154.794,759.414,32.941,29.368,1.0,0.0,0.0,0.0,0.0
00:07:23.946,1705285657649,114.013,164.264,101.232,173.75,800.591,36.426,27.998,1,0,0,0,0.0,126.797,155.039,764.042,33.116,29.391,1.0,0.0,0.0,0.0,0.0
00:07:23.963,1705285657666,114.093,164.334,101.211,173.706,793.019,36.057,28.017,1,0,0,0,0.0,126.794,154.777,751.041,32.799,29.169,1.0,0.0,0.0,0.0,0.0
00:07:23.979,1705285657682,113.971,164.315,101.207,173.718,796.099,36.324,27.919,1,0,0,0,0.0,126.975,154.961,736.456,32.573,28.802,1.0,0.0,0.0,0.0,0.0
00:07:23.996,1705285657699,114.118,164.233,101.208,173.693,793.236,36.137,27.963,1,0,0,0,0.0,126.735,154.911,753.726,33.132,28.98,1.0,0.0,0.0,0.0,0.0
00:07:24.013,1705285657716,114.025,164.289,101.185,173.731,792.706,36.305,27.815,1,0,0,0,0.0,127.028,154.774,731.922,32.461,28.724,1.0,0.0,0.0,0.0,0.0
00:07:24.029,1705285657732,114.019,164.341,101.193,173.649,789.887,36.074,27.893,1,0,0,0,0.0,126.866,154.846,748.2,32.82,29.041,1.0,0.0,0.0,0.0,0.0
00:07:24.046,1705285657749,114.009,164.255,101.193,173.65,787.334,36.2,27.707,1,0,0,0,0.0,126.845,155.033,735.661,32.517,28.82,1.0,0.0,0.0,0.0,0.0
00:07:24.063,1705285657766,113.98,164.386,101.169,173.733,780.244,35.874,27.706,1,0,0,0,0.0,126.826,154.861,737.705,32.839,28.617,1.0,0.0,0.0,0.0,0.0
00:07:24.079,1705285657782,113.909,164.428,101.187,173.748,786.825,36.049,27.805,1,0,0,0,0.0,126.792,155.04,726.471,32.417,28.548,1.0,0.0,0.0,0.0,0.0
00:07:24.096,1705285657799,113.943,164.364,101.203,173.651,781.264,35.946,27.687,1,0,0,0,0.0,126.63,155.108,738.661,32.684,28.79,1.0,0.0,0.0,0.0,0.0
00:07:24.113,1705285657816,114.012,164.309,101.217,173.679,780.296,35.882,27.702,1,0,0,0,0.0,126.682,155.078,724.47,32.458,28.433,1.0,0.0,0.0,0.0,0.0
00:07:24.129,1705285657832,113.858,164.364,101.13,173.688,783.215,35.957,27.747,1,0,0,0,0.0,126.808,154.938,714.352,32.24,28.226,1.0,0.0,0.0,0.0,0.0
00:07:24.146,1705285657849,114.048,164.24,101.175,173.751,771.154,35.703,27.515,1,0,0,0,0.0,126.585,155.041,720.36,31.99,28.686,1.0,0.0,0.0,0.0,0.0
00:07:24.163,1705285657866,116.591,163.069,101.713,173.188,765.624,35.303,27.627,1,0,0,0,0.0,126.921,154.729,717.667,32.33,28.278,1.0,0.0,0.0,0.0,0.0
00:07:24.179,1705285657882,123.272,159.709,105.961,170.944,762.438,32.855,29.562,0,4250,1,0,0.0,131.47,152.95,675.378,31.309,27.479,0.0,4250.0,1.0,0.0,0.0
00:07:24.196,1705285657899,131.695,157.151,112.085,167.895,754.605,33.152,28.996,0,0,1,0,0.0,140.583,148.475,624.279,30.269,26.274,0.0,0.0,1.0,0.0,0.0
00:07:24.213,1705285657916,146.211,148.518,119.174,167.017,615.342,33.12,23.668,0,0,1,0,0.0,151.306,146.408,565.505,32.358,22.263,0.0,0.0,1.0,0.0,0.0
00:07:24.229,1705285657932,154.639,144.623,127.601,163.122,672.818,33.402,25.66,0,0,1,0,0.0,0.0,0.0,0.0,0.0,0.0,0.0,0.0,0.0,50.0,9.902
00:07:24.246,1705285657949,153.139,151.946,134.563,162.486,571.193,32.483,22.4,0,0,1,0,0.0,0.0,0.0,0.0,0.0,0.0,0.0,0.0,0.0,0.0,0.0
00:07:24.263,1705285657966,156.075,149.053,138.677,159.733,698.517,33.738,26.375,0,0,1,0,0.0,171.715,141.407,447.09,32.827,17.35,0.0,0.0,0.0,0.0,0.0
00:07:24.279,1705285657982,156.886,146.978,141.396,157.089,878.523,38.047,29.415,1,0,0,100,15.559,173.473,138.373,658.57,37.132,22.594,1.0,0.0,0.0,0.0,0.0
00:07:24.296,1705285657999,156.341,145.832,140.726,155.632,971.585,38.781,31.915,1,0,0,0,0.0,172.377,136.868,766.152,36.12,27.021,1.0,0.0,0.0,0.0,0.0
00:07:24.313,1705285658016,156.364,145.249,140.948,154.811,1033.783,38.733,34.0,1,0,0,0,0.0,171.956,136.032,830.905,35.578,29.751,1.0,0.0,0.0,0.0,0.0
00:07:24.329,1705285658032,156.203,145.116,140.836,154.582,1044.026,39.759,33.45,1,0,0,0,0.0,171.78,135.686,859.143,34.69,31.55,1.0,0.0,0.0,0.0,0.0
00:07:24.346,1705285658049,155.951,145.712,140.49,155.079,1011.048,38.655,33.32,1,0,0,0,0.0,171.569,135.65,869.863,34.817,31.826,1.0,0.0,0.0,0.0,0.0
00:07:24.363,1705285658066,155.708,146.029,140.151,155.476,994.52,37.871,33.454,1,0,0,0,0.0,171.412,136.344,849.203,34.677,31.196,1.0,0.0,0.0,0.0,0.0
00:07:24.379,1705285658082,155.663,146.048,140.131,155.512,986.959,38.123,32.979,1,0,0,0,0.0,171.265,136.582,832.684,34.185,31.03,1.0,0.0,0.0,0.0,0.0
00:07:24.396,1705285658099,155.672,146.234,139.979,155.769,966.045,37.952,32.426,1,0,0,0,0.0,171.195,136.584,846.473,34.44,31.31,1.0,0.0,0.0,0.0,0.0
00:07:24.413,1705285658116,155.635,146.362,140.172,155.976,970.255,37.982,32.542,1,0,0,0,0.0,171.364,136.7,832.479,34.091,31.107,1.0,0.0,0.0,0.0,0.0
00:07:24.429,1705285658132,155.583,146.36,140.062,155.873,974.767,38.08,32.608,1,0,0,0,0.0,171.098,136.749,839.473,34.286,31.191,1.0,0.0,0.0,0.0,0.0
00:07:24.446,1705285658149,155.532,146.353,139.981,155.829,968.728,37.731,32.707,1,0,0,0,0.0,171.103,136.847,832.861,34.495,30.758,1.0,0.0,0.0,0.0,0.0
00:07:24.463,1705285658166,155.491,146.387,139.926,155.753,957.358,37.476,32.543,1,0,0,0,0.0,171.083,136.877,832.27,34.363,30.853,1.0,0.0,0.0,0.0,0.0
00:07:24.479,1705285658182,155.492,146.439,139.958,155.81,955.692,37.229,32.701,1,0,0,0,0.0,171.057,137.021,820.559,34.207,30.558,1.0,0.0,0.0,0.0,0.0
00:07:24.496,1705285658199,155.52,146.511,140.043,155.762,950.553,37.184,32.565,1,0,0,0,0.0,171.026,137.067,818.393,34.278,30.414,1.0,0.0,0.0,0.0,0.0
00:07:24.513,1705285658216,155.475,146.402,139.984,155.667,938.28,37.141,32.182,1,0,0,0,0.0,170.996,137.26,810.403,34.127,30.251,1.0,0.0,0.0,0.0,0.0
00:07:24.529,1705285658232,155.422,146.653,139.929,155.783,929.428,36.857,32.124,1,0,0,0,0.0,170.967,137.137,804.692,34.123,30.041,1.0,0.0,0.0,0.0,0.0
00:07:24.546,1705285658249,155.375,146.549,139.919,155.774,917.622,36.529,32.001,1,0,0,0,0.0,170.916,137.523,791.381,34.438,29.273,1.0,0.0,0.0,0.0,0.0
00:07:24.563,1705285658266,155.357,146.725,139.933,155.879,911.603,36.446,31.863,1,0,0,0,0.0,170.831,137.324,789.734,33.903,29.674,1.0,0.0,0.0,0.0,0.0
00:07:24.579,1705285658282,155.376,146.656,139.9,155.886,907.12,36.483,31.674,1,0,0,0,0.0,170.781,137.57,778.503,33.897,29.257,1.0,0.0,0.0,0.0,0.0
00:07:24.596,1705285658299,155.276,146.728,139.918,155.904,900.308,36.357,31.545,1,0,0,0,0.0,170.852,137.426,771.659,33.349,29.476,1.0,0.0,0.0,0.0,0.0
00:07:24.613,1705285658316,155.218,146.722,139.899,155.847,887.67,36.156,31.275,1,0,0,0,0.0,170.635,137.552,770.245,33.463,29.322,1.0,0.0,0.0,0.0,0.0
00:07:24.629,1705285658332,155.209,146.802,139.952,155.957,883.791,35.823,31.428,1,0,0,0,0.0,170.536,137.596,759.769,33.781,28.651,1.0,0.0,0.0,0.0,0.0
00:07:24.646,1705285658349,155.13,146.83,139.94,155.859,866.942,35.609,31.014,1,0,0,0,0.0,170.466,137.646,758.287,33.259,29.044,1.0,0.0,0.0,0.0,0.0
00:07:24.663,1705285658366,155.196,146.737,139.942,155.887,862.838,35.577,30.895,1,0,0,0,0.0,170.321,137.801,740.301,33.477,28.17,1.0,0.0,0.0,0.0,0.0
00:07:24.679,1705285658382,155.105,146.824,139.975,155.837,852.157,35.499,30.58,1,0,0,0,0.0,170.451,137.586,748.348,32.851,29.02,1.0,0.0,0.0,0.0,0.0
00:07:24.696,1705285658399,155.184,146.82,140.106,155.944,846.027,35.106,30.7,1,0,0,0,0.0,170.235,137.811,734.518,33.217,28.169,1.0,0.0,0.0,0.0,0.0
00:07:24.713,1705285658416,155.139,146.826,140.069,155.882,837.408,35.014,30.467,1,0,0,0,0.0,170.262,137.696,736.761,32.834,28.585,1.0,0.0,0.0,0.0,0.0
00:07:24.729,1705285658432,155.96,146.799,140.287,155.87,830.048,34.886,30.31,1,0,0,0,0.0,170.209,137.771,725.656,32.908,28.091,1.0,0.0,0.0,0.0,0.0
00:07:24.746,1705285658449,157.245,146.7,141.96,155.776,814.813,34.644,29.961,1,0,0,0,0.0,171.634,137.728,722.397,32.479,28.334,1.0,0.0,0.0,0.0,0.0
00:07:24.763,1705285658466,157.543,146.71,142.506,155.711,817.74,34.892,29.855,1,0,0,0,0.0,172.531,137.624,714.242,32.676,27.845,1.0,0.0,0.0,0.0,0.0
00:07:24.779,1705285658482,157.646,146.616,142.659,155.673,810.864,34.664,29.799,1,0,0,0,0.0,172.58,137.709,719.976,32.433,28.279,1.0,0.0,0.0,0.0,0.0
00:07:24.796,1705285658499,157.627,146.695,142.668,155.781,805.399,34.43,29.799,1,0,0,0,0.0,172.633,137.558,708.227,32.402,27.844,1.0,0.0,0.0,0.0,0.0
00:07:24.813,1705285658516,157.563,146.66,142.617,155.685,804.479,34.477,29.725,1,0,0,0,0.0,172.586,137.608,709.533,31.992,28.253,1.0,0.0,0.0,0.0,0.0
00:07:24.829,1705285658532,157.497,146.743,142.569,155.819,802.295,34.237,29.852,1,0,0,0,0.0,172.509,137.636,700.667,32.245,27.681,1.0,0.0,0.0,0.0,0.0
00:07:24.846,1705285658549,157.462,146.703,142.551,155.715,786.362,34.019,29.446,1,0,0,0,0.0,172.425,137.668,704.506,31.984,28.06,1.0,0.0,0.0,0.0,0.0
00:07:24.863,1705285658566,157.449,146.708,142.463,155.789,787.588,34.083,29.437,1,0,0,0,0.0,172.374,137.691,691.198,31.85,27.645,1.0,0.0,0.0,0.0,0.0
00:07:24.879,1705285658582,157.433,146.676,142.387,155.768,781.566,33.886,29.381,1,0,0,0,0.0,172.436,137.627,699.614,31.779,28.044,1.0,0.0,0.0,0.0,0.0
00:07:24.896,1705285658599,157.445,146.72,142.483,155.765,777.552,33.871,29.243,1,0,0,0,0.0,172.478,137.585,690.109,31.888,27.569,1.0,0.0,0.0,0.0,0.0
00:07:24.913,1705285658616,157.412,146.67,142.462,155.712,775.509,33.803,29.226,1,0,0,0,0.0,172.408,137.676,692.131,31.668,27.842,1.0,0.0,0.0,0.0,0.0
00:07:24.929,1705285658632,157.395,146.689,142.456,155.786,774.364,33.732,29.244,1,0,0,0,0.0,172.362,137.628,689.281,31.999,27.44,1.0,0.0,0.0,0.0,0.0
00:07:24.946,1705285658649,157.445,146.713,142.493,155.764,767.059,33.504,29.165,1,0,0,0,0.0,172.334,137.593,696.689,31.956,27.772,1.0,0.0,0.0,0.0,0.0
00:07:24.963,1705285658666,157.403,146.784,142.5,155.832,767.958,33.463,29.235,1,0,0,0,0.0,172.396,137.662,686.348,31.774,27.517,1.0,0.0,0.0,0.0,0.0
00:07:24.979,1705285658682,157.383,146.657,142.485,155.692,769.705,33.656,29.133,1,0,0,0,0.0,172.305,137.737,692.483,31.851,27.696,1.0,0.0,0.0,0.0,0.0
00:07:24.996,1705285658699,157.344,146.692,142.395,155.686,758.124,33.515,28.816,1,0,0,0,0.0,172.282,137.621,687.723,31.756,27.588,1.0,0.0,0.0,0.0,0.0
00:07:25.013,1705285658716,157.387,146.657,142.479,155.733,756.506,33.325,28.918,1,0,0,0,0.0,172.293,137.698,690.241,31.749,27.695,1.0,0.0,0.0,0.0,0.0
00:07:25.029,1705285658732,157.353,146.642,142.412,155.646,757.734,33.456,28.851,1,0,0,0,0.0,172.295,137.582,681.482,31.574,27.495,1.0,0.0,0.0,0.0,0.0
00:07:25.046,1705285658749,157.392,146.606,142.506,155.704,759.321,33.498,28.876,1,0,0,0,0.0,172.294,137.639,682.979,31.587,27.544,1.0,0.0,0.0,0.0,0.0
00:07:25.063,1705285658766,157.387,146.537,142.461,155.592,753.123,33.311,28.802,1,0,0,0,0.0,172.278,137.508,683.788,31.563,27.598,1.0,0.0,0.0,0.0,0.0
00:07:25.079,1705285658782,157.379,146.576,142.484,155.632,749.592,33.333,28.647,1,0,0,0,0.0,172.313,137.482,682.484,31.591,27.521,1.0,0.0,0.0,0.0,0.0
00:07:25.096,1705285658799,157.426,146.533,142.542,155.526,752.156,33.365,28.717,1,0,0,0,0.0,172.274,137.521,684.398,31.734,27.473,1.0,0.0,0.0,0.0,0.0
00:07:25.113,1705285658816,157.606,146.528,142.591,155.535,753.277,33.361,28.764,1,0,0,0,0.0,172.31,137.54,679.725,31.795,27.233,1.0,0.0,0.0,0.0,0.0
00:07:25.129,1705285658832,159.294,146.298,143.434,155.436,747.526,33.169,28.709,1,0,0,0,0.0,172.622,137.521,676.005,31.357,27.463,1.0,0.0,0.0,0.0,0.0
00:07:25.146,1705285658849,160.734,145.951,145.687,154.806,745.861,33.781,28.126,1,0,0,0,0.0,175.154,137.161,675.238,31.439,27.36,1.0,0.0,0.0,0.0,0.0
00:07:25.163,1705285658866,160.931,145.883,145.996,154.735,746.366,33.616,28.284,1,0,0,0,0.0,175.78,137.096,680.133,31.536,27.473,1.0,0.0,0.0,0.0,0.0
00:07:25.179,1705285658882,161.045,145.888,146.16,154.72,743.182,33.467,28.288,1,0,0,0,0.0,175.866,137.032,683.778,31.534,27.623,1.0,0.0,0.0,0.0,0.0
00:07:25.196,1705285658899,161.078,145.847,146.218,154.696,752.888,33.483,28.644,1,0,0,0,0.0,175.929,137.056,682.123,31.701,27.411,1.0,0.0,0.0,0.0,0.0
00:07:25.213,1705285658916,161.0,145.885,146.087,154.75,751.175,33.651,28.437,1,0,0,0,0.0,175.938,136.999,681.877,31.524,27.555,1.0,0.0,0.0,0.0,0.0
00:07:25.229,1705285658932,161.042,145.864,146.139,154.706,760.604,33.719,28.735,1,0,0,0,0.0,175.912,137.019,682.36,31.719,27.405,1.0,0.0,0.0,0.0,0.0
00:07:25.246,1705285658949,161.024,145.767,146.102,154.557,752.087,33.787,28.356,1,0,0,0,0.0,175.944,137.022,688.529,31.662,27.703,1.0,0.0,0.0,0.0,0.0
00:07:25.263,1705285658966,161.021,145.789,146.041,154.624,755.484,33.74,28.524,1,0,0,0,0.0,175.946,136.977,683.271,31.681,27.474,1.0,0.0,0.0,0.0,0.0
00:07:25.279,1705285658982,161.036,145.836,146.065,154.632,761.173,33.878,28.622,1,0,0,0,0.0,176.002,136.953,693.848,31.746,27.843,1.0,0.0,0.0,0.0,0.0
00:07:25.296,1705285658999,161.152,145.849,146.256,154.646,769.419,33.856,28.951,1,0,0,0,0.0,176.007,137.04,688.878,31.943,27.473,1.0,0.0,0.0,0.0,0.0
00:07:25.313,1705285659016,161.166,145.892,146.167,154.701,771.295,34.072,28.837,1,0,0,0,0.0,176.049,137.053,696.329,32.056,27.672,1.0,0.0,0.0,0.0,0.0
00:07:25.329,1705285659032,161.219,145.853,146.297,154.676,771.96,33.948,28.968,1,0,0,0,0.0,176.165,137.083,693.226,31.959,27.632,1.0,0.0,0.0,0.0,0.0
00:07:25.346,1705285659049,161.227,145.915,146.269,154.698,771.061,33.956,28.927,1,0,0,0,0.0,176.142,137.03,703.675,32.133,27.897,1.0,0.0,0.0,0.0,0.0
00:07:25.363,1705285659066,161.231,145.882,146.281,154.712,776.269,34.092,29.006,1,0,0,0,0.0,176.185,137.131,700.673,32.127,27.783,1.0,0.0,0.0,0.0,0.0
00:07:25.379,1705285659082,161.281,145.907,146.372,154.71,784.141,34.289,29.132,1,0,0,0,0.0,176.182,137.053,704.954,32.31,27.795,1.0,0.0,0.0,0.0,0.0
00:07:25.396,1705285659099,161.253,145.776,146.278,154.543,779.598,34.408,28.863,1,0,0,0,0.0,176.19,137.105,704.917,32.272,27.825,1.0,0.0,0.0,0.0,0.0
00:07:25.413,1705285659116,161.253,145.747,146.207,154.44,774.091,34.36,28.7,1,0,0,0,0.0,176.229,137.009,710.81,32.297,28.037,1.0,0.0,0.0,0.0,0.0
00:07:25.429,1705285659132,161.325,145.89,146.448,154.698,784.109,34.259,29.157,1,0,0,0,0.0,176.3,137.054,707.445,32.173,28.011,1.0,0.0,0.0,0.0,0.0
00:07:25.446,1705285659149,161.437,145.832,146.555,154.625,787.397,34.253,29.284,1,0,0,0,0.0,176.202,137.082,708.683,32.486,27.79,1.0,0.0,0.0,0.0,0.0
00:07:25.463,1705285659166,161.349,145.824,146.386,154.718,780.476,34.03,29.216,1,0,0,0,0.0,176.319,137.038,703.6,32.094,27.928,1.0,0.0,0.0,0.0,0.0
00:07:25.479,1705285659182,161.443,145.773,146.412,154.498,779.53,34.301,28.951,1,0,0,0,0.0,176.312,136.93,714.355,32.239,28.227,1.0,0.0,0.0,0.0,0.0
00:07:25.496,1705285659199,161.365,145.759,146.369,154.529,780.011,34.42,28.868,1,0,0,0,0.0,176.474,137.048,706.584,32.168,27.981,1.0,0.0,0.0,0.0,0.0
00:07:25.513,1705285659216,161.457,145.89,146.532,154.62,789.899,34.295,29.341,1,0,0,0,0.0,176.362,136.989,717.375,32.484,28.132,1.0,0.0,0.0,0.0,0.0
00:07:25.529,1705285659232,161.428,145.776,146.423,154.524,777.921,34.264,28.922,1,0,0,0,0.0,176.383,137.159,715.697,32.524,28.032,1.0,0.0,0.0,0.0,0.0
00:07:25.546,1705285659249,161.288,145.823,146.398,154.499,776.871,34.305,28.849,1,0,0,0,0.0,176.433,137.028,717.23,32.53,28.087,1.0,0.0,0.0,0.0,0.0
00:07:25.563,1705285659266,160.157,145.872,145.953,154.648,782.936,34.508,28.903,1,0,0,0,0.0,176.179,137.146,720.393,32.542,28.2,1.0,0.0,0.0,0.0,0.0
00:07:25.579,1705285659282,159.265,145.832,144.517,154.668,785.752,34.198,29.27,1,0,0,0,0.0,174.362,137.096,704.139,32.401,27.684,1.0,0.0,0.0,0.0,0.0
00:07:25.596,1705285659299,159.113,145.855,144.318,154.664,778.12,34.071,29.093,1,0,0,0,0.0,174.013,136.996,712.154,32.37,28.026,1.0,0.0,0.0,0.0,0.0
00:07:25.613,1705285659316,159.082,145.851,144.26,154.663,781.861,33.91,29.372,1,0,0,0,0.0,173.909,137.046,704.928,32.357,27.753,1.0,0.0,0.0,0.0,0.0
00:07:25.629,1705285659332,159.052,145.906,144.25,154.773,777.966,34.074,29.085,1,0,0,0,0.0,173.904,137.039,698.445,32.061,27.751,1.0,0.0,0.0,0.0,0.0
00:07:25.646,1705285659349,159.012,145.868,144.204,154.704,779.649,33.904,29.294,1,0,0,0,0.0,173.855,137.038,704.084,32.267,27.797,1.0,0.0,0.0,0.0,0.0
00:07:25.663,1705285659366,159.044,145.941,144.215,154.878,779.769,33.935,29.272,1,0,0,0,0.0,173.821,137.032,706.264,32.098,28.03,1.0,0.0,0.0,0.0,0.0
00:07:25.679,1705285659382,159.012,145.826,144.202,154.734,776.241,33.891,29.177,1,0,0,0,0.0,173.873,137.004,701.55,32.156,27.792,1.0,0.0,0.0,0.0,0.0
00:07:25.696,1705285659399,159.021,145.86,144.212,154.793,773.552,33.969,29.009,1,0,0,0,0.0,173.822,136.918,706.72,32.134,28.016,1.0,0.0,0.0,0.0,0.0
00:07:25.713,1705285659416,159.027,145.863,144.204,154.723,773.366,33.746,29.194,1,0,0,0,0.0,173.83,136.927,702.488,32.146,27.838,1.0,0.0,0.0,0.0,0.0
00:07:25.729,1705285659432,159.092,145.858,144.282,154.772,767.829,33.598,29.113,1,0,0,0,0.0,173.851,137.003,696.332,32.15,27.591,1.0,0.0,0.0,0.0,0.0
00:07:25.746,1705285659449,159.082,145.772,144.205,154.685,767.537,33.709,29.006,1,0,0,0,0.0,173.901,136.945,698.113,32.149,27.662,1.0,0.0,0.0,0.0,0.0
00:07:25.763,1705285659466,159.098,145.796,144.267,154.681,762.847,33.611,28.913,1,0,0,0,0.0,173.959,136.86,687.08,31.896,27.441,1.0,0.0,0.0,0.0,0.0
00:07:25.779,1705285659482,159.09,145.633,144.197,154.486,745.533,33.438,28.402,1,0,0,0,0.0,173.928,136.912,687.481,31.897,27.456,1.0,0.0,0.0,0.0,0.0
00:07:25.796,1705285659499,159.164,145.67,144.328,154.565,755.907,33.497,28.747,1,0,0,0,0.0,173.983,136.78,687.364,31.763,27.567,1.0,0.0,0.0,0.0,0.0
00:07:25.813,1705285659516,159.094,145.708,144.298,154.594,748.633,33.254,28.679,1,0,0,0,0.0,173.999,136.774,691.164,31.809,27.68,1.0,0.0,0.0,0.0,0.0
00:07:25.829,1705285659532,156.632,146.285,143.623,154.797,740.795,33.025,28.575,1,0,0,0,0.0,173.889,136.822,685.697,31.798,27.47,1.0,0.0,0.0,0.0,0.0
00:07:25.846,1705285659549,149.625,147.816,138.438,156.219,726.871,33.401,27.722,0,1567,1,0,0.0,169.642,137.773,652.772,30.864,26.943,0.0,1567.0,1.0,0.0,0.0
00:07:25.863,1705285659566,140.487,150.824,130.572,158.682,706.277,32.516,27.67,0,0,1,0,0.0,160.812,139.413,650.088,30.889,26.81,0.0,0.0,1.0,0.0,0.0
00:07:25.879,1705285659582,133.022,153.586,123.372,161.785,674.792,31.629,27.178,0,0,1,0,0.0,150.401,142.965,656.893,30.244,27.669,0.0,0.0,1.0,0.0,0.0
00:07:25.896,1705285659599,127.298,156.487,117.231,165.024,644.305,31.075,26.412,0,0,1,0,0.0,142.673,145.388,582.377,28.583,25.955,0.0,0.0,1.0,0.0,0.0
00:07:25.913,1705285659616,122.679,158.846,112.557,167.311,619.957,30.67,25.75,0,0,1,0,0.0,137.365,147.951,588.9,28.955,25.909,0.0,0.0,1.0,0.0,0.0
00:07:25.929,1705285659632,119.469,160.553,108.523,169.22,606.5,30.75,25.126,0,0,1,0,0.0,132.802,150.38,612.764,29.093,26.831,0.0,0.0,1.0,0.0,0.0
00:07:25.946,1705285659649,118.541,161.038,106.598,170.124,603.763,30.567,25.162,1,0,0,100,14.93,130.416,151.885,636.953,30.772,26.368,1.0,0.0,0.0,100.0,17.03
00:07:25.963,1705285659666,118.517,160.795,106.12,170.425,608.69,30.689,25.266,1,0,0,0,0.0,130.483,151.952,644.444,30.888,26.579,1.0,0.0,0.0,0.0,0.0
00:07:25.979,1705285659682,118.582,160.8,106.042,170.238,606.106,30.653,25.189,1,0,0,0,0.0,130.914,151.166,619.715,29.839,26.457,1.0,0.0,0.0,0.0,0.0
00:07:25.996,1705285659699,118.639,160.577,105.93,170.192,614.477,30.888,25.342,1,0,0,0,0.0,131.122,151.362,639.303,30.349,26.834,1.0,0.0,0.0,0.0,0.0
00:07:26.013,1705285659716,118.816,160.362,105.828,170.159,616.226,30.773,25.51,1,0,0,0,0.0,131.347,150.961,624.317,29.675,26.801,1.0,0.0,0.0,0.0,0.0
00:07:26.029,1705285659732,118.668,160.324,105.77,170.082,618.748,31.07,25.369,1,0,0,0,0.0,131.803,150.566,610.308,29.094,26.723,1.0,0.0,0.0,0.0,0.0
00:07:26.046,1705285659749,118.822,160.17,105.773,169.969,623.719,31.072,25.571,1,0,0,0,0.0,131.567,150.566,610.331,29.608,26.26,1.0,0.0,0.0,0.0,0.0
00:07:26.063,1705285659766,118.878,160.26,105.768,170.089,620.827,30.854,25.632,1,0,0,0,0.0,131.871,150.37,611.714,29.562,26.36,1.0,0.0,0.0,0.0,0.0
00:07:26.079,1705285659782,118.941,160.144,105.78,169.932,628.075,31.153,25.683,1,0,0,0,0.0,131.988,150.432,619.428,29.344,26.891,1.0,0.0,0.0,0.0,0.0
00:07:26.096,1705285659799,119.032,160.066,105.855,169.875,627.95,31.144,25.685,1,0,0,0,0.0,132.102,150.357,616.973,29.447,26.69,1.0,0.0,0.0,0.0,0.0
00:07:26.113,1705285659816,118.023,161.034,105.77,169.948,628.838,31.276,25.613,1,0,0,0,0.0,132.209,150.257,611.825,29.188,26.702,1.0,0.0,0.0,0.0,0.0
00:07:26.129,1705285659832,116.129,162.391,104.347,171.117,617.739,31.081,25.319,1,0,0,0,0.0,130.277,152.121,643.812,31.119,26.355,1.0,0.0,0.0,0.0,0.0
00:07:26.146,1705285659849,115.338,162.967,103.01,171.99,589.658,30.817,24.375,1,0,0,0,0.0,127.911,153.666,635.573,30.538,26.513,1.0,0.0,0.0,0.0,0.0
00:07:26.163,1705285659866,115.239,163.023,102.725,172.234,590.618,30.488,24.678,1,0,0,0,0.0,127.666,153.943,634.057,30.577,26.416,1.0,0.0,0.0,0.0,0.0
00:07:26.179,1705285659882,115.426,162.87,102.757,172.268,590.402,30.631,24.553,1,0,0,0,0.0,127.753,153.812,643.552,30.647,26.75,1.0,0.0,0.0,0.0,0.0
00:07:26.196,1705285659899,115.383,162.865,102.682,172.092,590.83,30.471,24.7,1,0,0,0,0.0,128.095,153.472,627.681,30.049,26.609,1.0,0.0,0.0,0.0,0.0
00:07:26.213,1705285659916,115.514,162.79,102.731,172.171,593.445,30.529,24.763,1,0,0,0,0.0,128.084,153.637,635.025,30.857,26.216,1.0,0.0,0.0,0.0,0.0
00:07:26.229,1705285659932,115.586,162.716,102.82,172.024,598.569,30.65,24.878,1,0,0,0,0.0,128.298,153.409,641.001,30.524,26.752,1.0,0.0,0.0,0.0,0.0
00:07:26.246,1705285659949,115.729,162.641,102.9,172.016,599.664,30.775,24.822,1,0,0,0,0.0,128.352,153.408,639.281,30.809,26.433,1.0,0.0,0.0,0.0,0.0
00:07:26.263,1705285659966,115.722,162.57,102.919,172.067,602.239,30.645,25.034,1,0,0,0,0.0,128.559,153.266,638.385,30.509,26.656,1.0,0.0,0.0,0.0,0.0
00:07:26.279,1705285659982,115.781,162.674,103.032,171.909,607.659,30.849,25.092,1,0,0,0,0.0,128.524,153.072,628.62,30.332,26.401,1.0,0.0,0.0,0.0,0.0
00:07:26.296,1705285659999,115.828,162.578,103.028,171.998,609.08,30.886,25.121,1,0,0,0,0.0,128.531,153.439,648.921,31.012,26.656,1.0,0.0,0.0,0.0,0.0
00:07:26.313,1705285660016,115.932,162.521,103.121,171.782,615.269,31.033,25.256,1,0,0,0,0.0,128.628,153.158,648.708,30.817,26.816,1.0,0.0,0.0,0.0,0.0
00:07:26.329,1705285660032,115.964,162.419,103.183,171.834,620.083,31.414,25.145,1,0,0,0,0.0,128.744,153.261,646.449,30.732,26.796,1.0,0.0,0.0,0.0,0.0
00:07:26.346,1705285660049,116.052,162.508,103.22,171.801,626.682,31.252,25.545,1,0,0,0,0.0,128.744,153.004,648.86,30.923,26.73,1.0,0.0,0.0,0.0,0.0
00:07:26.363,1705285660066,116.012,162.383,103.237,171.718,631.587,31.587,25.471,1,0,0,0,0.0,128.883,153.214,648.47,31.038,26.615,1.0,0.0,0.0,0.0,0.0
00:07:26.379,1705285660082,116.097,162.366,103.339,171.673,636.431,31.583,25.67,1,0,0,0,0.0,128.786,153.048,668.308,31.391,27.121,1.0,0.0,0.0,0.0,0.0
00:07:26.396,1705285660099,116.124,162.389,103.356,171.617,642.662,31.744,25.79,1,0,0,0,0.0,128.856,153.059,667.424,31.171,27.276,1.0,0.0,0.0,0.0,0.0
00:07:26.413,1705285660116,116.184,162.294,103.369,171.676,646.117,31.94,25.769,1,0,0,0,0.0,128.892,153.161,680.543,31.71,27.339,1.0,0.0,0.0,0.0,0.0
00:07:26.429,1705285660132,116.726,162.285,103.465,171.612,649.815,31.892,25.956,1,0,0,0,0.0,128.999,152.913,671.214,31.396,27.235,1.0,0.0,0.0,0.0,0.0
00:07:26.446,1705285660149,117.16,162.405,104.205,171.657,669.46,32.406,26.317,1,0,0,0,0.0,129.987,152.958,677.807,31.213,27.663,1.0,0.0,0.0,0.0,0.0
00:07:26.463,1705285660166,117.241,162.545,104.317,171.898,677.545,32.376,26.659,1,0,0,0,0.0,130.116,153.153,688.054,31.781,27.579,1.0,0.0,0.0,0.0,0.0
00:07:26.479,1705285660182,117.297,162.366,104.365,171.714,688.423,32.811,26.728,1,0,0,0,0.0,130.165,153.192,700.145,32.121,27.767,1.0,0.0,0.0,0.0,0.0
00:07:26.496,1705285660199,117.388,162.308,104.374,171.8,683.862,32.569,26.748,1,0,0,0,0.0,130.228,153.018,696.881,31.771,27.942,1.0,0.0,0.0,0.0,0.0
00:07:26.513,1705285660216,117.488,162.344,104.34,171.705,690.286,32.881,26.743,1,0,0,0,0.0,130.401,152.816,678.481,31.569,27.379,1.0,0.0,0.0,0.0,0.0
00:07:26.529,1705285660232,117.318,162.419,104.369,171.713,700.773,33.011,27.042,1,0,0,0,0.0,130.637,152.982,698.785,31.623,28.149,1.0,0.0,0.0,0.0,0.0
00:07:26.546,1705285660249,117.32,162.226,104.304,171.604,702.18,32.944,27.152,1,0,0,0,0.0,130.267,153.125,717.769,32.373,28.244,1.0,0.0,0.0,0.0,0.0
00:07:26.563,1705285660266,117.293,162.375,104.365,171.602,706.484,33.23,27.084,1,0,0,0,0.0,130.335,152.848,731.087,32.293,28.84,1.0,0.0,0.0,0.0,0.0
00:07:26.579,1705285660282,117.262,162.25,104.368,171.539,715.018,33.311,27.344,1,0,0,0,0.0,130.221,153.148,732.571,33.078,28.212,1.0,0.0,0.0,0.0,0.0
00:07:26.596,1705285660299,117.259,162.329,104.369,171.616,715.06,33.5,27.191,1,0,0,0,0.0,130.156,152.961,726.901,32.769,28.258,1.0,0.0,0.0,0.0,0.0
00:07:26.613,1705285660316,117.33,162.306,104.418,171.463,714.92,33.401,27.267,1,0,0,0,0.0,130.149,153.043,734.993,33.348,28.077,1.0,0.0,0.0,0.0,0.0
00:07:26.629,1705285660332,117.457,161.695,104.442,171.47,720.155,33.418,27.452,1,0,0,0,0.0,130.242,153.149,740.052,33.097,28.484,1.0,0.0,0.0,0.0,0.0
00:07:26.646,1705285660349,117.347,162.212,104.392,171.501,720.725,33.498,27.408,1,0,0,0,0.0,130.471,151.919,682.216,31.503,27.586,1.0,0.0,0.0,0.0,0.0
00:07:26.663,1705285660366,117.342,162.248,104.38,171.484,719.716,33.465,27.397,1,0,0,0,0.0,130.303,152.924,731.408,32.677,28.513,1.0,0.0,0.0,0.0,0.0
00:07:26.679,1705285660382,117.287,162.232,104.302,171.557,721.827,33.464,27.478,1,0,0,0,0.0,130.305,153.012,734.316,32.859,28.468,1.0,0.0,0.0,0.0,0.0
00:07:26.696,1705285660399,117.356,162.007,104.293,171.603,721.085,33.319,27.57,1,0,0,0,0.0,130.273,152.907,730.398,32.65,28.498,1.0,0.0,0.0,0.0,0.0
00:07:26.713,1705285660416,117.347,162.224,104.292,171.469,718.043,33.476,27.324,1,0,0,0,0.0,130.42,152.411,708.913,31.966,28.251,1.0,0.0,0.0,0.0,0.0
00:07:26.729,1705285660432,117.366,161.997,104.282,171.536,724.28,33.485,27.555,1,0,0,0,0.0,130.403,152.979,723.058,32.425,28.407,1.0,0.0,0.0,0.0,0.0
00:07:26.746,1705285660449,117.376,162.227,104.29,171.487,726.402,33.536,27.593,1,0,0,0,0.0,130.451,152.459,711.871,32.104,28.247,1.0,0.0,0.0,0.0,0.0
00:07:26.763,1705285660466,117.373,162.171,104.291,171.555,725.555,33.467,27.617,1,0,0,0,0.0,130.462,152.966,725.074,32.555,28.372,1.0,0.0,0.0,0.0,0.0
00:07:26.779,1705285660482,117.275,162.353,104.234,171.562,729.598,33.647,27.623,1,0,0,0,0.0,130.456,152.787,721.639,32.19,28.558,1.0,0.0,0.0,0.0,0.0
00:07:26.796,1705285660499,117.215,162.421,104.25,171.571,724.456,33.37,27.656,1,0,0,0,0.0,130.315,153.144,739.028,33.065,28.472,1.0,0.0,0.0,0.0,0.0
00:07:26.813,1705285660516,117.31,162.207,104.183,171.518,724.282,33.498,27.544,1,0,0,0,0.0,130.179,153.27,751.511,33.842,28.289,1.0,0.0,0.0,0.0,0.0
00:07:26.829,1705285660532,117.265,162.299,104.195,171.571,731.202,33.584,27.736,1,0,0,0,0.0,130.438,152.895,731.996,32.507,28.685,1.0,0.0,0.0,0.0,0.0
00:07:26.846,1705285660549,117.294,162.426,104.191,171.582,729.973,33.606,27.67,1,0,0,0,0.0,130.336,153.027,749.513,33.112,28.836,1.0,0.0,0.0,0.0,0.0
00:07:26.863,1705285660566,117.26,162.122,104.204,171.439,737.282,33.835,27.758,1,0,0,0,0.0,130.396,153.27,744.893,33.465,28.355,1.0,0.0,0.0,0.0,0.0
00:07:26.879,1705285660582,117.322,161.974,104.152,171.506,734.601,33.732,27.742,1,0,0,0,0.0,130.315,152.806,730.625,32.704,28.459,1.0,0.0,0.0,0.0,0.0
00:07:26.896,1705285660599,117.319,162.344,104.161,171.487,738.007,33.819,27.799,1,0,0,0,0.0,130.492,152.442,720.138,32.109,28.57,1.0,0.0,0.0,0.0,0.0
00:07:26.913,1705285660616,117.242,162.279,104.187,171.501,737.011,33.841,27.743,1,0,0,0,0.0,130.476,153.201,741.089,33.648,28.057,1.0,0.0,0.0,0.0,0.0
00:07:26.929,1705285660632,117.189,162.264,104.124,171.43,742.008,33.93,27.858,1,0,0,0,0.0,130.297,153.056,755.98,33.501,28.746,1.0,0.0,0.0,0.0,0.0
00:07:26.946,1705285660649,117.195,162.282,104.044,171.537,741.919,34.02,27.782,1,0,0,0,0.0,130.255,153.098,766.871,33.872,28.841,1.0,0.0,0.0,0.0,0.0
00:07:26.963,1705285660666,117.196,162.09,104.051,171.31,749.458,34.283,27.848,1,0,0,0,0.0,130.346,153.027,758.625,33.547,28.807,1.0,0.0,0.0,0.0,0.0
00:07:26.979,1705285660682,117.13,162.265,104.022,171.512,745.467,34.087,27.859,1,0,0,0,0.0,130.341,152.869,752.034,33.213,28.844,1.0,0.0,0.0,0.0,0.0
00:07:26.996,1705285660699,117.147,162.256,104.063,171.471,750.527,34.355,27.83,1,0,0,0,0.0,130.237,153.018,767.559,33.718,28.999,1.0,0.0,0.0,0.0,0.0
00:07:27.013,1705285660716,117.12,162.206,104.001,171.389,754.085,34.361,27.957,1,0,0,0,0.0,130.231,153.041,772.684,33.926,29.014,1.0,0.0,0.0,0.0,0.0
00:07:27.029,1705285660732,117.185,162.127,104.022,171.358,755.069,34.424,27.942,1,0,0,0,0.0,130.238,153.022,770.137,33.831,28.999,1.0,0.0,0.0,0.0,0.0
00:07:27.046,1705285660749,117.153,162.14,104.022,171.312,761.069,34.472,28.125,1,0,0,0,0.0,130.348,152.896,767.366,33.622,29.075,1.0,0.0,0.0,0.0,0.0
00:07:27.063,1705285660766,117.135,162.18,104.032,171.236,768.017,34.802,28.113,1,0,0,0,0.0,130.284,152.967,772.543,33.776,29.137,1.0,0.0,0.0,0.0,0.0
00:07:27.079,1705285660782,117.053,162.138,103.933,171.269,768.912,34.782,28.162,1,0,0,0,0.0,130.238,153.124,779.828,34.229,29.023,1.0,0.0,0.0,0.0,0.0
00:07:27.096,1705285660799,117.105,162.096,103.951,171.323,769.775,34.852,28.137,1,0,0,0,0.0,130.172,153.008,779.527,34.165,29.066,1.0,0.0,0.0,0.0,0.0
00:07:27.113,1705285660816,117.043,162.194,103.903,171.178,774.961,34.837,28.338,1,0,0,0,0.0,130.26,152.869,778.646,33.839,29.312,1.0,0.0,0.0,0.0,0.0
00:07:27.129,1705285660832,117.063,162.167,103.837,171.425,773.423,34.896,28.234,1,0,0,0,0.0,130.183,153.21,789.798,34.521,29.145,1.0,0.0,0.0,0.0,0.0
00:07:27.146,1705285660849,117.112,162.116,103.884,171.368,775.897,34.883,28.335,1,0,0,0,0.0,130.288,152.909,778.29,33.95,29.203,1.0,0.0,0.0,0.0,0.0
00:07:27.163,1705285660866,117.074,162.131,103.839,171.322,783.861,35.21,28.36,1,0,0,0,0.0,130.339,152.864,778.625,33.897,29.262,1.0,0.0,0.0,0.0,0.0
00:07:27.179,1705285660882,117.051,162.16,103.834,171.284,776.172,34.93,28.307,1,0,0,0,0.0,130.309,152.941,778.009,33.874,29.258,1.0,0.0,0.0,0.0,0.0
00:07:27.196,1705285660899,117.036,162.224,103.848,171.423,782.695,35.252,28.284,1,0,0,0,0.0,130.267,153.036,780.525,34.054,29.198,1.0,0.0,0.0,0.0,0.0
00:07:27.213,1705285660916,117.008,162.155,103.821,171.31,784.299,35.168,28.409,1,0,0,0,0.0,130.224,153.024,781.852,34.057,29.245,1.0,0.0,0.0,0.0,0.0
00:07:27.229,1705285660932,116.98,162.109,103.798,171.339,783.217,35.007,28.501,1,0,0,0,0.0,130.195,153.0,789.994,34.368,29.282,1.0,0.0,0.0,0.0,0.0
00:07:27.246,1705285660949,117.015,162.078,103.789,171.302,786.796,35.365,28.341,1,0,0,0,0.0,130.163,152.878,777.382,33.91,29.204,1.0,0.0,0.0,0.0,0.0
00:07:27.263,1705285660966,117.05,162.098,103.837,171.391,784.842,35.023,28.547,1,0,0,0,0.0,130.241,152.854,785.919,33.907,29.527,1.0,0.0,0.0,0.0,0.0
00:07:27.279,1705285660982,117.007,162.071,103.836,171.337,780.565,35.167,28.275,1,0,0,0,0.0,130.262,152.805,776.26,33.735,29.313,1.0,0.0,0.0,0.0,0.0
00:07:27.296,1705285660999,117.005,162.244,103.836,171.413,787.777,35.226,28.488,1,0,0,0,0.0,130.178,152.805,779.652,33.885,29.311,1.0,0.0,0.0,0.0,0.0
00:07:27.313,1705285661016,117.018,162.049,103.873,171.357,787.101,35.421,28.307,1,0,0,0,0.0,130.174,153.074,789.328,34.314,29.303,1.0,0.0,0.0,0.0,0.0
00:07:27.329,1705285661032,117.012,162.046,103.796,171.439,785.841,35.29,28.367,1,0,0,0,0.0,130.163,152.74,783.282,34.016,29.334,1.0,0.0,0.0,0.0,0.0
00:07:27.346,1705285661049,116.988,162.101,103.824,171.315,788.135,35.469,28.306,1,0,0,0,0.0,130.229,152.652,774.846,33.375,29.575,1.0,0.0,0.0,0.0,0.0
00:07:27.363,1705285661066,117.008,162.019,103.838,171.287,779.676,35.064,28.326,1,0,0,0,0.0,130.152,152.888,797.262,34.456,29.475,1.0,0.0,0.0,0.0,0.0
00:07:27.379,1705285661082,116.973,162.232,103.81,171.351,792.845,35.529,28.428,1,0,0,0,0.0,130.178,152.75,785.947,34.062,29.394,1.0,0.0,0.0,0.0,0.0
00:07:27.396,1705285661099,117.116,161.979,103.87,171.346,794.593,35.354,28.631,1,0,0,0,0.0,130.137,153.114,791.557,34.886,28.904,1.0,0.0,0.0,0.0,0.0
00:07:27.413,1705285661116,117.014,162.083,103.86,171.313,795.402,35.703,28.38,1,0,0,0,0.0,130.362,152.611,775.881,33.659,29.365,1.0,0.0,0.0,0.0,0.0
00:07:27.429,1705285661132,117.031,162.063,103.899,171.275,790.714,35.321,28.517,1,0,0,0,0.0,130.169,152.854,789.9,34.417,29.237,1.0,0.0,0.0,0.0,0.0
00:07:27.446,1705285661149,117.206,161.902,103.966,171.276,793.474,35.607,28.388,1,0,0,0,0.0,130.162,152.85,792.193,34.286,29.433,1.0,0.0,0.0,0.0,0.0
00:07:27.463,1705285661166,117.169,161.902,104.056,171.105,791.608,35.458,28.44,1,0,0,0,0.0,130.447,152.528,777.403,33.58,29.492,1.0,0.0,0.0,0.0,0.0
00:07:27.479,1705285661182,117.183,162.073,104.0,171.333,796.094,35.66,28.439,1,0,0,0,0.0,130.282,152.699,791.544,34.155,29.523,1.0,0.0,0.0,0.0,0.0
00:07:27.496,1705285661199,117.161,161.981,104.006,171.176,795.463,35.458,28.578,1,0,0,0,0.0,130.366,152.813,789.485,34.243,29.37,1.0,0.0,0.0,0.0,0.0
00:07:27.513,1705285661216,117.259,161.935,104.005,171.344,803.911,35.776,28.625,1,0,0,0,0.0,130.317,152.785,792.859,34.076,29.64,1.0,0.0,0.0,0.0,0.0
00:07:27.529,1705285661232,117.273,161.843,104.077,171.099,802.527,35.705,28.632,1,0,0,0,0.0,130.514,152.526,775.536,33.56,29.438,1.0,0.0,0.0,0.0,0.0
00:07:27.546,1705285661249,117.192,161.922,104.042,171.162,803.279,35.784,28.596,1,0,0,0,0.0,130.47,152.586,784.958,33.766,29.614,1.0,0.0,0.0,0.0,0.0
00:07:27.563,1705285661266,117.204,161.948,104.038,171.212,802.671,35.678,28.66,1,0,0,0,0.0,130.341,152.682,788.643,34.059,29.497,1.0,0.0,0.0,0.0,0.0
00:07:27.579,1705285661282,117.163,161.96,104.039,171.179,804.759,35.643,28.762,1,0,0,0,0.0,130.371,152.685,793.505,34.224,29.536,1.0,0.0,0.0,0.0,0.0
00:07:27.596,1705285661299,117.223,161.833,104.036,171.136,800.81,35.804,28.492,1,0,0,0,0.0,130.287,152.742,795.027,34.494,29.361,1.0,0.0,0.0,0.0,0.0
00:07:27.613,1705285661316,117.217,161.949,104.033,171.122,800.818,35.626,28.635,1,0,0,0,0.0,130.411,152.53,789.241,33.937,29.626,1.0,0.0,0.0,0.0,0.0
00:07:27.629,1705285661332,117.264,161.801,104.116,171.005,805.426,35.677,28.758,1,0,0,0,0.0,130.401,152.776,798.538,34.456,29.523,1.0,0.0,0.0,0.0,0.0
00:07:27.646,1705285661349,117.269,161.94,104.046,171.173,800.69,35.581,28.666,1,0,0,0,0.0,130.411,152.596,791.419,34.206,29.473,1.0,0.0,0.0,0.0,0.0
00:07:27.663,1705285661366,117.289,161.768,104.143,171.059,798.686,35.587,28.59,1,0,0,0,0.0,130.492,152.708,789.234,34.249,29.355,1.0,0.0,0.0,0.0,0.0
00:07:27.679,1705285661382,117.285,161.849,104.106,171.158,803.215,35.595,28.746,1,0,0,0,0.0,130.435,152.477,783.004,34.014,29.325,1.0,0.0,0.0,0.0,0.0
00:07:27.696,1705285661399,117.355,161.512,104.114,171.019,802.606,35.693,28.645,1,0,0,0,0.0,130.464,152.54,781.105,33.786,29.451,1.0,0.0,0.0,0.0,0.0
00:07:27.713,1705285661416,117.275,161.884,104.081,171.16,802.526,35.608,28.71,1,0,0,0,0.0,130.596,152.004,752.727,33.185,28.896,1.0,0.0,0.0,0.0,0.0
00:07:27.729,1705285661432,117.275,161.956,104.127,171.211,789.652,35.407,28.411,1,0,0,0,0.0,130.47,152.609,778.453,33.84,29.304,1.0,0.0,0.0,0.0,0.0
00:07:27.746,1705285661449,117.245,161.957,104.077,171.143,790.272,35.287,28.529,1,0,0,0,0.0,130.423,152.702,790.707,34.225,29.431,1.0,0.0,0.0,0.0,0.0
00:07:27.763,1705285661466,117.229,161.89,104.001,171.278,803.875,35.902,28.524,1,0,0,0,0.0,130.414,152.771,796.773,34.325,29.57,1.0,0.0,0.0,0.0,0.0
00:07:27.779,1705285661482,117.173,161.975,103.947,171.211,798.985,35.573,28.612,1,0,0,0,0.0,130.456,152.502,777.641,33.854,29.261,1.0,0.0,0.0,0.0,0.0
00:07:27.796,1705285661499,117.213,161.924,103.993,171.231,800.376,35.529,28.697,1,0,0,0,0.0,130.399,152.739,791.054,34.316,29.366,1.0,0.0,0.0,0.0,0.0
00:07:27.813,1705285661516,117.185,161.995,103.983,171.157,792.676,35.435,28.497,1,0,0,0,0.0,130.434,152.616,781.563,34.119,29.181,1.0,0.0,0.0,0.0,0.0
00:07:27.829,1705285661532,117.121,162.003,103.88,171.279,797.693,35.565,28.572,1,0,0,0,0.0,130.387,152.832,793.547,34.412,29.376,1.0,0.0,0.0,0.0,0.0
00:07:27.846,1705285661549,117.19,162.028,103.906,171.157,793.831,35.431,28.541,1,0,0,0,0.0,130.362,152.726,781.319,34.078,29.207,1.0,0.0,0.0,0.0,0.0
00:07:27.863,1705285661566,117.088,162.1,103.89,171.344,797.743,35.675,28.486,1,0,0,0,0.0,130.474,152.899,785.175,34.325,29.14,1.0,0.0,0.0,0.0,0.0
00:07:27.879,1705285661582,117.196,161.89,103.916,171.211,790.815,35.475,28.398,1,0,0,0,0.0,130.286,152.856,785.927,34.509,29.012,1.0,0.0,0.0,0.0,0.0
00:07:27.896,1705285661599,117.155,162.014,103.889,171.261,792.307,35.427,28.49,1,0,0,0,0.0,130.475,152.568,774.46,33.49,29.459,1.0,0.0,0.0,0.0,0.0
00:07:27.913,1705285661616,117.126,161.98,103.93,171.214,795.954,35.708,28.396,1,0,0,0,0.0,130.42,152.768,769.372,33.705,29.079,1.0,0.0,0.0,0.0,0.0
00:07:27.929,1705285661632,117.178,161.971,103.852,171.262,791.479,35.296,28.566,1,0,0,0,0.0,130.322,152.747,783.45,34.082,29.283,1.0,0.0,0.0,0.0,0.0
00:07:27.946,1705285661649,117.125,161.903,103.936,171.184,789.004,35.484,28.326,1,0,0,0,0.0,130.503,152.68,775.499,33.528,29.465,1.0,0.0,0.0,0.0,0.0
00:07:27.963,1705285661666,117.168,161.94,103.83,171.296,793.568,35.475,28.497,1,0,0,0,0.0,130.315,152.622,771.479,34.006,28.9,1.0,0.0,0.0,0.0,0.0
00:07:27.979,1705285661682,117.108,162.064,103.839,171.254,796.397,35.83,28.315,1,0,0,0,0.0,130.506,152.584,767.264,33.202,29.438,1.0,0.0,0.0,0.0,0.0
00:07:27.996,1705285661699,117.129,161.88,103.833,171.207,796.688,35.511,28.58,1,0,0,0,0.0,130.377,152.874,786.428,34.368,29.15,1.0,0.0,0.0,0.0,0.0
00:07:28.013,1705285661716,117.065,162.127,103.775,171.208,794.461,35.645,28.392,1,0,0,0,0.0,130.425,152.554,767.088,33.353,29.298,1.0,0.0,0.0,0.0,0.0
00:07:28.029,1705285661732,117.118,161.922,103.824,171.068,794.376,35.379,28.603,1,0,0,0,0.0,130.356,153.046,808.137,34.759,29.618,1.0,0.0,0.0,0.0,0.0
00:07:28.046,1705285661749,117.182,161.926,103.838,171.186,786.422,35.248,28.422,1,0,0,0,0.0,130.411,152.775,769.48,33.71,29.078,1.0,0.0,0.0,0.0,0.0
00:07:28.063,1705285661766,116.983,162.131,103.704,171.315,796.637,35.277,28.767,1,0,0,0,0.0,130.526,152.666,761.072,33.525,28.919,1.0,0.0,0.0,0.0,0.0
00:07:28.079,1705285661782,116.99,162.009,103.655,171.296,798.312,35.705,28.482,1,0,0,0,0.0,130.262,152.946,786.017,34.184,29.291,1.0,0.0,0.0,0.0,0.0
00:07:28.096,1705285661799,117.015,162.045,103.711,171.257,795.576,35.419,28.614,1,0,0,0,0.0,130.325,152.722,781.578,33.941,29.335,1.0,0.0,0.0,0.0,0.0
00:07:28.113,1705285661816,116.953,162.143,103.727,171.261,800.059,35.713,28.539,1,0,0,0,0.0,130.318,152.832,781.784,34.16,29.154,1.0,0.0,0.0,0.0,0.0
00:07:28.129,1705285661832,116.955,162.064,103.674,171.197,798.745,35.426,28.722,1,0,0,0,0.0,130.179,153.026,795.93,34.735,29.19,1.0,0.0,0.0,0.0,0.0
00:07:28.146,1705285661849,117.008,162.032,103.73,171.25,797.91,35.557,28.587,1,0,0,0,0.0,130.236,152.93,791.373,34.389,29.315,1.0,0.0,0.0,0.0,0.0
00:07:28.163,1705285661866,116.977,161.988,103.703,171.154,807.873,35.717,28.814,1,0,0,0,0.0,130.285,152.813,779.639,34.009,29.203,1.0,0.0,0.0,0.0,0.0
00:07:28.179,1705285661882,116.927,162.048,103.634,171.127,803.355,35.726,28.645,1,0,0,0,0.0,130.252,152.822,781.618,33.884,29.385,1.0,0.0,0.0,0.0,0.0
00:07:28.196,1705285661899,116.705,162.253,103.721,171.141,800.291,35.448,28.76,1,0,0,0,0.0,130.219,152.968,786.979,34.386,29.155,1.0,0.0,0.0,0.0,0.0
00:07:28.213,1705285661916,116.328,162.432,103.333,171.487,787.906,35.143,28.56,1,0,0,0,0.0,129.689,153.365,786.354,34.431,29.094,1.0,0.0,0.0,0.0,0.0
00:07:28.229,1705285661932,116.351,162.372,103.17,171.439,791.41,35.216,28.628,1,0,0,0,0.0,129.322,153.378,781.934,34.166,29.155,1.0,0.0,0.0,0.0,0.0
00:07:28.246,1705285661949,116.138,162.605,102.928,171.843,791.265,35.39,28.482,1,0,0,0,0.0,129.531,153.306,779.753,34.026,29.192,1.0,0.0,0.0,0.0,0.0
00:07:28.263,1705285661966,116.213,162.433,103.086,171.439,792.761,35.158,28.724,1,0,0,0,0.0,129.347,153.367,782.47,34.225,29.124,1.0,0.0,0.0,0.0,0.0
00:07:28.279,1705285661982,116.191,162.499,102.973,171.62,796.337,35.368,28.683,1,0,0,0,0.0,129.339,153.427,785.445,34.262,29.203,1.0,0.0,0.0,0.0,0.0
00:07:28.296,1705285661999,116.149,162.456,102.948,171.516,800.575,35.65,28.607,1,0,0,0,0.0,129.409,153.378,785.326,34.361,29.114,1.0,0.0,0.0,0.0,0.0
00:07:28.313,1705285662016,116.126,162.474,102.987,171.696,797.447,35.303,28.776,1,0,0,0,0.0,129.349,153.396,778.808,34.122,29.075,1.0,0.0,0.0,0.0,0.0
00:07:28.329,1705285662032,116.17,162.36,102.99,171.371,795.788,35.309,28.71,1,0,0,0,0.0,129.265,153.251,784.537,34.181,29.239,1.0,0.0,0.0,0.0,0.0
00:07:28.346,1705285662049,116.134,162.425,102.983,171.48,797.521,35.366,28.727,1,0,0,0,0.0,129.35,153.349,780.923,34.117,29.159,1.0,0.0,0.0,0.0,0.0
00:07:28.363,1705285662066,116.178,162.296,103.047,171.28,796.708,35.332,28.725,1,0,0,0,0.0,129.285,153.37,790.378,34.273,29.378,1.0,0.0,0.0,0.0,0.0
00:07:28.379,1705285662082,116.196,162.393,103.07,171.447,792.529,35.092,28.77,1,0,0,0,0.0,129.308,153.311,788.867,34.236,29.353,1.0,0.0,0.0,0.0,0.0
00:07:28.396,1705285662099,116.094,162.354,102.899,171.388,803.063,35.489,28.826,1,0,0,0,0.0,129.323,153.338,793.293,34.34,29.428,1.0,0.0,0.0,0.0,0.0
00:07:28.413,1705285662116,116.079,162.346,102.889,171.401,796.374,35.252,28.778,1,0,0,0,0.0,129.288,153.319,793.051,34.267,29.482,1.0,0.0,0.0,0.0,0.0
00:07:28.429,1705285662132,115.976,162.296,102.825,171.378,799.426,35.497,28.689,1,0,0,0,0.0,129.269,153.291,787.276,34.185,29.337,1.0,0.0,0.0,0.0,0.0
00:07:28.446,1705285662149,115.969,162.452,102.778,171.58,800.936,35.433,28.795,1,0,0,0,0.0,129.126,153.215,794.776,34.243,29.567,1.0,0.0,0.0,0.0,0.0
00:07:28.463,1705285662166,115.983,162.448,102.786,171.616,803.908,35.909,28.519,1,0,0,0,0.0,129.16,153.324,799.1,34.382,29.607,1.0,0.0,0.0,0.0,0.0
00:07:28.479,1705285662182,116.118,162.521,102.624,171.573,811.214,35.849,28.827,1,0,0,0,0.0,129.18,153.28,787.742,34.162,29.375,1.0,0.0,0.0,0.0,0.0
00:07:28.496,1705285662199,119.08,160.563,103.582,171.266,815.842,35.668,29.138,1,0,0,0,0.0,129.613,153.469,793.029,34.325,29.431,1.0,0.0,0.0,0.0,0.0
00:07:28.513,1705285662216,127.367,157.449,108.885,168.287,886.541,36.578,30.875,0,2567,1,0,0.0,134.578,149.861,714.402,32.877,27.681,0.0,2567.0,1.0,0.0,0.0
00:07:28.529,1705285662232,136.201,153.09,117.767,164.238,905.741,36.093,31.967,0,0,1,0,0.0,145.849,146.611,802.6,32.8,31.171,0.0,0.0,1.0,0.0,0.0
00:07:28.546,1705285662249,145.958,149.565,127.497,160.153,925.302,36.637,32.173,0,0,1,0,0.0,154.635,141.941,787.953,32.869,30.539,0.0,0.0,1.0,0.0,0.0
00:07:28.563,1705285662266,154.137,147.055,135.806,157.105,951.258,37.092,32.67,0,0,1,0,0.0,164.42,138.977,815.635,33.506,31.01,0.0,0.0,1.0,0.0,0.0
00:07:28.579,1705285662282,159.329,146.084,142.996,155.524,1002.987,37.311,34.244,0,0,1,0,0.0,172.469,137.005,858.288,34.533,31.662,0.0,0.0,1.0,0.0,0.0
00:07:28.596,1705285662299,160.393,145.832,145.558,154.767,1109.623,40.874,34.583,1,0,0,83,16.86,175.661,136.644,936.037,37.875,31.483,1.0,0.0,0.0,83.0,18.099
00:07:28.613,1705285662316,160.022,146.01,145.14,154.876,1113.802,40.441,35.084,1,0,0,0,0.0,175.227,136.897,934.234,37.191,32.0,1.0,0.0,0.0,0.0,0.0
00:07:28.629,1705285662332,159.614,146.057,144.712,155.375,1098.301,39.002,35.873,1,0,0,0,0.0,174.905,137.144,915.571,36.822,31.675,1.0,0.0,0.0,0.0,0.0
00:07:28.646,1705285662349,159.186,145.913,143.994,154.759,1067.041,39.821,34.135,1,0,0,0,0.0,174.515,136.738,947.814,37.098,32.546,1.0,0.0,0.0,0.0,0.0
00:07:28.663,1705285662366,158.913,146.124,143.813,155.247,1077.279,38.893,35.285,1,0,0,0,0.0,174.379,137.068,912.0,36.306,32.0,1.0,0.0,0.0,0.0,0.0
00:07:28.679,1705285662382,158.954,146.098,143.798,155.095,1089.881,39.327,35.303,1,0,0,0,0.0,174.013,137.002,925.037,36.652,32.151,1.0,0.0,0.0,0.0,0.0
00:07:28.696,1705285662399,158.828,146.093,143.606,155.137,1081.416,39.253,35.095,1,0,0,0,0.0,174.109,137.101,917.446,36.611,31.923,1.0,0.0,0.0,0.0,0.0
00:07:28.713,1705285662416,158.655,145.972,143.309,155.107,1069.431,39.329,34.639,1,0,0,0,0.0,174.05,137.048,920.16,36.613,32.015,1.0,0.0,0.0,0.0,0.0
00:07:28.729,1705285662432,158.536,145.88,143.058,154.782,1042.678,39.292,33.805,1,0,0,0,0.0,174.001,136.837,915.475,35.954,32.437,1.0,0.0,0.0,0.0,0.0
00:07:28.746,1705285662449,158.626,145.963,143.287,154.955,1049.395,39.316,34.001,1,0,0,0,0.0,174.015,136.977,918.736,36.066,32.451,1.0,0.0,0.0,0.0,0.0
00:07:28.763,1705285662466,158.574,146.014,143.244,154.933,1043.682,39.065,34.033,1,0,0,0,0.0,173.965,136.972,911.78,36.173,32.11,1.0,0.0,0.0,0.0,0.0
00:07:28.779,1705285662482,158.55,146.028,143.117,154.948,1021.262,38.307,33.961,1,0,0,0,0.0,173.904,137.096,900.613,35.845,32.007,1.0,0.0,0.0,0.0,0.0
00:07:28.796,1705285662499,158.446,146.118,143.066,154.957,1010.388,38.435,33.488,1,0,0,0,0.0,173.982,137.108,873.96,35.627,31.25,1.0,0.0,0.0,0.0,0.0
00:07:28.813,1705285662516,158.346,146.265,142.937,155.198,992.64,37.564,33.663,1,0,0,0,0.0,173.826,137.279,871.737,35.641,31.157,1.0,0.0,0.0,0.0,0.0
00:07:28.829,1705285662532,158.331,146.079,142.991,154.81,981.372,38.3,32.641,1,0,0,0,0.0,173.755,137.332,856.022,35.604,30.628,1.0,0.0,0.0,0.0,0.0
00:07:28.846,1705285662549,158.519,146.166,143.047,155.002,972.05,37.774,32.781,1,0,0,0,0.0,173.672,137.348,849.693,35.207,30.744,1.0,0.0,0.0,0.0,0.0
00:07:28.863,1705285662566,160.242,145.988,143.856,154.847,946.791,37.331,32.308,1,0,0,0,0.0,173.991,137.331,830.718,34.939,30.289,1.0,0.0,0.0,0.0,0.0
00:07:28.879,1705285662582,161.904,145.778,146.642,154.718,956.843,37.34,32.643,1,0,0,0,0.0,176.627,137.129,814.003,34.983,29.641,1.0,0.0,0.0,0.0,0.0
00:07:28.896,1705285662599,161.897,145.693,146.555,154.413,928.816,37.15,31.849,1,0,0,0,0.0,177.166,136.838,804.669,34.412,29.787,1.0,0.0,0.0,0.0,0.0
00:07:28.913,1705285662616,161.828,145.453,146.536,154.274,911.678,36.932,31.447,1,0,0,0,0.0,177.24,136.973,792.39,34.413,29.333,1.0,0.0,0.0,0.0,0.0
00:07:28.929,1705285662632,161.904,145.641,146.606,154.413,904.35,36.639,31.443,1,0,0,0,0.0,177.119,136.633,789.764,33.741,29.818,1.0,0.0,0.0,0.0,0.0
00:07:28.946,1705285662649,161.708,145.447,146.421,154.227,880.453,36.236,30.953,1,0,0,0,0.0,177.202,136.869,764.847,33.632,28.97,1.0,0.0,0.0,0.0,0.0
00:07:28.963,1705285662666,161.619,145.505,146.286,154.159,868.035,36.867,29.994,1,0,0,0,0.0,176.995,136.667,776.764,33.33,29.688,1.0,0.0,0.0,0.0,0.0
00:07:28.979,1705285662682,161.649,145.512,146.383,154.283,864.776,35.751,30.814,1,0,0,0,0.0,176.952,136.85,757.127,33.326,28.941,1.0,0.0,0.0,0.0,0.0
00:07:28.996,1705285662699,161.64,145.588,146.319,154.3,846.54,35.791,30.13,1,0,0,0,0.0,176.915,136.74,760.276,33.086,29.273,1.0,0.0,0.0,0.0,0.0
00:07:29.013,1705285662716,161.712,145.519,146.481,154.301,850.982,35.834,30.252,1,0,0,0,0.0,176.962,136.876,745.364,33.054,28.726,1.0,0.0,0.0,0.0,0.0
00:07:29.029,1705285662732,161.636,145.526,146.412,154.246,831.678,35.691,29.684,1,0,0,0,0.0,176.942,136.737,751.148,32.923,29.064,1.0,0.0,0.0,0.0,0.0
00:07:29.046,1705285662749,161.622,145.525,146.384,154.282,831.051,35.531,29.796,1,0,0,0,0.0,176.86,136.806,744.195,33.01,28.719,1.0,0.0,0.0,0.0,0.0
00:07:29.063,1705285662766,161.586,145.548,146.35,154.259,818.732,35.347,29.507,1,0,0,0,0.0,176.861,136.767,743.535,32.875,28.812,1.0,0.0,0.0,0.0,0.0
00:07:29.079,1705285662782,161.547,145.456,146.297,154.212,809.01,35.28,29.211,1,0,0,0,0.0,176.823,136.838,735.012,32.928,28.435,1.0,0.0,0.0,0.0,0.0
00:07:29.096,1705285662799,161.624,145.698,146.519,154.501,818.206,35.082,29.71,1,0,0,0,0.0,176.797,136.701,737.4,32.579,28.833,1.0,0.0,0.0,0.0,0.0
00:07:29.113,1705285662816,161.523,145.536,146.368,154.39,812.886,34.991,29.594,1,0,0,0,0.0,176.73,136.895,723.124,32.383,28.447,1.0,0.0,0.0,0.0,0.0
00:07:29.129,1705285662832,160.576,145.517,146.166,154.162,797.364,35.389,28.702,1,0,0,0,0.0,176.679,136.682,727.997,32.707,28.354,1.0,0.0,0.0,0.0,0.0
00:07:29.146,1705285662849,158.721,145.621,144.083,154.449,794.298,34.832,29.049,1,0,0,0,0.0,174.986,136.871,717.597,32.629,28.016,1.0,0.0,0.0,0.0,0.0
00:07:29.163,1705285662866,158.083,145.64,143.094,154.53,787.238,34.391,29.16,1,0,0,0,0.0,173.359,136.793,698.313,32.219,27.61,1.0,0.0,0.0,0.0,0.0
00:07:29.179,1705285662882,158.081,145.679,143.081,154.587,790.121,34.231,29.404,1,0,0,0,0.0,173.071,136.75,703.342,32.016,27.985,1.0,0.0,0.0,0.0,0.0
00:07:29.196,1705285662899,158.099,145.634,143.145,154.586,786.891,34.055,29.435,1,0,0,0,0.0,173.081,136.771,693.788,32.18,27.465,1.0,0.0,0.0,0.0,0.0
00:07:29.213,1705285662916,158.179,145.61,143.198,154.552,786.615,34.123,29.366,1,0,0,0,0.0,173.054,136.681,702.04,31.862,28.069,1.0,0.0,0.0,0.0,0.0
00:07:29.229,1705285662932,158.192,145.568,143.233,154.596,787.828,34.107,29.425,1,0,0,0,0.0,173.159,136.668,695.343,32.159,27.544,1.0,0.0,0.0,0.0,0.0
00:07:29.246,1705285662949,158.227,145.542,143.27,154.461,781.559,33.972,29.307,1,0,0,0,0.0,173.151,136.541,700.607,31.603,28.241,1.0,0.0,0.0,0.0,0.0
00:07:29.263,1705285662966,158.311,145.525,143.391,154.447,781.962,33.973,29.321,1,0,0,0,0.0,173.183,136.623,694.944,32.16,27.527,1.0,0.0,0.0,0.0,0.0
00:07:29.279,1705285662982,158.225,145.56,143.262,154.471,775.52,33.966,29.086,1,0,0,0,0.0,173.23,136.602,697.396,31.892,27.856,1.0,0.0,0.0,0.0,0.0
00:07:29.296,1705285662999,158.281,145.43,143.324,154.481,778.862,33.887,29.279,1,0,0,0,0.0,173.187,136.648,692.134,32.02,27.536,1.0,0.0,0.0,0.0,0.0
00:07:29.313,1705285663016,158.233,145.582,143.249,154.484,776.009,33.936,29.13,1,0,0,0,0.0,173.237,136.379,679.809,32.215,26.882,1.0,0.0,0.0,0.0,0.0
00:07:29.329,1705285663032,158.31,145.466,143.322,154.464,771.242,33.837,29.035,1,0,0,0,0.0,173.218,136.679,687.699,31.955,27.415,1.0,0.0,0.0,0.0,0.0
00:07:29.346,1705285663049,158.2,145.564,143.225,154.466,761.097,33.553,28.896,1,0,0,0,0.0,173.297,136.467,684.14,31.926,27.298,1.0,0.0,0.0,0.0,0.0
00:07:29.363,1705285663066,158.272,145.575,143.342,154.416,771.007,33.935,28.943,1,0,0,0,0.0,173.175,136.661,683.388,32.107,27.115,1.0,0.0,0.0,0.0,0.0
00:07:29.379,1705285663082,158.274,145.457,143.357,154.364,765.363,33.901,28.76,1,0,0,0,0.0,173.203,136.733,679.57,31.801,27.222,1.0,0.0,0.0,0.0,0.0
00:07:29.396,1705285663099,158.365,145.531,143.429,154.413,773.045,33.97,28.989,1,0,0,0,0.0,173.191,136.549,685.096,32.071,27.212,1.0,0.0,0.0,0.0,0.0
00:07:29.413,1705285663116,158.373,145.515,143.456,154.436,763.73,33.797,28.787,1,0,0,0,0.0,173.301,136.649,683.665,31.963,27.247,1.0,0.0,0.0,0.0,0.0
00:07:29.429,1705285663132,158.372,145.541,143.44,154.429,770.757,33.81,29.04,1,0,0,0,0.0,173.291,136.594,684.395,31.813,27.405,1.0,0.0,0.0,0.0,0.0
00:07:29.446,1705285663149,158.406,145.513,143.466,154.398,769.504,33.92,28.899,1,0,0,0,0.0,173.303,136.653,688.473,31.981,27.424,1.0,0.0,0.0,0.0,0.0
00:07:29.463,1705285663166,158.412,145.567,143.442,154.453,771.441,33.855,29.027,1,0,0,0,0.0,173.346,136.628,688.893,32.048,27.383,1.0,0.0,0.0,0.0,0.0
00:07:29.479,1705285663182,158.476,145.47,143.544,154.347,774.089,34.094,28.923,1,0,0,0,0.0,173.381,136.681,688.204,31.906,27.477,1.0,0.0,0.0,0.0,0.0
00:07:29.496,1705285663199,158.446,145.559,143.532,154.43,779.262,33.951,29.239,1,0,0,0,0.0,173.407,136.593,696.086,32.007,27.705,1.0,0.0,0.0,0.0,0.0
00:07:29.513,1705285663216,158.395,145.429,143.413,154.278,776.092,34.173,28.931,1,0,0,0,0.0,173.36,136.689,700.726,32.08,27.825,1.0,0.0,0.0,0.0,0.0
00:07:29.529,1705285663232,158.492,145.557,143.51,154.29,785.066,34.293,29.163,1,0,0,0,0.0,173.376,136.581,702.003,32.298,27.688,1.0,0.0,0.0,0.0,0.0
00:07:29.546,1705285663249,158.536,145.399,143.601,154.305,790.696,34.301,29.365,1,0,0,0,0.0,173.474,136.825,695.743,32.303,27.437,1.0,0.0,0.0,0.0,0.0
00:07:29.563,1705285663266,158.491,145.535,143.592,154.343,798.864,34.47,29.523,1,0,0,0,0.0,173.47,136.493,712.583,32.058,28.316,1.0,0.0,0.0,0.0,0.0
00:07:29.579,1705285663282,158.563,145.299,143.629,154.226,801.213,34.513,29.573,1,0,0,0,0.0,173.391,136.727,706.354,32.243,27.908,1.0,0.0,0.0,0.0,0.0
00:07:29.596,1705285663299,158.807,144.594,143.549,154.256,801.401,34.627,29.482,1,0,0,0,0.0,173.497,136.371,722.552,32.284,28.511,1.0,0.0,0.0,0.0,0.0
00:07:29.613,1705285663316,158.587,145.398,143.632,154.269,809.117,34.666,29.733,1,0,0,0,0.0,174.065,134.932,634.942,34.718,23.297,1.0,0.0,0.0,0.0,0.0
00:07:29.629,1705285663332,158.651,145.465,143.683,154.268,812.63,34.929,29.637,1,0,0,0,0.0,173.541,136.527,729.243,33.042,28.115,1.0,0.0,0.0,0.0,0.0
00:07:29.646,1705285663349,158.703,145.61,143.684,154.176,816.198,34.828,29.853,1,0,0,0,0.0,173.618,136.663,730.34,33.055,28.146,1.0,0.0,0.0,0.0,0.0
00:07:29.663,1705285663366,158.574,148.144,143.919,155.282,815.435,34.839,29.816,1,0,0,0,0.0,173.722,137.045,732.336,32.771,28.468,1.0,0.0,0.0,0.0,0.0
00:07:29.679,1705285663382,158.579,153.325,144.656,160.144,834.216,34.574,30.737,0,1083,1,0,0.0,173.23,141.006,789.261,33.176,30.306,1.0,0.0,0.0,0.0,0.0
00:07:29.696,1705285663399,158.906,158.125,145.654,165.836,894.417,35.319,32.26,0,0,1,0,0.0,172.501,146.507,809.451,33.969,30.356,0.0,1100.0,1.0,0.0,0.0
00:07:29.713,1705285663416,158.814,159.868,145.275,168.534,901.57,35.368,32.472,1,0,0,34,4.549,172.157,150.415,820.845,33.901,30.845,1.0,0.0,0.0,17.0,3.948
00:07:29.729,1705285663432,158.738,160.227,145.078,169.318,906.407,35.485,32.539,1,0,0,0,0.0,172.352,151.202,823.943,33.541,31.294,1.0,0.0,0.0,0.0,0.0
00:07:29.746,1705285663449,158.621,160.11,144.757,169.277,901.693,35.36,32.484,1,0,0,0,0.0,172.398,151.136,827.734,33.949,31.06,1.0,0.0,0.0,0.0,0.0
00:07:29.763,1705285663466,158.576,159.937,144.556,169.097,895.969,35.483,32.166,1,0,0,0,0.0,172.485,150.943,821.826,34.162,30.645,1.0,0.0,0.0,0.0,0.0
00:07:29.779,1705285663482,158.539,159.728,144.402,168.886,891.008,35.442,32.025,1,0,0,0,0.0,172.596,150.777,833.604,34.132,31.112,1.0,0.0,0.0,0.0,0.0
00:07:29.796,1705285663499,158.562,159.639,144.351,168.79,889.08,35.332,32.056,1,0,0,0,0.0,172.675,150.571,833.881,34.308,30.963,1.0,0.0,0.0,0.0,0.0
00:07:29.813,1705285663516,158.601,159.549,144.325,168.683,893.652,35.523,32.047,1,0,0,0,0.0,172.773,150.489,823.722,34.021,30.843,1.0,0.0,0.0,0.0,0.0
00:07:29.829,1705285663532,158.584,159.363,144.285,168.5,899.539,35.527,32.254,1,0,0,0,0.0,172.878,150.415,838.627,34.129,31.302,1.0,0.0,0.0,0.0,0.0
00:07:29.846,1705285663549,158.573,159.349,144.273,168.487,905.246,35.513,32.472,1,0,0,0,0.0,172.883,150.226,828.842,34.083,30.979,1.0,0.0,0.0,0.0,0.0
00:07:29.863,1705285663566,158.184,159.98,144.239,168.588,895.228,35.591,32.043,1,0,0,0,0.0,172.872,150.21,833.398,34.102,31.131,1.0,0.0,0.0,0.0,0.0
00:07:29.879,1705285663582,157.602,163.062,144.041,170.687,904.887,35.27,32.683,1,0,0,0,0.0,172.128,151.372,868.13,34.251,32.288,1.0,0.0,0.0,0.0,0.0
00:07:29.896,1705285663599,158.519,167.871,145.5,175.65,912.822,35.586,32.677,0,183,1,0,0.0,171.163,155.438,889.003,34.222,33.092,1.0,0.0,0.0,0.0,0.0
00:07:29.913,1705285663616,159.024,169.996,146.215,178.612,913.046,35.665,32.612,1,0,0,17,2.695,171.537,160.093,858.591,34.292,31.895,0.0,200.0,1.0,0.0,0.0
00:07:29.929,1705285663632,159.048,170.395,146.098,179.441,918.571,35.406,33.05,1,0,0,0,0.0,171.833,161.381,852.585,34.019,31.926,1.0,0.0,0.0,16.0,3.616
00:07:29.946,1705285663649,159.063,170.52,145.962,179.641,902.459,35.639,32.257,1,0,0,0,0.0,171.998,161.349,844.981,34.113,31.554,1.0,0.0,0.0,0.0,0.0
00:07:29.963,1705285663666,158.986,170.272,145.747,179.35,912.739,35.688,32.581,1,0,0,0,0.0,172.163,161.399,850.709,34.272,31.62,1.0,0.0,0.0,0.0,0.0
00:07:29.979,1705285663682,158.922,170.238,145.649,179.407,903.563,35.636,32.3,1,0,0,0,0.0,172.225,161.194,845.635,34.192,31.506,1.0,0.0,0.0,0.0,0.0
00:07:29.996,1705285663699,158.829,170.167,145.395,179.181,897.323,35.41,32.281,1,0,0,0,0.0,172.196,161.07,851.486,34.374,31.555,1.0,0.0,0.0,0.0,0.0
00:07:30.013,1705285663716,158.9,170.119,145.468,179.109,908.628,35.481,32.623,1,0,0,0,0.0,172.263,161.152,837.241,34.271,31.121,1.0,0.0,0.0,0.0,0.0
00:07:30.029,1705285663732,158.871,170.217,145.409,179.108,907.073,35.428,32.616,1,0,0,0,0.0,172.331,161.13,848.453,34.395,31.424,1.0,0.0,0.0,0.0,0.0
00:07:30.046,1705285663749,158.802,170.366,145.252,179.274,906.526,35.436,32.588,1,0,0,0,0.0,172.332,161.325,839.523,34.231,31.243,1.0,0.0,0.0,0.0,0.0
00:07:30.063,1705285663766,158.798,170.452,145.227,179.305,915.107,35.578,32.766,1,0,0,0,0.0,172.351,161.458,839.206,34.365,31.109,1.0,0.0,0.0,0.0,0.0
00:07:30.079,1705285663782,158.892,170.664,145.348,179.497,909.425,35.581,32.56,1,0,0,0,0.0,172.37,161.598,843.172,34.353,31.267,1.0,0.0,0.0,0.0,0.0
00:07:30.096,1705285663799,158.964,171.07,145.4,179.717,920.369,35.661,32.877,1,0,0,0,0.0,172.437,161.83,841.083,34.41,31.137,1.0,0.0,0.0,0.0,0.0
00:07:30.113,1705285663816,159.639,171.674,145.573,180.304,917.5,35.659,32.777,1,0,0,0,0.0,172.529,162.422,847.106,34.395,31.374,1.0,0.0,0.0,0.0,0.0
00:07:30.129,1705285663832,160.612,172.527,147.105,180.915,934.431,36.112,32.963,1,0,0,0,0.0,173.706,163.045,856.462,34.673,31.466,1.0,0.0,0.0,0.0,0.0
00:07:30.146,1705285663849,160.392,173.387,147.082,181.822,941.479,36.175,33.154,1,0,0,0,0.0,174.118,164.138,855.384,34.462,31.619,1.0,0.0,0.0,0.0,0.0
00:07:30.163,1705285663866,159.79,174.313,146.491,182.991,935.949,35.939,33.176,1,0,0,0,0.0,173.701,164.951,866.119,34.554,31.931,1.0,0.0,0.0,0.0,0.0
00:07:30.179,1705285663882,159.389,174.79,146.235,183.495,956.24,36.231,33.621,1,0,0,0,0.0,173.089,165.634,866.19,34.64,31.854,1.0,0.0,0.0,0.0,0.0
00:07:30.196,1705285663899,159.023,175.001,145.831,183.923,959.627,36.204,33.766,1,0,0,0,0.0,172.543,166.085,886.346,35.075,32.191,1.0,0.0,0.0,0.0,0.0
00:07:30.213,1705285663916,158.598,175.136,145.365,184.054,960.09,36.194,33.791,1,0,0,0,0.0,172.215,166.078,888.28,34.86,32.46,1.0,0.0,0.0,0.0,0.0
00:07:30.229,1705285663932,158.287,175.041,144.879,183.987,986.82,36.61,34.338,1,0,0,0,0.0,171.831,166.218,895.795,35.096,32.515,1.0,0.0,0.0,0.0,0.0
00:07:30.246,1705285663949,158.177,175.007,144.778,184.015,983.564,36.481,34.345,1,0,0,0,0.0,171.694,166.096,897.54,35.132,32.544,1.0,0.0,0.0,0.0,0.0
00:07:30.263,1705285663966,158.134,175.009,144.734,184.026,1002.206,36.663,34.823,1,0,0,0,0.0,171.577,165.998,901.988,35.263,32.584,1.0,0.0,0.0,0.0,0.0
00:07:30.279,1705285663982,158.086,174.96,144.621,183.96,999.298,36.719,34.669,1,0,0,0,0.0,171.534,165.992,907.529,35.19,32.853,1.0,0.0,0.0,0.0,0.0
00:07:30.296,1705285663999,158.16,174.966,144.503,184.057,1016.144,37.266,34.736,1,0,0,0,0.0,171.552,165.961,919.937,35.378,33.125,1.0,0.0,0.0,0.0,0.0
00:07:30.313,1705285664016,158.931,174.785,145.075,183.954,1039.513,37.821,35.012,1,0,0,0,0.0,171.817,165.875,921.559,35.384,33.178,1.0,0.0,0.0,0.0,0.0
00:07:30.329,1705285664032,159.287,174.468,145.786,183.48,1059.649,38.265,35.277,1,0,0,0,0.0,172.786,165.616,949.913,36.135,33.488,1.0,0.0,0.0,0.0,0.0
00:07:30.346,1705285664049,159.319,174.431,145.714,183.423,1071.845,38.48,35.483,1,0,0,0,0.0,172.787,165.457,949.272,36.079,33.517,1.0,0.0,0.0,0.0,0.0
00:07:30.363,1705285664066,159.156,174.318,145.551,183.342,1069.278,38.14,35.714,1,0,0,0,0.0,172.924,165.439,955.7,36.019,33.8,1.0,0.0,0.0,0.0,0.0
00:07:30.379,1705285664082,159.143,174.148,145.59,183.01,1065.037,37.895,35.803,1,0,0,0,0.0,172.761,165.295,955.759,36.296,33.544,1.0,0.0,0.0,0.0,0.0
00:07:30.396,1705285664099,158.957,174.179,145.333,183.231,1069.286,38.393,35.479,1,0,0,0,0.0,172.696,165.285,959.907,36.274,33.711,1.0,0.0,0.0,0.0,0.0
00:07:30.413,1705285664116,158.939,173.885,145.459,182.889,1057.597,38.169,35.297,1,0,0,0,0.0,172.581,165.126,960.22,36.36,33.642,1.0,0.0,0.0,0.0,0.0
00:07:30.429,1705285664132,157.608,171.808,145.137,181.988,1090.72,38.606,35.99,1,0,0,0,0.0,172.418,164.88,962.096,36.571,33.513,1.0,0.0,0.0,0.0,0.0
00:07:30.446,1705285664149,153.291,165.773,141.944,178.11,1142.497,39.25,37.08,0,533,1,0,0.0,170.08,161.628,982.443,36.611,34.184,1.0,0.0,0.0,0.0,0.0
00:07:30.463,1705285664166,149.62,157.918,137.266,169.352,932.692,36.359,32.678,0,0,1,0,0.0,164.638,153.437,980.993,37.094,33.69,0.0,534.0,1.0,0.0,0.0
00:07:30.479,1705285664182,148.95,152.673,136.071,162.679,984.958,37.916,33.092,0,0,1,0,0.0,161.974,146.484,931.827,36.017,32.957,0.0,0.0,1.0,0.0,0.0
00:07:30.496,1705285664199,149.091,151.154,135.623,160.066,1080.596,39.644,34.723,1,0,0,50,8.504,161.829,142.667,943.886,36.425,33.011,1.0,0.0,0.0,33.0,8.082
00:07:30.513,1705285664216,149.122,151.281,135.197,160.286,1057.83,38.942,34.604,1,0,0,0,0.0,162.558,142.242,968.993,36.261,34.041,1.0,0.0,0.0,0.0,0.0
00:07:30.529,1705285664232,149.197,151.435,134.872,160.595,1026.299,38.508,33.951,1,0,0,0,0.0,163.048,142.277,950.561,36.612,33.074,1.0,0.0,0.0,0.0,0.0
00:07:30.546,1705285664249,149.128,151.498,134.616,160.633,1008.027,38.277,33.548,1,0,0,0,0.0,163.522,142.275,946.733,36.424,33.111,1.0,0.0,0.0,0.0,0.0
00:07:30.563,1705285664266,149.304,151.555,134.707,160.711,1025.845,38.717,33.753,1,0,0,0,0.0,163.64,142.363,936.567,36.565,32.629,1.0,0.0,0.0,0.0,0.0
00:07:30.579,1705285664282,149.358,151.388,134.631,160.594,1012.664,38.47,33.533,1,0,0,0,0.0,163.901,142.4,926.968,36.524,32.331,1.0,0.0,0.0,0.0,0.0
00:07:30.596,1705285664299,149.577,151.459,134.801,160.643,1017.252,38.733,33.456,1,0,0,0,0.0,164.085,142.181,926.01,36.331,32.469,1.0,0.0,0.0,0.0,0.0
00:07:30.613,1705285664316,149.667,151.264,134.896,160.428,1021.534,38.738,33.593,1,0,0,0,0.0,164.353,142.276,910.857,36.122,32.123,1.0,0.0,0.0,0.0,0.0
00:07:30.629,1705285664332,149.896,151.235,135.0,160.404,1023.459,38.769,33.629,1,0,0,0,0.0,164.438,142.1,915.608,36.192,32.228,1.0,0.0,0.0,0.0,0.0
00:07:30.646,1705285664349,150.025,151.012,135.101,160.188,1020.998,38.67,33.634,1,0,0,0,0.0,164.793,142.067,905.4,35.903,32.125,1.0,0.0,0.0,0.0,0.0
00:07:30.663,1705285664366,150.259,151.059,135.29,160.214,1020.542,38.779,33.525,1,0,0,0,0.0,164.95,141.836,917.466,36.08,32.394,1.0,0.0,0.0,0.0,0.0
00:07:30.679,1705285664382,150.441,150.907,135.503,160.127,1016.486,38.752,33.415,1,0,0,0,0.0,165.228,141.904,903.675,35.945,32.026,1.0,0.0,0.0,0.0,0.0
00:07:30.696,1705285664399,150.658,150.961,135.741,160.148,1018.508,38.838,33.407,1,0,0,0,0.0,165.38,141.687,912.741,35.857,32.427,1.0,0.0,0.0,0.0,0.0
00:07:30.713,1705285664416,150.906,150.789,135.853,160.009,1011.5,38.856,33.161,1,0,0,0,0.0,165.576,141.774,901.633,35.818,32.067,1.0,0.0,0.0,0.0,0.0
00:07:30.729,1705285664432,152.795,150.674,136.526,159.985,1010.725,38.654,33.309,1,0,0,0,0.0,165.959,141.57,902.507,35.517,32.37,1.0,0.0,0.0,0.0,0.0
00:07:30.746,1705285664449,156.12,150.011,140.458,159.19,1024.773,38.878,33.578,1,0,0,0,0.0,169.064,141.363,912.109,36.573,31.77,1.0,0.0,0.0,0.0,0.0
00:07:30.763,1705285664466,157.551,149.911,142.761,159.132,1071.286,39.342,34.688,1,0,0,0,0.0,171.782,140.833,925.941,36.163,32.618,1.0,0.0,0.0,0.0,0.0
00:07:30.779,1705285664482,157.527,149.564,142.678,158.746,1036.181,38.931,33.906,1,0,0,0,0.0,172.34,140.69,910.754,36.008,32.221,1.0,0.0,0.0,0.0,0.0
00:07:30.796,1705285664499,157.623,149.643,142.748,158.875,1025.859,38.127,34.276,1,0,0,0,0.0,172.377,140.382,916.401,35.91,32.509,1.0,0.0,0.0,0.0,0.0
00:07:30.813,1705285664516,157.772,149.467,142.979,158.645,1036.592,38.703,34.119,1,0,0,0,0.0,172.497,140.411,906.595,35.774,32.283,1.0,0.0,0.0,0.0,0.0
00:07:30.829,1705285664532,157.558,149.247,142.58,158.228,1011.446,38.585,33.393,1,0,0,0,0.0,172.565,140.288,905.799,35.763,32.265,1.0,0.0,0.0,0.0,0.0
00:07:30.846,1705285664549,157.657,149.162,142.636,158.215,1007.451,38.45,33.378,1,0,0,0,0.0,172.536,140.267,903.057,35.683,32.239,1.0,0.0,0.0,0.0,0.0
00:07:30.863,1705285664566,157.565,149.151,142.426,158.184,990.713,38.041,33.176,1,0,0,0,0.0,172.677,140.11,901.965,35.38,32.476,1.0,0.0,0.0,0.0,0.0
00:07:30.879,1705285664582,157.74,149.074,142.771,158.182,998.816,37.937,33.539,1,0,0,0,0.0,172.704,140.118,889.591,35.354,32.054,1.0,0.0,0.0,0.0,0.0
00:07:30.896,1705285664599,157.912,149.084,142.964,158.227,1005.413,37.967,33.734,1,0,0,0,0.0,172.709,139.966,889.379,35.418,31.988,1.0,0.0,0.0,0.0,0.0
00:07:30.913,1705285664616,158.126,149.121,143.297,158.326,1018.615,38.123,34.037,1,0,0,0,0.0,172.859,139.941,879.086,35.262,31.758,1.0,0.0,0.0,0.0,0.0
00:07:30.929,1705285664632,158.186,149.08,143.317,158.256,1006.37,38.001,33.736,1,0,0,0,0.0,172.956,139.915,875.614,35.235,31.657,1.0,0.0,0.0,0.0,0.0
00:07:30.946,1705285664649,158.184,149.028,143.224,158.259,1003.819,37.931,33.712,1,0,0,0,0.0,173.055,139.904,872.056,35.308,31.463,1.0,0.0,0.0,0.0,0.0
00:07:30.963,1705285664666,158.077,148.773,142.933,157.827,965.391,37.739,32.587,1,0,0,0,0.0,173.143,139.796,862.084,35.21,31.19,1.0,0.0,0.0,0.0,0.0
00:07:30.979,1705285664682,158.238,148.868,143.261,157.99,984.416,37.727,33.24,1,0,0,0,0.0,173.222,139.719,855.096,34.808,31.295,1.0,0.0,0.0,0.0,0.0
00:07:30.996,1705285664699,158.157,148.765,143.096,157.841,967.555,37.418,32.94,1,0,0,0,0.0,173.215,139.745,845.773,35.022,30.764,1.0,0.0,0.0,0.0,0.0
00:07:31.013,1705285664716,158.067,148.612,142.868,157.522,947.088,37.564,32.118,1,0,0,0,0.0,173.217,139.69,847.946,34.746,31.088,1.0,0.0,0.0,0.0,0.0
00:07:31.029,1705285664732,158.337,148.699,143.322,157.841,968.604,37.368,33.02,1,0,0,0,0.0,173.265,139.702,842.348,34.795,30.839,1.0,0.0,0.0,0.0,0.0
00:07:31.046,1705285664749,158.13,148.545,142.798,157.569,921.546,36.722,31.969,1,0,0,0,0.0,173.352,139.558,837.731,34.679,30.773,1.0,0.0,0.0,0.0,0.0
00:07:31.063,1705285664766,158.112,148.447,142.793,157.353,920.161,37.129,31.571,1,0,0,0,0.0,173.462,139.522,832.372,34.727,30.534,1.0,0.0,0.0,0.0,0.0
00:07:31.079,1705285664782,158.572,148.636,143.526,157.742,949.902,36.891,32.801,1,0,0,0,0.0,173.43,139.542,831.909,34.682,30.556,1.0,0.0,0.0,0.0,0.0
00:07:31.096,1705285664799,158.487,148.3,143.311,157.206,914.02,36.776,31.661,1,0,0,0,0.0,173.618,139.53,830.783,34.579,30.606,1.0,0.0,0.0,0.0,0.0
00:07:31.113,1705285664816,158.275,148.306,142.804,157.21,899.911,36.712,31.226,1,0,0,0,0.0,173.663,139.395,827.054,34.453,30.58,1.0,0.0,0.0,0.0,0.0
00:07:31.129,1705285664832,158.517,148.246,143.138,157.197,903.197,36.842,31.23,1,0,0,0,0.0,173.747,139.403,820.728,34.572,30.242,1.0,0.0,0.0,0.0,0.0
00:07:31.146,1705285664849,158.559,148.189,143.181,157.113,891.993,36.427,31.194,1,0,0,0,0.0,173.895,139.296,818.452,34.233,30.456,1.0,0.0,0.0,0.0,0.0
00:07:31.163,1705285664866,158.524,148.063,142.998,156.931,872.777,36.323,30.609,1,0,0,0,0.0,173.937,139.265,813.18,34.268,30.229,1.0,0.0,0.0,0.0,0.0
00:07:31.179,1705285664882,158.824,148.152,143.494,157.225,901.449,36.477,31.482,1,0,0,0,0.0,174.05,139.195,809.724,34.045,30.298,1.0,0.0,0.0,0.0,0.0
00:07:31.196,1705285664899,158.861,148.09,143.581,157.184,900.943,36.178,31.724,1,0,0,0,0.0,174.154,139.079,805.601,34.282,29.935,1.0,0.0,0.0,0.0,0.0
00:07:31.213,1705285664916,156.617,148.548,142.955,157.156,871.737,35.987,30.858,1,0,0,0,0.0,174.142,138.996,804.56,33.916,30.219,1.0,0.0,0.0,0.0,0.0
00:07:31.229,1705285664932,148.558,150.16,137.502,158.435,826.915,35.405,29.753,0,733,1,0,0.0,170.279,139.94,802.161,34.672,29.472,1.0,0.0,0.0,0.0,0.0
00:07:31.246,1705285664949,140.391,152.1,129.794,160.757,828.269,35.312,29.88,0,0,1,0,0.0,159.613,141.885,766.503,33.602,29.059,0.0,750.0,1.0,0.0,0.0
00:07:31.263,1705285664966,133.146,154.379,122.648,163.045,778.496,33.925,29.233,0,0,1,0,0.0,150.987,143.443,731.475,31.777,29.323,0.0,0.0,1.0,0.0,0.0
00:07:31.279,1705285664982,127.543,156.23,117.131,164.986,771.315,34.134,28.786,0,0,1,0,0.0,143.644,145.713,700.297,31.446,28.369,0.0,0.0,1.0,0.0,0.0
00:07:31.296,1705285664999,123.375,157.867,112.395,167.029,749.962,33.439,28.571,0,0,1,0,0.0,137.955,147.474,684.05,31.395,27.756,0.0,0.0,1.0,0.0,0.0
00:07:31.313,1705285665016,120.846,159.546,109.078,168.605,730.672,33.316,27.938,1,0,0,84,11.645,134.355,148.706,689.344,31.014,28.314,1.0,0.0,0.0,67.0,13.119
00:07:31.329,1705285665032,120.486,159.477,107.728,169.21,728.167,33.356,27.809,1,0,0,0,0.0,132.614,150.487,748.949,33.643,28.359,1.0,0.0,0.0,0.0,0.0
00:07:31.346,1705285665049,120.733,159.089,107.587,169.147,731.704,33.315,27.979,1,0,0,0,0.0,133.244,149.744,717.113,31.855,28.678,1.0,0.0,0.0,0.0,0.0
00:07:31.363,1705285665066,120.804,159.107,107.65,169.012,733.245,33.494,27.888,1,0,0,0,0.0,133.88,149.03,698.12,31.472,28.258,1.0,0.0,0.0,0.0,0.0
00:07:31.379,1705285665082,121.111,158.831,107.788,168.818,732.38,33.48,27.867,1,0,0,0,0.0,133.958,149.202,722.203,32.29,28.492,1.0,0.0,0.0,0.0,0.0
00:07:31.396,1705285665099,121.207,158.705,107.887,168.657,735.272,33.526,27.938,1,0,0,0,0.0,134.434,148.844,721.783,31.909,28.816,1.0,0.0,0.0,0.0,0.0
00:07:31.413,1705285665116,121.537,158.389,108.14,168.339,743.953,33.709,28.114,1,0,0,0,0.0,134.528,148.754,713.17,32.182,28.23,1.0,0.0,0.0,0.0,0.0
00:07:31.429,1705285665132,121.71,158.361,108.219,168.242,744.465,33.715,28.129,1,0,0,0,0.0,134.933,148.439,725.12,32.231,28.659,1.0,0.0,0.0,0.0,0.0
00:07:31.446,1705285665149,121.893,158.148,108.366,168.06,746.66,33.633,28.28,1,0,0,0,0.0,135.201,148.48,733.86,32.447,28.812,1.0,0.0,0.0,0.0,0.0
00:07:31.463,1705285665166,122.072,158.057,108.551,167.868,752.682,33.908,28.277,1,0,0,0,0.0,135.419,148.235,729.656,32.363,28.721,1.0,0.0,0.0,0.0,0.0
00:07:31.479,1705285665182,121.413,158.41,108.685,167.724,753.482,33.805,28.394,1,0,0,0,0.0,135.592,148.247,740.785,32.786,28.782,1.0,0.0,0.0,0.0,0.0
00:07:31.496,1705285665199,119.439,160.844,107.269,169.442,749.741,34.054,28.046,1,0,0,0,0.0,134.14,149.095,710.558,31.986,28.299,1.0,0.0,0.0,0.0,0.0
00:07:31.513,1705285665216,118.761,161.811,105.997,171.139,722.253,33.321,27.613,1,0,0,0,0.0,131.609,152.246,756.31,33.725,28.568,0.0,200.0,1.0,0.0,0.0
00:07:31.529,1705285665232,118.639,162.133,105.66,171.781,723.396,33.064,27.871,1,0,0,0,0.0,131.524,152.483,741.676,32.888,28.728,1.0,0.0,0.0,16.0,1.72
00:07:31.546,1705285665249,118.678,161.914,105.667,171.607,733.162,33.322,28.028,1,0,0,0,0.0,131.618,152.485,750.109,33.242,28.746,1.0,0.0,0.0,0.0,0.0
00:07:31.563,1705285665266,118.842,161.674,105.728,171.475,735.54,33.358,28.089,1,0,0,0,0.0,131.689,152.222,748.618,33.345,28.599,1.0,0.0,0.0,0.0,0.0
00:07:31.579,1705285665282,119.022,161.613,105.817,171.304,743.325,33.454,28.305,1,0,0,0,0.0,131.956,151.874,740.115,32.997,28.573,1.0,0.0,0.0,0.0,0.0
00:07:31.596,1705285665299,119.119,161.415,105.864,171.245,741.526,33.491,28.205,1,0,0,0,0.0,132.227,151.922,748.43,33.619,28.359,1.0,0.0,0.0,0.0,0.0
00:07:31.613,1705285665316,119.321,161.319,105.98,171.047,747.391,33.638,28.304,1,0,0,0,0.0,132.373,151.585,745.859,33.019,28.776,1.0,0.0,0.0,0.0,0.0
00:07:31.629,1705285665332,119.419,160.972,106.091,170.884,752.401,33.873,28.296,1,0,0,0,0.0,132.662,151.591,746.61,32.896,28.912,1.0,0.0,0.0,0.0,0.0
00:07:31.646,1705285665349,119.694,160.555,106.149,170.907,751.029,33.756,28.343,1,0,0,0,0.0,132.748,151.061,730.795,32.528,28.62,1.0,0.0,0.0,0.0,0.0
00:07:31.663,1705285665366,119.726,160.726,106.348,170.681,760.8,34.086,28.433,1,0,0,0,0.0,133.24,150.203,700.316,31.755,28.094,1.0,0.0,0.0,0.0,0.0
00:07:31.679,1705285665382,119.762,160.889,106.454,170.589,762.709,34.0,28.577,1,0,0,0,0.0,133.104,150.77,732.269,32.312,28.87,1.0,0.0,0.0,0.0,0.0
00:07:31.696,1705285665399,119.882,160.774,106.554,170.517,769.382,34.138,28.71,1,0,0,0,0.0,133.069,151.188,766.135,33.605,29.042,1.0,0.0,0.0,0.0,0.0
00:07:31.713,1705285665416,119.964,160.645,106.633,170.351,774.398,34.345,28.723,1,0,0,0,0.0,133.211,151.031,770.045,33.93,28.911,1.0,0.0,0.0,0.0,0.0
00:07:31.729,1705285665432,120.059,160.439,106.783,170.248,775.872,34.351,28.772,1,0,0,0,0.0,133.294,150.938,764.303,33.497,29.066,1.0,0.0,0.0,0.0,0.0
00:07:31.746,1705285665449,120.232,160.506,106.915,170.158,781.415,34.382,28.952,1,0,0,0,0.0,133.335,150.63,770.392,33.889,28.959,1.0,0.0,0.0,0.0,0.0
00:07:31.763,1705285665466,119.905,160.639,106.955,170.159,786.941,34.598,28.974,1,0,0,0,0.0,133.548,150.855,787.751,34.398,29.174,1.0,0.0,0.0,0.0,0.0
00:07:31.779,1705285665482,119.528,161.524,106.462,170.981,778.604,34.512,28.739,1,0,0,0,0.0,132.855,151.119,764.713,33.541,29.043,1.0,0.0,0.0,0.0,0.0
00:07:31.796,1705285665499,119.636,161.447,106.434,171.263,785.523,34.747,28.799,1,0,0,0,0.0,132.593,152.067,805.256,35.212,29.132,1.0,0.0,0.0,0.0,0.0
00:07:31.813,1705285665516,119.701,161.449,106.503,171.177,781.742,34.442,28.914,1,0,0,0,0.0,132.838,151.63,781.3,33.845,29.407,1.0,0.0,0.0,0.0,0.0
00:07:31.829,1705285665532,119.738,161.391,106.531,171.02,794.924,34.922,28.997,1,0,0,0,0.0,132.898,151.72,788.864,34.347,29.258,1.0,0.0,0.0,0.0,0.0
00:07:31.846,1705285665549,119.815,161.176,106.544,171.055,790.413,34.645,29.063,1,0,0,0,0.0,132.945,151.762,797.504,34.881,29.126,1.0,0.0,0.0,0.0,0.0
00:07:31.863,1705285665566,119.864,161.193,106.557,170.92,797.59,35.02,29.013,1,0,0,0,0.0,133.087,151.298,785.125,33.597,29.769,1.0,0.0,0.0,0.0,0.0
00:07:31.879,1705285665582,119.866,161.097,106.579,170.816,795.291,34.806,29.107,1,0,0,0,0.0,133.171,151.465,799.482,34.555,29.473,1.0,0.0,0.0,0.0,0.0
00:07:31.896,1705285665599,119.995,161.04,106.646,170.831,802.715,34.985,29.229,1,0,0,0,0.0,133.154,151.379,796.889,34.513,29.413,1.0,0.0,0.0,0.0,0.0
00:07:31.913,1705285665616,120.041,160.896,106.703,170.663,809.271,35.058,29.406,1,0,0,0,0.0,133.343,151.248,798.473,34.188,29.752,1.0,0.0,0.0,0.0,0.0
00:07:31.929,1705285665632,120.051,160.848,106.744,170.673,803.991,35.139,29.147,1,0,0,0,0.0,133.38,151.128,802.127,34.286,29.803,1.0,0.0,0.0,0.0,0.0
00:07:31.946,1705285665649,119.999,160.738,106.749,170.518,812.337,35.173,29.421,1,0,0,0,0.0,133.359,151.023,794.444,34.126,29.656,1.0,0.0,0.0,0.0,0.0
00:07:31.963,1705285665666,120.036,160.955,106.759,170.493,806.116,35.053,29.296,1,0,0,0,0.0,133.25,150.958,797.593,34.728,29.257,1.0,0.0,0.0,0.0,0.0
00:07:31.979,1705285665682,120.053,160.274,106.743,170.435,814.494,35.224,29.456,1,0,0,0,0.0,133.312,151.417,832.394,35.532,29.843,1.0,0.0,0.0,0.0,0.0
00:07:31.996,1705285665699,120.094,160.766,106.722,170.427,812.974,35.263,29.369,1,0,0,0,0.0,133.363,150.112,758.314,33.459,28.871,1.0,0.0,0.0,0.0,0.0
00:07:32.013,1705285665716,120.109,160.41,106.736,170.252,820.687,35.497,29.452,1,0,0,0,0.0,133.466,151.105,828.517,34.916,30.228,1.0,0.0,0.0,0.0,0.0
00:07:32.029,1705285665732,120.067,160.641,106.718,170.309,818.353,35.374,29.47,1,0,0,0,0.0,133.482,150.568,802.74,34.2,29.901,1.0,0.0,0.0,0.0,0.0
00:07:32.046,1705285665749,120.091,160.644,106.75,170.238,822.338,35.604,29.423,1,0,0,0,0.0,133.416,150.972,814.315,34.847,29.768,1.0,0.0,0.0,0.0,0.0
00:07:32.063,1705285665766,120.075,160.781,106.736,170.337,822.296,35.524,29.487,1,0,0,0,0.0,133.432,151.05,829.58,35.092,30.115,1.0,0.0,0.0,0.0,0.0
00:07:32.079,1705285665782,120.105,160.573,106.726,170.315,825.183,35.532,29.585,1,0,0,0,0.0,133.415,151.225,834.78,35.49,29.963,1.0,0.0,0.0,0.0,0.0
00:07:32.096,1705285665799,120.036,160.673,106.688,170.328,829.649,35.699,29.606,1,0,0,0,0.0,133.484,150.831,817.119,34.673,30.021,1.0,0.0,0.0,0.0,0.0
00:07:32.113,1705285665816,119.993,160.677,106.649,170.354,831.199,35.751,29.617,1,0,0,0,0.0,133.385,151.018,814.354,34.688,29.906,1.0,0.0,0.0,0.0,0.0
00:07:32.129,1705285665832,120.013,160.658,106.659,170.358,829.039,35.636,29.636,1,0,0,0,0.0,133.338,151.0,830.887,35.27,30.01,1.0,0.0,0.0,0.0,0.0
00:07:32.146,1705285665849,120.0,160.684,106.664,170.355,833.904,35.702,29.754,1,0,0,0,0.0,133.366,150.958,820.187,35.002,29.85,1.0,0.0,0.0,0.0,0.0
00:07:32.163,1705285665866,120.028,160.739,106.667,170.412,835.882,35.648,29.87,1,0,0,0,0.0,133.337,151.014,841.08,35.388,30.277,1.0,0.0,0.0,0.0,0.0
00:07:32.179,1705285665882,120.1,160.774,106.599,170.437,839.652,35.804,29.875,1,0,0,0,0.0,133.388,151.066,828.96,35.175,30.022,1.0,0.0,0.0,0.0,0.0
00:07:32.196,1705285665899,120.03,160.845,106.672,170.361,834.3,35.696,29.774,1,0,0,0,0.0,133.601,151.11,839.488,35.352,30.251,1.0,0.0,0.0,0.0,0.0
00:07:32.213,1705285665916,119.93,160.83,106.524,170.48,837.654,35.586,29.986,1,0,0,0,0.0,133.387,151.328,843.946,35.815,30.017,1.0,0.0,0.0,0.0,0.0
00:07:32.229,1705285665932,119.885,160.862,106.512,170.537,836.764,35.612,29.932,1,0,0,0,0.0,133.336,151.18,841.458,35.395,30.285,1.0,0.0,0.0,0.0,0.0
00:07:32.246,1705285665949,119.85,160.904,106.447,170.606,839.249,35.691,29.954,1,0,0,0,0.0,133.259,151.188,834.048,35.181,30.2,1.0,0.0,0.0,0.0,0.0
00:07:32.263,1705285665966,119.771,161.001,106.389,170.493,839.355,35.682,29.966,1,0,0,0,0.0,133.252,151.202,832.577,35.279,30.063,1.0,0.0,0.0,0.0,0.0
00:07:32.279,1705285665982,119.748,160.803,106.368,170.539,839.48,35.725,29.934,1,0,0,0,0.0,133.153,151.509,841.221,35.545,30.148,1.0,0.0,0.0,0.0,0.0
00:07:32.296,1705285665999,119.697,160.877,106.31,170.47,836.258,35.598,29.926,1,0,0,0,0.0,133.127,151.067,816.472,34.937,29.771,1.0,0.0,0.0,0.0,0.0
00:07:32.313,1705285666016,119.626,160.989,106.191,170.598,830.8,35.561,29.761,1,0,0,0,0.0,133.084,151.284,824.162,35.131,29.885,1.0,0.0,0.0,0.0,0.0
00:07:32.329,1705285666032,119.631,160.98,106.26,170.564,837.728,35.789,29.818,1,0,0,0,0.0,133.061,151.38,822.294,34.949,29.972,1.0,0.0,0.0,0.0,0.0
00:07:32.346,1705285666049,119.682,161.059,106.224,170.549,833.504,35.584,29.839,1,0,0,0,0.0,133.003,151.396,834.103,35.329,30.076,1.0,0.0,0.0,0.0,0.0
00:07:32.363,1705285666066,119.58,160.506,106.183,170.58,824.757,35.476,29.616,1,0,0,0,0.0,133.14,151.57,821.844,35.027,29.889,1.0,0.0,0.0,0.0,0.0
00:07:32.379,1705285666082,121.07,159.571,106.584,170.371,830.354,35.526,29.775,1,0,0,0,0.0,132.977,150.432,765.96,33.771,28.893,1.0,0.0,0.0,0.0,0.0
00:07:32.396,1705285666099,130.019,157.397,111.213,168.666,854.972,35.14,30.994,0,1083,1,0,0.0,135.557,148.772,656.44,32.558,25.684,1.0,0.0,0.0,0.0,0.0
00:07:32.413,1705285666116,139.767,153.586,120.924,164.502,867.747,35.476,31.16,0,0,1,0,0.0,148.825,146.128,820.19,33.57,31.124,0.0,884.0,1.0,0.0,0.0
00:07:32.429,1705285666132,149.572,150.202,131.108,160.534,888.865,35.522,31.876,0,0,1,0,0.0,158.609,142.67,895.037,35.996,31.675,0.0,0.0,1.0,0.0,0.0
00:07:32.446,1705285666149,158.091,147.87,140.566,157.924,906.616,35.382,32.641,0,0,1,0,0.0,168.035,139.869,820.374,33.321,31.363,0.0,0.0,1.0,0.0,0.0
00:07:32.463,1705285666166,162.834,146.828,148.005,156.317,1046.409,38.65,34.489,0,0,1,0,0.0,175.616,137.815,862.093,35.326,31.087,0.0,0.0,1.0,0.0,0.0
00:07:32.479,1705285666182,163.007,146.595,148.671,155.506,1092.307,40.009,34.779,1,0,0,83,17.417,177.663,137.339,915.636,37.139,31.407,1.0,0.0,0.0,66.0,17.827
00:07:32.496,1705285666199,162.412,146.642,147.764,155.653,1062.906,39.04,34.683,1,0,0,0,0.0,177.344,137.684,909.845,36.929,31.386,1.0,0.0,0.0,0.0,0.0
00:07:32.513,1705285666216,162.073,146.724,147.284,155.68,1081.768,38.752,35.561,1,0,0,0,0.0,177.06,137.63,903.251,36.227,31.762,1.0,0.0,0.0,0.0,0.0
00:07:32.529,1705285666232,161.662,146.632,146.727,155.742,1055.258,38.205,35.186,1,0,0,0,0.0,176.862,137.769,896.632,35.762,31.939,1.0,0.0,0.0,0.0,0.0
00:07:32.546,1705285666249,161.499,146.813,146.359,155.666,1067.927,38.683,35.168,1,0,0,0,0.0,176.597,137.522,901.569,35.846,32.04,1.0,0.0,0.0,0.0,0.0
00:07:32.563,1705285666266,161.349,146.773,146.203,155.763,1077.138,38.792,35.372,1,0,0,0,0.0,176.64,137.96,883.255,35.593,31.612,1.0,0.0,0.0,0.0,0.0
00:07:32.579,1705285666282,161.232,146.755,145.994,155.817,1061.557,38.531,35.096,1,0,0,0,0.0,176.495,137.782,893.335,35.641,31.93,1.0,0.0,0.0,0.0,0.0
00:07:32.596,1705285666299,160.994,146.795,145.771,155.759,1068.75,39.038,34.875,1,0,0,0,0.0,176.47,137.693,892.792,35.684,31.872,1.0,0.0,0.0,0.0,0.0
00:07:32.613,1705285666316,160.935,146.814,145.718,155.82,1054.281,38.687,34.715,1,0,0,0,0.0,176.217,137.831,902.697,36.127,31.83,1.0,0.0,0.0,0.0,0.0
00:07:32.629,1705285666332,160.431,147.005,145.667,155.957,1050.526,38.67,34.607,1,0,0,0,0.0,176.152,137.808,903.15,36.095,31.874,1.0,0.0,0.0,0.0,0.0
00:07:32.646,1705285666349,156.725,146.841,143.329,155.931,1028.78,38.768,33.805,1,0,0,0,0.0,175.194,138.053,884.442,35.775,31.493,1.0,0.0,0.0,0.0,0.0
00:07:32.663,1705285666366,153.821,146.597,138.887,155.765,998.938,38.473,33.076,0,184,1,0,0.0,170.121,137.75,884.142,35.514,31.714,0.0,184.0,1.0,0.0,0.0
00:07:32.679,1705285666382,153.431,146.75,138.335,155.987,1002.966,38.353,33.313,1,0,0,16,2.972,168.756,137.429,903.978,35.722,32.237,1.0,0.0,0.0,16.0,2.595
00:07:32.696,1705285666399,153.415,146.666,138.286,155.945,997.154,38.298,33.168,1,0,0,0,0.0,168.527,137.512,886.513,35.484,31.826,1.0,0.0,0.0,0.0,0.0
00:07:32.713,1705285666416,153.407,146.659,138.305,155.963,980.667,38.032,32.847,1,0,0,0,0.0,168.544,137.387,881.517,35.172,31.928,1.0,0.0,0.0,0.0,0.0
00:07:32.729,1705285666432,153.509,146.732,138.325,155.952,979.02,38.011,32.811,1,0,0,0,0.0,168.509,137.355,867.44,35.24,31.357,1.0,0.0,0.0,0.0,0.0
00:07:32.746,1705285666449,153.515,146.719,138.388,155.906,968.941,37.849,32.611,1,0,0,0,0.0,168.693,137.513,866.016,34.893,31.617,1.0,0.0,0.0,0.0,0.0
00:07:32.763,1705285666466,153.495,146.721,138.311,155.859,956.476,37.921,32.131,1,0,0,0,0.0,168.641,137.533,852.091,34.89,31.111,1.0,0.0,0.0,0.0,0.0
00:07:32.779,1705285666482,153.552,146.68,138.465,155.909,954.631,37.552,32.384,1,0,0,0,0.0,168.68,137.584,847.562,34.726,31.092,1.0,0.0,0.0,0.0,0.0
00:07:32.796,1705285666499,153.542,146.85,138.376,155.98,940.099,37.275,32.128,1,0,0,0,0.0,168.638,137.45,833.799,34.49,30.796,1.0,0.0,0.0,0.0,0.0
00:07:32.813,1705285666516,153.602,146.773,138.459,156.087,934.038,36.873,32.269,1,0,0,0,0.0,168.709,137.719,817.282,34.114,30.519,1.0,0.0,0.0,0.0,0.0
00:07:32.829,1705285666532,153.607,146.763,138.512,156.025,920.905,36.575,32.074,1,0,0,0,0.0,168.745,137.459,823.454,34.044,30.813,1.0,0.0,0.0,0.0,0.0
00:07:32.846,1705285666549,153.579,146.752,138.528,156.032,921.708,36.655,32.033,1,0,0,0,0.0,168.702,137.502,814.335,34.122,30.402,1.0,0.0,0.0,0.0,0.0
00:07:32.863,1705285666566,153.618,146.829,138.543,156.009,913.939,36.639,31.777,1,0,0,0,0.0,168.63,137.471,805.137,33.718,30.418,1.0,0.0,0.0,0.0,0.0
00:07:32.879,1705285666582,153.668,146.781,138.544,155.956,903.543,36.489,31.544,1,0,0,0,0.0,168.694,137.648,795.431,33.863,29.923,1.0,0.0,0.0,0.0,0.0
00:07:32.896,1705285666599,153.72,146.764,138.561,156.024,898.677,36.318,31.522,1,0,0,0,0.0,168.792,137.605,784.883,33.464,29.879,1.0,0.0,0.0,0.0,0.0
00:07:32.913,1705285666616,155.615,146.72,138.933,155.905,890.242,36.066,31.444,1,0,0,0,0.0,168.878,137.504,788.435,33.411,30.061,1.0,0.0,0.0,0.0,0.0
00:07:32.929,1705285666632,160.111,146.1,143.532,155.171,845.82,35.059,30.733,0,250,1,0,0.0,172.296,137.535,737.675,32.77,28.676,1.0,0.0,0.0,0.0,0.0
00:07:32.946,1705285666649,161.428,145.254,145.635,153.731,816.258,36.117,28.79,1,0,0,17,2.054,176.691,137.029,764.692,34.032,28.624,0.0,267.0,1.0,0.0,0.0
00:07:32.963,1705285666666,161.881,145.618,146.671,154.488,877.07,36.068,30.977,1,0,0,0,0.0,177.22,136.776,775.764,33.949,29.109,1.0,0.0,0.0,17.0,3.121
00:07:32.979,1705285666682,161.871,145.284,146.605,154.038,875.394,36.734,30.357,1,0,0,0,0.0,177.09,136.747,765.712,33.815,28.846,1.0,0.0,0.0,0.0,0.0
00:07:32.996,1705285666699,161.606,145.595,146.253,154.448,864.56,35.669,30.877,1,0,0,0,0.0,177.136,136.53,761.506,33.177,29.24,1.0,0.0,0.0,0.0,0.0
00:07:33.013,1705285666716,161.639,145.273,146.353,153.967,866.697,36.348,30.375,1,0,0,0,0.0,176.959,136.743,762.682,33.735,28.8,1.0,0.0,0.0,0.0,0.0
00:07:33.029,1705285666732,161.656,145.463,146.376,154.308,868.684,36.018,30.724,1,0,0,0,0.0,176.924,136.579,760.865,33.386,29.032,1.0,0.0,0.0,0.0,0.0
00:07:33.046,1705285666749,161.57,145.325,146.216,154.026,859.622,36.007,30.412,1,0,0,0,0.0,176.937,136.617,764.207,33.71,28.879,1.0,0.0,0.0,0.0,0.0
00:07:33.063,1705285666766,161.652,145.572,146.327,154.522,867.403,35.609,31.03,1,0,0,0,0.0,176.925,136.625,765.943,33.395,29.217,1.0,0.0,0.0,0.0,0.0
00:07:33.079,1705285666782,161.578,145.417,146.21,154.299,863.128,35.859,30.662,1,0,0,0,0.0,176.977,136.621,763.873,33.653,28.915,1.0,0.0,0.0,0.0,0.0
00:07:33.096,1705285666799,161.579,145.427,146.263,154.34,860.381,36.074,30.383,1,0,0,0,0.0,176.947,136.536,768.042,33.169,29.497,1.0,0.0,0.0,0.0,0.0
00:07:33.113,1705285666816,161.515,145.349,146.097,153.975,851.174,36.282,29.885,1,0,0,0,0.0,176.896,136.513,766.295,33.513,29.128,1.0,0.0,0.0,0.0,0.0
00:07:33.129,1705285666832,161.545,145.351,146.1,154.352,848.307,35.752,30.227,1,0,0,0,0.0,176.933,136.724,757.09,33.46,28.824,1.0,0.0,0.0,0.0,0.0
00:07:33.146,1705285666849,161.405,145.302,145.968,153.957,840.064,36.121,29.627,1,0,0,0,0.0,176.991,136.349,748.051,33.455,28.484,1.0,0.0,0.0,0.0,0.0
00:07:33.163,1705285666866,161.358,145.48,145.949,154.381,831.258,35.245,30.045,1,0,0,0,0.0,176.842,136.647,755.777,33.344,28.874,1.0,0.0,0.0,0.0,0.0
00:07:33.179,1705285666882,161.398,145.368,145.89,154.16,838.616,35.923,29.739,1,0,0,0,0.0,176.768,136.579,753.651,33.319,28.815,1.0,0.0,0.0,0.0,0.0
00:07:33.196,1705285666899,161.297,145.466,145.908,154.299,839.886,35.503,30.136,1,0,0,0,0.0,176.907,136.576,731.363,32.964,28.264,1.0,0.0,0.0,0.0,0.0
00:07:33.213,1705285666916,161.132,145.44,145.708,154.201,825.746,35.416,29.702,1,0,0,0,0.0,176.686,136.633,744.258,33.096,28.647,1.0,0.0,0.0,0.0,0.0
00:07:33.229,1705285666932,161.074,145.55,145.593,154.431,822.831,34.916,30.021,1,0,0,0,0.0,176.556,136.678,740.132,33.241,28.364,1.0,0.0,0.0,0.0,0.0
00:07:33.246,1705285666949,161.089,145.462,145.668,154.191,814.666,35.39,29.324,1,0,0,0,0.0,176.555,136.669,740.48,33.282,28.342,1.0,0.0,0.0,0.0,0.0
00:07:33.263,1705285666966,161.157,145.702,145.842,154.573,826.509,35.137,29.965,1,0,0,0,0.0,176.509,136.734,734.64,32.937,28.413,1.0,0.0,0.0,0.0,0.0
00:07:33.279,1705285666982,160.963,145.628,145.58,154.35,812.406,35.027,29.546,1,0,0,0,0.0,176.471,136.832,731.043,33.209,28.042,1.0,0.0,0.0,0.0,0.0
00:07:33.296,1705285666999,160.909,145.686,145.524,154.548,802.645,34.488,29.647,1,0,0,0,0.0,176.346,136.906,720.99,32.727,28.064,1.0,0.0,0.0,0.0,0.0
00:07:33.313,1705285667016,160.79,145.641,145.403,154.426,798.584,34.766,29.261,1,0,0,0,0.0,176.294,136.824,723.284,32.759,28.126,1.0,0.0,0.0,0.0,0.0
00:07:33.329,1705285667032,160.758,145.55,145.452,154.518,801.1,34.524,29.56,1,0,0,0,0.0,176.177,136.856,723.165,32.791,28.094,1.0,0.0,0.0,0.0,0.0
00:07:33.346,1705285667049,160.695,144.901,145.117,154.288,785.972,34.671,28.878,1,0,0,0,0.0,176.064,136.583,728.111,32.892,28.199,1.0,0.0,0.0,0.0,0.0
00:07:33.363,1705285667066,160.536,145.065,144.9,154.195,783.125,34.055,29.294,1,0,0,0,0.0,176.273,135.515,738.62,32.436,29.008,1.0,0.0,0.0,0.0,0.0
00:07:33.379,1705285667082,159.529,149.223,141.854,158.057,477.824,29.251,20.809,0,433,1,0,0.0,176.172,135.935,716.89,32.301,28.273,1.0,0.0,0.0,0.0,0.0
00:07:33.396,1705285667099,0.0,0.0,0.0,0.0,0.0,0.0,0.0,0,0,0,17,2.219,177.204,140.39,261.213,22.774,14.611,0.0,433.0,1.0,0.0,0.0
00:07:33.413,1705285667116,0.0,0.0,0.0,0.0,0.0,0.0,0.0,0,0,0,0,0.0,0.0,0.0,0.0,0.0,0.0,0.0,0.0,0.0,17.0,1.533
00:07:33.429,1705285667132,0.0,0.0,0.0,0.0,0.0,0.0,0.0,0,0,0,0,0.0,0.0,0.0,0.0,0.0,0.0,0.0,0.0,0.0,0.0,0.0
00:07:33.446,1705285667149,0.0,0.0,0.0,0.0,0.0,0.0,0.0,0,0,0,0,0.0,0.0,0.0,0.0,0.0,0.0,0.0,0.0,0.0,0.0,0.0
00:07:33.463,1705285667166,0.0,0.0,0.0,0.0,0.0,0.0,0.0,0,0,0,0,0.0,0.0,0.0,0.0,0.0,0.0,0.0,0.0,0.0,0.0,0.0
00:07:33.479,1705285667182,75.599,177.261,0.0,0.0,0.0,0.0,0.0,0,0,0,0,0.0,105.102,158.623,340.706,26.243,16.539,0.0,0.0,0.0,0.0,0.0
00:07:33.496,1705285667199,159.085,152.034,142.553,162.508,370.91,27.235,17.349,0,0,0,0,0.0,0.0,0.0,0.0,0.0,0.0,0.0,0.0,0.0,0.0,0.0
00:07:33.513,1705285667216,157.614,149.549,139.386,159.689,378.067,23.43,20.555,1,0,0,0,0.0,175.616,141.56,592.068,33.863,22.273,0.0,0.0,0.0,0.0,0.0
00:07:33.529,1705285667232,159.35,148.772,142.335,158.429,593.58,29.251,25.851,1,0,0,0,0.0,175.842,139.41,723.459,33.363,27.623,1.0,0.0,0.0,0.0,0.0
00:07:33.546,1705285667249,160.606,147.57,144.547,156.556,784.101,34.128,29.268,1,0,0,0,0.0,176.365,139.115,746.662,32.799,29.0,1.0,0.0,0.0,0.0,0.0
00:07:33.563,1705285667266,160.798,147.772,144.877,156.527,819.69,35.011,29.825,1,0,0,0,0.0,176.665,138.584,772.937,32.535,30.264,1.0,0.0,0.0,0.0,0.0
00:07:33.579,1705285667282,160.765,147.975,144.858,156.941,807.869,34.23,30.065,1,0,0,0,0.0,176.719,139.018,758.613,32.668,29.582,1.0,0.0,0.0,0.0,0.0
00:07:33.596,1705285667299,160.533,147.899,144.377,156.717,799.371,34.565,29.46,1,0,0,0,0.0,176.671,139.009,767.466,32.922,29.697,1.0,0.0,0.0,0.0,0.0
00:07:33.613,1705285667316,160.751,148.03,144.757,156.88,817.539,35.013,29.745,1,0,0,0,0.0,176.689,139.081,771.294,32.821,29.936,1.0,0.0,0.0,0.0,0.0
00:07:33.629,1705285667332,160.667,148.007,144.714,156.84,813.247,35.178,29.449,1,0,0,0,0.0,176.745,139.18,774.045,32.961,29.915,1.0,0.0,0.0,0.0,0.0
00:07:33.646,1705285667349,160.746,148.087,144.753,156.931,825.497,35.103,29.958,1,0,0,0,0.0,176.62,139.173,780.53,33.036,30.098,1.0,0.0,0.0,0.0,0.0
00:07:33.663,1705285667366,160.676,148.273,144.658,157.302,824.747,34.383,30.556,1,0,0,0,0.0,176.739,139.242,783.504,33.197,30.066,1.0,0.0,0.0,0.0,0.0
00:07:33.679,1705285667382,160.684,148.047,144.676,156.916,838.961,35.351,30.233,1,0,0,0,0.0,176.693,139.244,797.083,33.382,30.418,1.0,0.0,0.0,0.0,0.0
00:07:33.696,1705285667399,160.642,148.044,144.655,156.803,835.144,35.826,29.695,1,0,0,0,0.0,176.691,139.177,796.911,33.585,30.227,1.0,0.0,0.0,0.0,0.0
00:07:33.713,1705285667416,160.677,148.09,144.758,156.927,853.362,35.555,30.575,1,0,0,0,0.0,176.629,139.284,809.255,33.694,30.595,1.0,0.0,0.0,0.0,0.0
00:07:33.729,1705285667432,160.898,148.255,145.199,157.291,886.929,36.098,31.3,1,0,0,0,0.0,176.595,139.253,810.73,33.858,30.503,1.0,0.0,0.0,0.0,0.0
00:07:33.746,1705285667449,160.601,148.198,144.727,156.963,868.203,35.956,30.76,1,0,0,0,0.0,176.596,139.219,820.144,33.995,30.733,1.0,0.0,0.0,0.0,0.0
00:07:33.763,1705285667466,160.276,149.447,144.962,157.435,891.078,36.061,31.478,1,0,0,0,0.0,176.475,139.433,832.464,34.08,31.117,1.0,0.0,0.0,0.0,0.0
00:07:33.779,1705285667482,158.683,154.754,144.556,160.886,911.063,35.978,32.258,1,0,0,0,0.0,175.591,141.459,864.605,34.619,31.815,1.0,0.0,0.0,0.0,0.0
00:07:33.796,1705285667499,159.588,162.892,146.069,169.092,967.885,36.739,33.56,0,283,1,0,0.0,172.809,148.622,921.134,34.952,33.572,0.0,267.0,1.0,0.0,0.0
00:07:33.813,1705285667516,159.888,167.916,147.138,175.398,987.188,36.979,34.007,0,0,1,0,0.0,173.107,156.692,912.61,36.015,32.28,0.0,0.0,1.0,0.0,0.0
00:07:33.829,1705285667532,159.928,170.428,146.899,178.811,1009.634,36.781,34.968,1,0,0,33,7.284,172.638,160.434,947.448,35.605,33.898,1.0,0.0,0.0,33.0,7.088
00:07:33.846,1705285667549,159.823,170.893,146.606,179.745,1020.37,37.164,34.975,1,0,0,0,0.0,172.956,162.046,966.464,35.537,34.645,1.0,0.0,0.0,0.0,0.0
00:07:33.863,1705285667566,159.809,170.72,146.386,179.723,1019.032,37.466,34.649,1,0,0,0,0.0,173.04,162.041,962.281,35.808,34.234,1.0,0.0,0.0,0.0,0.0
00:07:33.879,1705285667582,159.816,170.581,146.157,179.57,1024.844,37.675,34.653,1,0,0,0,0.0,173.232,161.716,977.277,36.436,34.168,1.0,0.0,0.0,0.0,0.0
00:07:33.896,1705285667599,159.766,170.543,146.05,179.421,1024.741,37.658,34.664,1,0,0,0,0.0,173.474,161.593,960.552,36.296,33.712,1.0,0.0,0.0,0.0,0.0
00:07:33.913,1705285667616,159.667,170.569,145.833,179.403,1021.984,37.676,34.555,1,0,0,0,0.0,173.481,161.664,969.487,36.69,33.661,1.0,0.0,0.0,0.0,0.0
00:07:33.929,1705285667632,159.594,170.539,145.722,179.418,1022.852,37.588,34.665,1,0,0,0,0.0,173.501,161.734,972.345,36.57,33.871,1.0,0.0,0.0,0.0,0.0
00:07:33.946,1705285667649,159.647,170.52,145.653,179.609,1046.652,38.044,35.047,1,0,0,0,0.0,173.467,161.66,982.739,36.758,34.058,1.0,0.0,0.0,0.0,0.0
00:07:33.963,1705285667666,159.461,170.504,145.45,179.284,1030.35,37.605,34.904,1,0,0,0,0.0,173.641,161.431,973.914,36.936,33.589,1.0,0.0,0.0,0.0,0.0
00:07:33.979,1705285667682,159.384,170.61,145.418,179.407,1041.757,37.891,35.024,1,0,0,0,0.0,173.472,161.723,971.478,36.675,33.743,1.0,0.0,0.0,0.0,0.0
00:07:33.996,1705285667699,159.369,170.57,145.318,179.447,1032.224,37.623,34.95,1,0,0,0,0.0,173.349,161.812,971.091,36.787,33.627,1.0,0.0,0.0,0.0,0.0
00:07:34.013,1705285667716,159.156,170.655,145.183,179.44,1034.009,37.605,35.027,1,0,0,0,0.0,173.419,161.694,951.701,36.586,33.137,1.0,0.0,0.0,0.0,0.0
00:07:34.029,1705285667732,159.111,171.032,145.115,179.651,1030.864,37.599,34.926,1,0,0,0,0.0,173.13,161.87,958.844,36.681,33.299,1.0,0.0,0.0,0.0,0.0
00:07:34.046,1705285667749,159.237,170.974,145.131,179.847,1018.273,37.377,34.705,1,0,0,0,0.0,173.107,162.414,978.878,36.387,34.27,1.0,0.0,0.0,0.0,0.0
00:07:34.063,1705285667766,159.516,170.605,145.535,179.377,1027.142,37.566,34.831,1,0,0,0,0.0,173.343,162.101,964.591,36.378,33.778,1.0,0.0,0.0,0.0,0.0
00:07:34.079,1705285667782,159.569,170.789,145.634,179.523,1010.48,37.477,34.347,1,0,0,0,0.0,173.497,161.833,954.361,36.464,33.341,1.0,0.0,0.0,0.0,0.0
00:07:34.096,1705285667799,159.51,171.033,145.61,179.557,1007.128,37.337,34.362,1,0,0,0,0.0,173.504,162.054,950.159,36.362,33.288,1.0,0.0,0.0,0.0,0.0
00:07:34.113,1705285667816,159.436,171.142,145.526,179.804,998.133,37.083,34.288,1,0,0,0,0.0,173.411,162.508,947.578,36.118,33.421,1.0,0.0,0.0,0.0,0.0
00:07:34.129,1705285667832,159.37,171.402,145.39,179.974,998.54,37.097,34.289,1,0,0,0,0.0,173.346,162.48,939.871,36.041,33.22,1.0,0.0,0.0,0.0,0.0
00:07:34.146,1705285667849,159.324,171.616,145.428,180.121,994.346,37.228,34.025,1,0,0,0,0.0,173.35,162.83,940.843,35.939,33.349,1.0,0.0,0.0,0.0,0.0
00:07:34.163,1705285667866,159.225,171.827,145.284,180.361,994.734,37.104,34.152,1,0,0,0,0.0,173.221,163.11,929.662,35.726,33.149,1.0,0.0,0.0,0.0,0.0
00:07:34.179,1705285667882,159.129,171.81,145.157,180.416,992.748,36.934,34.241,1,0,0,0,0.0,173.165,163.293,929.138,35.855,33.011,1.0,0.0,0.0,0.0,0.0
00:07:34.196,1705285667899,159.082,172.065,145.118,180.572,999.696,36.876,34.535,1,0,0,0,0.0,173.101,163.203,924.471,36.086,32.635,1.0,0.0,0.0,0.0,0.0
00:07:34.213,1705285667916,158.989,172.143,145.064,180.63,997.691,37.028,34.324,1,0,0,0,0.0,173.046,163.559,931.296,35.876,33.069,1.0,0.0,0.0,0.0,0.0
00:07:34.229,1705285667932,159.071,172.241,145.082,180.852,1009.273,37.424,34.355,1,0,0,0,0.0,172.914,163.657,929.394,35.971,32.914,1.0,0.0,0.0,0.0,0.0
00:07:34.246,1705285667949,159.039,172.16,145.08,180.741,1006.812,37.223,34.456,1,0,0,0,0.0,173.06,163.629,938.017,35.846,33.335,1.0,0.0,0.0,0.0,0.0
00:07:34.263,1705285667966,159.007,172.138,145.058,180.855,1013.45,37.374,34.543,1,0,0,0,0.0,172.997,163.578,930.012,35.945,32.96,1.0,0.0,0.0,0.0,0.0
00:07:34.279,1705285667982,159.012,172.186,145.018,180.66,1021.278,37.566,34.632,1,0,0,0,0.0,172.957,163.42,933.499,36.168,32.879,1.0,0.0,0.0,0.0,0.0
00:07:34.296,1705285667999,159.002,172.027,144.988,180.612,1036.478,37.8,34.93,1,0,0,0,0.0,173.006,163.712,944.447,36.002,33.418,1.0,0.0,0.0,0.0,0.0
00:07:34.313,1705285668016,159.078,172.109,145.111,180.611,1024.996,37.635,34.694,1,0,0,0,0.0,173.016,163.443,942.651,36.307,33.075,1.0,0.0,0.0,0.0,0.0
00:07:34.329,1705285668032,159.132,172.183,145.131,180.81,1033.02,37.847,34.77,1,0,0,0,0.0,173.046,163.607,960.894,36.209,33.806,1.0,0.0,0.0,0.0,0.0
00:07:34.346,1705285668049,159.11,172.137,145.165,180.708,1036.234,37.872,34.856,1,0,0,0,0.0,173.132,163.556,962.466,36.396,33.687,1.0,0.0,0.0,0.0,0.0
00:07:34.363,1705285668066,159.18,172.069,145.21,180.714,1047.782,37.841,35.273,1,0,0,0,0.0,173.054,163.567,967.727,36.654,33.633,1.0,0.0,0.0,0.0,0.0
00:07:34.379,1705285668082,159.192,172.178,145.239,180.662,1059.607,38.354,35.194,1,0,0,0,0.0,173.15,163.425,970.591,36.657,33.729,1.0,0.0,0.0,0.0,0.0
00:07:34.396,1705285668099,159.367,171.881,145.352,180.417,1079.433,38.331,35.874,1,0,0,0,0.0,173.144,163.694,1001.498,37.068,34.417,1.0,0.0,0.0,0.0,0.0
00:07:34.413,1705285668116,159.409,171.769,145.502,179.867,1139.378,40.197,36.108,1,0,0,0,0.0,173.381,163.346,1000.565,37.26,34.208,1.0,0.0,0.0,0.0,0.0
00:07:34.429,1705285668132,160.046,172.03,145.797,180.456,1095.897,39.163,35.647,1,0,0,0,0.0,173.316,163.671,997.405,36.898,34.435,1.0,0.0,0.0,0.0,0.0
00:07:34.446,1705285668149,160.487,172.022,146.629,180.343,1118.487,39.53,36.044,1,0,0,0,0.0,174.295,163.604,1010.445,37.157,34.641,1.0,0.0,0.0,0.0,0.0
00:07:34.463,1705285668166,160.506,171.77,146.623,180.054,1137.76,39.603,36.598,1,0,0,0,0.0,174.345,163.701,1002.002,36.763,34.721,1.0,0.0,0.0,0.0,0.0
00:07:34.479,1705285668182,160.592,171.85,146.672,180.18,1133.361,39.768,36.305,1,0,0,0,0.0,174.388,163.486,1024.868,37.549,34.77,1.0,0.0,0.0,0.0,0.0
00:07:34.496,1705285668199,160.484,171.825,146.568,180.117,1144.534,39.54,36.874,1,0,0,0,0.0,174.513,163.52,1031.033,37.336,35.178,1.0,0.0,0.0,0.0,0.0
00:07:34.513,1705285668216,160.666,171.889,146.63,180.343,1151.15,39.687,36.95,1,0,0,0,0.0,174.399,163.533,1040.681,37.569,35.288,1.0,0.0,0.0,0.0,0.0
00:07:34.529,1705285668232,160.536,171.783,146.513,179.957,1169.918,39.833,37.414,1,0,0,0,0.0,174.701,163.435,1028.266,37.132,35.276,1.0,0.0,0.0,0.0,0.0
00:07:34.546,1705285668249,160.556,171.883,146.586,180.386,1159.952,39.497,37.411,1,0,0,0,0.0,174.558,163.608,1053.162,37.498,35.778,1.0,0.0,0.0,0.0,0.0
00:07:34.563,1705285668266,160.558,171.699,146.556,179.973,1185.008,40.215,37.537,1,0,0,0,0.0,174.526,163.38,1060.969,37.885,35.675,1.0,0.0,0.0,0.0,0.0
00:07:34.579,1705285668282,160.544,171.698,146.573,180.083,1197.172,40.628,37.537,1,0,0,0,0.0,174.561,163.424,1069.925,37.979,35.888,1.0,0.0,0.0,0.0,0.0
00:07:34.596,1705285668299,160.462,171.102,146.457,179.978,1192.367,40.418,37.581,1,0,0,0,0.0,174.514,163.313,1071.869,37.832,36.092,1.0,0.0,0.0,0.0,0.0
00:07:34.613,1705285668316,160.072,168.818,146.212,178.772,1139.238,39.943,36.333,1,0,0,0,0.0,174.466,162.227,1080.591,38.004,36.221,1.0,0.0,0.0,0.0,0.0
00:07:34.629,1705285668332,159.702,166.762,145.524,176.471,911.034,40.322,28.782,1,0,0,0,0.0,173.931,158.863,987.449,39.04,32.22,1.0,0.0,0.0,0.0,0.0
00:07:34.646,1705285668349,170.85,158.363,143.812,176.862,396.285,31.67,15.94,1,0,0,0,0.0,173.881,157.052,623.461,36.069,22.02,1.0,0.0,0.0,0.0,0.0
