rec_time,UTC,Pupil X,Pupil Y,Left Eye_Pupil X,Left Eye_Pupil Y,Left Eye_Pupil Area,Left Eye_Pupil Height,Left Eye_Pupil Width,Left Eye_Fixations_Fixations,Left Eye_Fixations_Fixations Duration,Left Eye_Saccades_Saccades,Left Eye_Saccades_Saccades Duration,Left Eye_Saccades_Saccades Angle,Right Eye_Pupil X,Right Eye_Pupil Y,Right Eye_Pupil Area,Right Eye_Pupil Height,Right Eye_Pupil Width,Right Eye_Fixations_Fixations,Right Eye_Fixations_Fixations Duration,Right Eye_Saccades_Saccades,Right Eye_Saccades_Saccades Duration,Right Eye_Saccades_Saccades Angle
00:06:00.034,1705631061450,0.0,0.0,0.0,0.0,0.0,0.0,0.0,0,0,0,0,0.0,0.0,0.0,0.0,0.0,0.0,0.0,0.0,0.0,0.0,0.0
00:06:00.051,1705631061467,0.0,0.0,0.0,0.0,0.0,0.0,0.0,0,0,0,0,0.0,0.0,0.0,0.0,0.0,0.0,0.0,0.0,0.0,0.0,0.0
00:06:00.067,1705631061483,0.0,0.0,0.0,0.0,0.0,0.0,0.0,0,0,0,0,0.0,0.0,0.0,0.0,0.0,0.0,0.0,0.0,0.0,0.0,0.0
00:06:00.084,1705631061500,0.0,0.0,0.0,0.0,0.0,0.0,0.0,0,0,0,0,0.0,0.0,0.0,0.0,0.0,0.0,0.0,0.0,0.0,0.0,0.0
00:06:00.101,1705631061517,0.0,0.0,0.0,0.0,0.0,0.0,0.0,0,0,0,0,0.0,0.0,0.0,0.0,0.0,0.0,0.0,0.0,0.0,0.0,0.0
00:06:00.117,1705631061533,0.0,0.0,0.0,0.0,0.0,0.0,0.0,0,0,0,0,0.0,0.0,0.0,0.0,0.0,0.0,0.0,0.0,0.0,0.0,0.0
00:06:00.134,1705631061550,0.0,0.0,0.0,0.0,0.0,0.0,0.0,0,0,0,0,0.0,0.0,0.0,0.0,0.0,0.0,0.0,0.0,0.0,0.0,0.0
00:06:00.151,1705631061567,0.0,0.0,0.0,0.0,0.0,0.0,0.0,0,0,0,0,0.0,0.0,0.0,0.0,0.0,0.0,0.0,0.0,0.0,0.0,0.0
00:06:00.167,1705631061583,0.0,0.0,0.0,0.0,0.0,0.0,0.0,0,0,0,0,0.0,0.0,0.0,0.0,0.0,0.0,0.0,0.0,0.0,0.0,0.0
00:06:00.184,1705631061600,0.0,0.0,0.0,0.0,0.0,0.0,0.0,0,0,0,0,0.0,0.0,0.0,0.0,0.0,0.0,0.0,0.0,0.0,0.0,0.0
00:06:00.201,1705631061617,0.0,0.0,0.0,0.0,0.0,0.0,0.0,0,0,0,0,0.0,0.0,0.0,0.0,0.0,0.0,0.0,0.0,0.0,0.0,0.0
00:06:00.217,1705631061633,0.0,0.0,0.0,0.0,0.0,0.0,0.0,0,0,0,0,0.0,0.0,0.0,0.0,0.0,0.0,0.0,0.0,0.0,0.0,0.0
00:06:00.234,1705631061650,0.0,0.0,0.0,0.0,0.0,0.0,0.0,0,0,0,0,0.0,0.0,0.0,0.0,0.0,0.0,0.0,0.0,0.0,0.0,0.0
00:06:00.251,1705631061667,0.0,0.0,0.0,0.0,0.0,0.0,0.0,0,0,0,0,0.0,0.0,0.0,0.0,0.0,0.0,0.0,0.0,0.0,0.0,0.0
00:06:00.267,1705631061683,0.0,0.0,0.0,0.0,0.0,0.0,0.0,0,0,0,0,0.0,0.0,0.0,0.0,0.0,0.0,0.0,0.0,0.0,0.0,0.0
00:06:00.284,1705631061700,0.0,0.0,0.0,0.0,0.0,0.0,0.0,0,0,0,0,0.0,0.0,0.0,0.0,0.0,0.0,0.0,0.0,0.0,0.0,0.0
00:06:00.301,1705631061717,0.0,0.0,0.0,0.0,0.0,0.0,0.0,0,0,0,0,0.0,0.0,0.0,0.0,0.0,0.0,0.0,0.0,0.0,0.0,0.0
00:06:00.317,1705631061733,0.0,0.0,0.0,0.0,0.0,0.0,0.0,0,0,0,0,0.0,0.0,0.0,0.0,0.0,0.0,0.0,0.0,0.0,0.0,0.0
00:06:00.334,1705631061750,0.0,0.0,0.0,0.0,0.0,0.0,0.0,0,0,0,0,0.0,0.0,0.0,0.0,0.0,0.0,0.0,0.0,0.0,0.0,0.0
00:06:00.351,1705631061767,0.0,0.0,0.0,0.0,0.0,0.0,0.0,0,0,0,0,0.0,0.0,0.0,0.0,0.0,0.0,0.0,0.0,0.0,0.0,0.0
00:06:00.367,1705631061783,0.0,0.0,0.0,0.0,0.0,0.0,0.0,0,0,0,0,0.0,0.0,0.0,0.0,0.0,0.0,0.0,0.0,0.0,0.0,0.0
00:06:00.384,1705631061800,0.0,0.0,0.0,0.0,0.0,0.0,0.0,0,0,0,0,0.0,0.0,0.0,0.0,0.0,0.0,0.0,0.0,0.0,0.0,0.0
00:06:00.401,1705631061817,0.0,0.0,0.0,0.0,0.0,0.0,0.0,0,0,0,0,0.0,0.0,0.0,0.0,0.0,0.0,0.0,0.0,0.0,0.0,0.0
00:06:00.417,1705631061833,0.0,0.0,0.0,0.0,0.0,0.0,0.0,0,0,0,0,0.0,0.0,0.0,0.0,0.0,0.0,0.0,0.0,0.0,0.0,0.0
00:06:00.434,1705631061850,0.0,0.0,0.0,0.0,0.0,0.0,0.0,0,0,0,0,0.0,0.0,0.0,0.0,0.0,0.0,0.0,0.0,0.0,0.0,0.0
00:06:00.451,1705631061867,0.0,0.0,0.0,0.0,0.0,0.0,0.0,0,0,0,0,0.0,0.0,0.0,0.0,0.0,0.0,0.0,0.0,0.0,0.0,0.0
00:06:00.467,1705631061883,0.0,0.0,0.0,0.0,0.0,0.0,0.0,0,0,0,0,0.0,0.0,0.0,0.0,0.0,0.0,0.0,0.0,0.0,0.0,0.0
00:06:00.484,1705631061900,0.0,0.0,0.0,0.0,0.0,0.0,0.0,0,0,0,0,0.0,0.0,0.0,0.0,0.0,0.0,0.0,0.0,0.0,0.0,0.0
00:06:00.501,1705631061917,0.0,0.0,0.0,0.0,0.0,0.0,0.0,0,0,0,0,0.0,0.0,0.0,0.0,0.0,0.0,0.0,0.0,0.0,0.0,0.0
00:06:00.517,1705631061933,0.0,0.0,0.0,0.0,0.0,0.0,0.0,0,0,0,0,0.0,144.59,158.823,387.726,24.919,19.821,0.0,0.0,0.0,0.0,0.0
00:06:00.534,1705631061950,0.0,0.0,182.97,154.684,413.902,27.46,19.201,0,0,0,0,0.0,149.015,160.292,280.867,22.951,15.589,0.0,0.0,1.0,0.0,0.0
00:06:00.551,1705631061967,165.811,155.108,187.267,153.33,640.891,36.068,22.636,0,0,1,0,0.0,0.0,0.0,0.0,0.0,0.0,0.0,0.0,0.0,17.0,0.0
00:06:00.567,1705631061983,166.311,154.42,188.629,153.406,863.312,39.085,28.137,1,0,0,16,0.0,144.355,156.887,719.765,38.051,24.097,0.0,0.0,0.0,0.0,0.0
00:06:00.584,1705631062000,166.355,152.975,188.882,151.34,944.563,39.405,30.536,1,0,0,0,0.0,143.994,155.434,796.368,38.466,26.373,1.0,0.0,0.0,0.0,0.0
00:06:00.601,1705631062017,166.29,152.301,188.578,151.038,981.992,39.383,31.764,1,0,0,0,0.0,143.828,154.61,855.714,39.082,27.892,1.0,0.0,0.0,0.0,0.0
00:06:00.617,1705631062033,165.921,151.316,187.839,149.069,1009.707,41.12,31.28,1,0,0,0,0.0,144.002,153.564,934.671,38.529,30.903,1.0,0.0,0.0,0.0,0.0
00:06:00.634,1705631062050,165.968,151.824,188.125,150.539,989.739,39.202,32.162,1,0,0,0,0.0,144.002,153.564,934.671,38.529,30.903,1.0,0.0,0.0,0.0,0.0
00:06:00.651,1705631062067,165.663,151.235,187.533,149.484,959.032,38.506,31.727,1,0,0,0,0.0,143.811,153.109,984.873,38.868,32.279,1.0,0.0,0.0,0.0,0.0
00:06:00.667,1705631062083,165.823,151.473,187.853,149.96,983.203,39.172,31.974,1,0,0,0,0.0,143.792,152.987,994.451,38.54,32.87,1.0,0.0,0.0,0.0,0.0
00:06:00.684,1705631062100,165.841,151.285,187.807,149.649,1004.071,39.057,32.749,1,0,0,0,0.0,143.792,152.987,994.451,38.54,32.87,1.0,0.0,0.0,0.0,0.0
00:06:00.701,1705631062117,166.037,151.332,188.208,149.945,1038.006,39.366,33.59,1,0,0,0,0.0,143.875,152.92,1005.561,38.231,33.506,1.0,0.0,0.0,0.0,0.0
00:06:00.717,1705631062133,166.037,151.332,188.208,149.945,1038.006,39.366,33.59,1,0,0,0,0.0,143.866,152.719,1031.542,39.025,33.672,1.0,0.0,0.0,0.0,0.0
00:06:00.734,1705631062150,165.923,151.051,187.913,149.192,1036.825,39.277,33.628,1,0,0,0,0.0,143.866,152.719,1031.542,39.025,33.672,1.0,0.0,0.0,0.0,0.0
00:06:00.751,1705631062167,166.089,151.254,188.292,149.133,1068.761,39.355,34.594,1,0,0,0,0.0,143.933,152.91,1020.713,38.842,33.476,1.0,0.0,0.0,0.0,0.0
00:06:00.767,1705631062183,166.089,151.254,188.292,149.133,1068.761,39.355,34.594,1,0,0,0,0.0,143.887,153.375,1007.837,38.927,32.981,1.0,0.0,0.0,0.0,0.0
00:06:00.784,1705631062200,165.938,150.586,188.002,148.47,1059.168,39.438,34.213,1,0,0,0,0.0,143.887,153.375,1007.837,38.927,32.981,1.0,0.0,0.0,0.0,0.0
00:06:00.801,1705631062217,166.074,150.738,188.32,148.891,1078.365,39.133,35.104,1,0,0,0,0.0,143.874,152.703,1068.965,38.695,35.191,1.0,0.0,0.0,0.0,0.0
00:06:00.817,1705631062233,166.074,150.738,188.32,148.891,1078.365,39.133,35.104,1,0,0,0,0.0,143.829,152.585,1066.803,38.597,35.21,1.0,0.0,0.0,0.0,0.0
00:06:00.834,1705631062250,165.954,150.558,188.196,148.763,1047.021,38.828,34.351,1,0,0,0,0.0,143.829,152.585,1066.803,38.597,35.21,1.0,0.0,0.0,0.0,0.0
00:06:00.851,1705631062267,166.042,150.626,188.393,148.547,1035.198,38.978,33.833,1,0,0,0,0.0,143.711,152.353,1079.525,37.958,36.229,1.0,0.0,0.0,0.0,0.0
00:06:00.867,1705631062283,166.042,150.626,188.393,148.547,1035.198,38.978,33.833,1,0,0,0,0.0,143.691,152.704,1063.442,38.067,35.587,1.0,0.0,0.0,0.0,0.0
00:06:00.884,1705631062300,173.064,152.435,196.441,150.885,1059.094,37.441,36.035,0,317,1,0,0.0,143.691,152.704,1063.442,38.067,35.587,1.0,0.0,0.0,0.0,0.0
00:06:00.901,1705631062317,173.267,152.37,196.587,150.837,1031.866,37.339,35.204,1,0,0,0,0.0,149.687,153.985,1035.456,37.306,35.358,1.0,0.0,0.0,0.0,0.0
00:06:00.917,1705631062333,173.267,152.37,196.587,150.837,1031.866,37.339,35.204,1,0,0,33,3.302,149.948,153.903,1028.093,37.008,35.389,1.0,0.0,0.0,0.0,0.0
00:06:00.934,1705631062350,173.223,152.403,196.583,151.041,991.846,36.245,34.86,1,0,0,0,0.0,149.948,153.903,1028.093,37.008,35.389,1.0,0.0,0.0,0.0,0.0
00:06:00.951,1705631062367,172.922,152.586,196.36,151.173,974.889,36.072,34.428,1,0,0,0,0.0,149.864,153.765,975.361,36.082,34.435,1.0,0.0,0.0,0.0,0.0
00:06:00.967,1705631062383,172.922,152.586,196.36,151.173,974.889,36.072,34.428,1,0,0,0,0.0,149.484,153.999,974.234,36.255,34.232,1.0,0.0,0.0,0.0,0.0
00:06:00.984,1705631062400,172.763,152.366,196.096,150.771,914.52,35.775,32.564,1,0,0,0,0.0,149.484,153.999,974.234,36.255,34.232,1.0,0.0,0.0,0.0,0.0
00:06:01.001,1705631062417,172.861,151.95,196.005,150.025,870.696,35.79,30.991,1,0,0,0,0.0,149.431,153.96,944.469,35.493,33.898,1.0,0.0,0.0,0.0,0.0
00:06:01.017,1705631062433,172.861,151.95,196.005,150.025,870.696,35.79,30.991,1,0,0,0,0.0,149.718,153.875,901.92,34.786,33.029,1.0,0.0,0.0,0.0,0.0
00:06:01.034,1705631062450,172.854,152.041,195.969,150.248,870.941,35.553,31.207,1,0,0,0,0.0,149.718,153.875,901.92,34.786,33.029,1.0,0.0,0.0,0.0,0.0
00:06:01.051,1705631062467,172.681,152.04,195.922,150.093,842.041,35.119,30.543,1,0,0,0,0.0,149.738,153.834,884.545,34.523,32.64,1.0,0.0,0.0,0.0,0.0
00:06:01.067,1705631062483,172.681,152.04,195.922,150.093,842.041,35.119,30.543,1,0,0,0,0.0,149.439,153.987,877.672,34.891,32.044,1.0,0.0,0.0,0.0,0.0
00:06:01.084,1705631062500,172.997,151.647,195.897,149.823,824.038,35.03,29.966,1,0,0,0,0.0,149.439,153.987,877.672,34.891,32.044,1.0,0.0,0.0,0.0,0.0
00:06:01.101,1705631062517,172.854,151.693,195.905,149.867,814.811,34.773,29.85,1,0,0,0,0.0,150.096,153.471,816.685,33.772,30.805,1.0,0.0,0.0,0.0,0.0
00:06:01.117,1705631062533,172.854,151.693,195.905,149.867,814.811,34.773,29.85,1,0,0,0,0.0,149.802,153.52,823.592,33.917,30.933,1.0,0.0,0.0,0.0,0.0
00:06:01.134,1705631062550,172.741,151.717,195.744,149.961,815.828,34.778,29.883,1,0,0,0,0.0,149.802,153.52,823.592,33.917,30.933,1.0,0.0,0.0,0.0,0.0
00:06:01.151,1705631062567,172.806,152.084,195.934,150.566,838.58,34.314,31.132,1,0,0,0,0.0,149.737,153.473,823.685,33.542,31.283,1.0,0.0,0.0,0.0,0.0
00:06:01.167,1705631062583,172.806,152.084,195.934,150.566,838.58,34.314,31.132,1,0,0,0,0.0,149.678,153.602,825.557,33.356,31.528,1.0,0.0,0.0,0.0,0.0
00:06:01.184,1705631062600,172.685,151.742,195.75,149.951,817.317,34.82,29.902,1,0,0,0,0.0,149.678,153.602,825.557,33.356,31.528,1.0,0.0,0.0,0.0,0.0
00:06:01.201,1705631062617,172.55,149.588,195.73,149.911,805.943,34.718,29.572,1,0,0,0,0.0,149.62,153.532,823.462,33.817,31.019,1.0,0.0,0.0,0.0,0.0
00:06:01.217,1705631062633,172.55,149.588,195.73,149.911,805.943,34.718,29.572,1,0,0,0,0.0,149.369,149.265,583.485,34.042,21.835,1.0,0.0,0.0,0.0,0.0
00:06:01.234,1705631062650,172.588,151.691,195.567,150.049,821.872,34.842,30.049,1,0,0,0,0.0,149.369,149.265,583.485,34.042,21.835,1.0,0.0,0.0,0.0,0.0
00:06:01.251,1705631062667,172.436,151.635,195.329,149.884,827.56,34.639,30.434,1,0,0,0,0.0,149.61,153.332,825.738,33.851,31.075,1.0,0.0,0.0,0.0,0.0
00:06:01.267,1705631062683,172.436,151.635,195.329,149.884,827.56,34.639,30.434,1,0,0,0,0.0,149.543,153.387,829.822,33.555,31.503,1.0,0.0,0.0,0.0,0.0
00:06:01.284,1705631062700,172.335,151.97,195.033,150.286,836.903,35.041,30.425,1,0,0,0,0.0,149.543,153.387,829.822,33.555,31.503,1.0,0.0,0.0,0.0,0.0
00:06:01.301,1705631062717,0.0,0.0,0.0,0.0,0.0,0.0,0.0,0,0,0,0,0.0,149.638,153.654,805.941,34.299,29.933,1.0,0.0,0.0,0.0,0.0
00:06:01.317,1705631062733,0.0,0.0,0.0,0.0,0.0,0.0,0.0,0,0,0,0,0.0,0.0,0.0,0.0,0.0,0.0,0.0,0.0,0.0,0.0,0.0
00:06:01.334,1705631062750,0.0,0.0,0.0,0.0,0.0,0.0,0.0,0,0,0,0,0.0,0.0,0.0,0.0,0.0,0.0,0.0,0.0,0.0,0.0,0.0
00:06:01.351,1705631062767,0.0,0.0,0.0,0.0,0.0,0.0,0.0,0,0,0,0,0.0,0.0,0.0,0.0,0.0,0.0,0.0,0.0,0.0,0.0,0.0
00:06:01.367,1705631062783,0.0,0.0,0.0,0.0,0.0,0.0,0.0,0,0,0,0,0.0,0.0,0.0,0.0,0.0,0.0,0.0,0.0,0.0,0.0,0.0
00:06:01.384,1705631062800,0.0,0.0,0.0,0.0,0.0,0.0,0.0,0,0,0,0,0.0,0.0,0.0,0.0,0.0,0.0,0.0,0.0,0.0,0.0,0.0
00:06:01.401,1705631062817,0.0,0.0,0.0,0.0,0.0,0.0,0.0,0,0,0,0,0.0,0.0,0.0,0.0,0.0,0.0,0.0,0.0,0.0,0.0,0.0
00:06:01.417,1705631062833,0.0,0.0,0.0,0.0,0.0,0.0,0.0,0,0,0,0,0.0,0.0,0.0,0.0,0.0,0.0,0.0,0.0,0.0,0.0,0.0
00:06:01.434,1705631062850,0.0,0.0,0.0,0.0,0.0,0.0,0.0,0,0,0,0,0.0,0.0,0.0,0.0,0.0,0.0,0.0,0.0,0.0,0.0,0.0
00:06:01.451,1705631062867,0.0,0.0,0.0,0.0,0.0,0.0,0.0,0,0,0,0,0.0,0.0,0.0,0.0,0.0,0.0,0.0,0.0,0.0,0.0,0.0
00:06:01.467,1705631062883,0.0,0.0,0.0,0.0,0.0,0.0,0.0,0,0,0,0,0.0,101.297,206.084,57.113,11.348,6.411,1.0,0.0,0.0,0.0,0.0
00:06:01.484,1705631062900,0.0,0.0,0.0,0.0,0.0,0.0,0.0,0,0,0,0,0.0,0.0,0.0,0.0,0.0,0.0,0.0,0.0,0.0,0.0,0.0
00:06:01.501,1705631062917,0.0,0.0,0.0,0.0,0.0,0.0,0.0,0,0,0,0,0.0,0.0,0.0,0.0,0.0,0.0,0.0,0.0,0.0,0.0,0.0
00:06:01.517,1705631062933,0.0,0.0,0.0,0.0,0.0,0.0,0.0,0,0,0,0,0.0,0.0,0.0,0.0,0.0,0.0,0.0,0.0,0.0,0.0,0.0
00:06:01.534,1705631062950,0.0,0.0,0.0,0.0,0.0,0.0,0.0,0,0,0,0,0.0,0.0,0.0,0.0,0.0,0.0,0.0,0.0,0.0,0.0,0.0
00:06:01.551,1705631062967,0.0,0.0,0.0,0.0,0.0,0.0,0.0,0,0,0,0,0.0,0.0,0.0,0.0,0.0,0.0,0.0,0.0,0.0,0.0,0.0
00:06:01.567,1705631062983,0.0,0.0,0.0,0.0,0.0,0.0,0.0,0,0,0,0,0.0,0.0,0.0,0.0,0.0,0.0,0.0,0.0,0.0,0.0,0.0
00:06:01.584,1705631063000,0.0,0.0,183.503,154.895,312.474,24.739,16.09,1,0,0,0,0.0,149.098,159.122,262.963,23.962,13.98,1.0,0.0,0.0,0.0,0.0
00:06:01.601,1705631063017,0.0,0.0,181.453,152.036,354.047,22.922,19.676,1,0,0,0,0.0,143.584,156.053,611.211,36.49,21.338,1.0,0.0,1.0,0.0,0.0
00:06:01.617,1705631063033,0.0,0.0,181.19,150.97,389.765,24.897,19.943,1,0,0,0,0.0,143.624,154.468,717.602,36.515,25.035,1.0,0.0,0.0,17.0,0.0
00:06:01.634,1705631063050,0.0,0.0,182.291,152.314,440.881,29.07,19.32,1,0,0,0,0.0,143.358,153.405,789.839,35.376,28.442,1.0,0.0,0.0,0.0,0.0
00:06:01.651,1705631063067,0.0,0.0,188.167,149.187,829.675,36.542,28.923,0,750,1,0,0.0,143.88,152.126,884.199,36.455,30.898,1.0,0.0,0.0,0.0,0.0
00:06:01.667,1705631063083,0.0,0.0,188.17,148.512,903.919,37.211,30.945,1,0,0,16,2.807,143.953,151.143,974.521,36.641,33.881,1.0,0.0,0.0,0.0,0.0
00:06:01.684,1705631063100,0.0,0.0,188.172,148.193,941.427,37.407,32.06,1,0,0,0,0.0,143.995,151.635,945.012,36.711,32.792,1.0,0.0,0.0,0.0,0.0
00:06:01.701,1705631063117,0.0,0.0,188.21,147.727,963.583,37.293,32.915,1,0,0,0,0.0,144.197,151.963,922.501,37.104,31.672,1.0,0.0,0.0,0.0,0.0
00:06:01.717,1705631063133,0.0,0.0,188.197,147.829,979.36,37.645,33.141,1,0,0,0,0.0,144.047,151.688,956.576,36.931,32.996,1.0,0.0,0.0,0.0,0.0
00:06:01.734,1705631063150,0.0,0.0,188.255,147.703,994.167,37.637,33.65,1,0,0,0,0.0,143.929,151.443,980.099,36.969,33.772,1.0,0.0,0.0,0.0,0.0
00:06:01.751,1705631063167,0.0,0.0,188.144,147.76,998.509,37.906,33.557,1,0,0,0,0.0,143.775,151.512,993.541,36.987,34.219,1.0,0.0,0.0,0.0,0.0
00:06:01.767,1705631063183,0.0,0.0,188.16,148.006,1009.507,37.577,34.223,1,0,0,0,0.0,143.756,151.407,1008.399,37.22,34.513,1.0,0.0,0.0,0.0,0.0
00:06:01.784,1705631063200,0.0,0.0,188.099,147.906,1009.982,38.041,33.822,1,0,0,0,0.0,143.651,151.53,1021.578,37.438,34.761,1.0,0.0,0.0,0.0,0.0
00:06:01.801,1705631063217,0.0,0.0,188.26,148.021,1030.646,38.025,34.528,1,0,0,0,0.0,143.464,151.431,1024.755,36.852,35.424,1.0,0.0,0.0,0.0,0.0
00:06:01.817,1705631063233,0.0,0.0,190.244,148.101,1013.439,38.438,33.587,1,0,0,0,0.0,143.697,151.475,1038.208,37.533,35.237,1.0,0.0,0.0,0.0,0.0
00:06:01.834,1705631063250,0.0,0.0,192.456,150.079,1098.722,38.493,36.361,1,0,0,0,0.0,145.659,152.21,1058.075,37.55,35.896,1.0,0.0,0.0,0.0,0.0
00:06:01.851,1705631063267,0.0,0.0,192.273,149.875,1102.713,38.491,36.495,1,0,0,0,0.0,146.389,152.711,1064.528,37.926,35.757,1.0,0.0,0.0,0.0,0.0
00:06:01.867,1705631063283,0.0,0.0,192.158,149.913,1094.677,38.616,36.112,1,0,0,0,0.0,146.518,152.718,1075.121,37.735,36.295,1.0,0.0,0.0,0.0,0.0
00:06:01.884,1705631063300,0.0,0.0,192.281,150.169,1131.463,38.816,37.133,1,0,0,0,0.0,146.44,152.717,1093.923,37.875,36.793,1.0,0.0,0.0,0.0,0.0
00:06:01.901,1705631063317,0.0,0.0,192.245,150.203,1116.292,38.712,36.733,1,0,0,0,0.0,146.456,152.739,1097.663,37.926,36.869,1.0,0.0,0.0,0.0,0.0
00:06:01.917,1705631063333,0.0,0.0,192.167,149.824,1105.776,38.785,36.319,1,0,0,0,0.0,146.516,152.669,1092.16,37.769,36.837,1.0,0.0,0.0,0.0,0.0
00:06:01.934,1705631063350,0.0,0.0,192.176,150.147,1117.512,38.829,36.663,1,0,0,0,0.0,146.366,152.795,1081.558,37.715,36.531,1.0,0.0,0.0,0.0,0.0
00:06:01.951,1705631063367,0.0,0.0,192.18,150.182,1120.041,38.745,36.825,1,0,0,0,0.0,146.374,152.824,1079.269,37.639,36.528,1.0,0.0,0.0,0.0,0.0
00:06:01.967,1705631063383,0.0,0.0,192.05,149.963,1077.861,38.212,35.933,1,0,0,0,0.0,146.339,152.879,1078.373,37.598,36.537,1.0,0.0,0.0,0.0,0.0
00:06:01.984,1705631063400,0.0,0.0,192.241,150.291,1092.35,38.209,36.419,1,0,0,0,0.0,146.196,152.898,1065.408,37.23,36.455,1.0,0.0,0.0,0.0,0.0
00:06:02.001,1705631063417,0.0,0.0,192.294,150.268,1067.686,37.604,36.169,1,0,0,0,0.0,146.211,152.953,1042.242,36.979,35.904,1.0,0.0,0.0,0.0,0.0
00:06:02.017,1705631063433,0.0,0.0,192.157,150.452,1058.763,38.114,35.387,1,0,0,0,0.0,146.099,152.806,1036.876,36.958,35.739,1.0,0.0,0.0,0.0,0.0
00:06:02.034,1705631063450,0.0,0.0,191.827,149.683,1006.851,37.678,34.042,1,0,0,0,0.0,146.055,152.879,1026.759,36.801,35.542,1.0,0.0,0.0,0.0,0.0
00:06:02.051,1705631063467,0.0,0.0,192.061,150.045,1010.822,37.133,34.677,1,0,0,0,0.0,146.257,152.669,992.345,36.428,34.702,1.0,0.0,0.0,0.0,0.0
00:06:02.067,1705631063483,0.0,0.0,191.775,149.626,976.868,37.125,33.52,1,0,0,0,0.0,145.985,152.914,997.067,36.258,35.03,1.0,0.0,0.0,0.0,0.0
00:06:02.084,1705631063500,0.0,0.0,188.058,148.28,863.021,35.497,30.971,1,0,0,0,0.0,146.016,152.6,958.42,35.68,34.219,1.0,0.0,0.0,0.0,0.0
00:06:02.101,1705631063517,0.0,0.0,180.73,147.361,886.348,34.978,32.281,0,434,1,0,0.0,140.61,151.578,890.294,35.059,32.349,0.0,1517.0,1.0,0.0,0.0
00:06:02.117,1705631063533,0.0,0.0,177.828,146.747,891.83,35.182,32.292,1,0,0,16,3.995,132.464,149.212,857.331,34.791,31.391,0.0,0.0,1.0,0.0,0.0
00:06:02.134,1705631063550,0.0,0.0,177.869,146.859,884.566,35.249,31.968,1,0,0,0,0.0,130.966,149.422,914.08,34.696,33.561,1.0,0.0,0.0,33.0,5.229
00:06:02.151,1705631063567,0.0,0.0,178.164,146.899,902.715,35.182,32.686,1,0,0,0,0.0,131.342,149.621,919.423,34.52,33.929,1.0,0.0,0.0,0.0,0.0
00:06:02.167,1705631063583,0.0,0.0,178.068,147.127,879.159,35.046,31.956,1,0,0,0,0.0,131.325,149.617,915.967,34.491,33.83,1.0,0.0,0.0,0.0,0.0
00:06:02.184,1705631063600,0.0,0.0,177.959,146.911,887.083,35.03,32.259,1,0,0,0,0.0,131.403,149.653,909.116,34.358,33.707,1.0,0.0,0.0,0.0,0.0
00:06:02.201,1705631063617,0.0,0.0,177.894,146.914,876.902,34.757,32.139,1,0,0,0,0.0,131.481,149.61,910.096,34.455,33.649,1.0,0.0,0.0,0.0,0.0
00:06:02.217,1705631063633,0.0,0.0,177.812,147.005,866.564,34.618,31.889,1,0,0,0,0.0,131.634,149.417,887.611,34.339,32.928,1.0,0.0,0.0,0.0,0.0
00:06:02.234,1705631063650,0.0,0.0,177.944,146.871,886.761,35.096,32.187,1,0,0,0,0.0,131.55,149.569,896.621,34.249,33.349,1.0,0.0,0.0,0.0,0.0
00:06:02.251,1705631063667,0.0,0.0,178.785,146.755,857.236,34.454,31.695,1,0,0,0,0.0,131.793,148.695,854.866,34.414,31.644,1.0,0.0,0.0,0.0,0.0
00:06:02.267,1705631063683,0.0,0.0,186.61,148.164,853.916,34.865,31.2,0,150,1,0,0.0,133.187,149.679,882.037,34.131,32.921,1.0,0.0,0.0,0.0,0.0
00:06:02.284,1705631063700,0.0,0.0,190.77,149.079,883.438,35.338,31.847,0,0,1,0,0.0,139.526,151.471,870.396,33.987,32.624,0.0,150.0,1.0,0.0,0.0
00:06:02.301,1705631063717,0.0,0.0,190.745,148.968,889.658,35.84,31.622,1,0,0,34,5.168,143.356,151.926,897.326,34.617,33.021,1.0,0.0,0.0,17.0,3.257
00:06:02.317,1705631063733,0.0,0.0,190.472,148.834,874.026,35.592,31.283,1,0,0,0,0.0,143.422,152.329,913.603,34.815,33.429,1.0,0.0,0.0,0.0,0.0
00:06:02.334,1705631063750,0.0,0.0,190.508,149.034,887.647,35.593,31.769,1,0,0,0,0.0,143.397,152.292,918.484,34.826,33.597,1.0,0.0,0.0,0.0,0.0
00:06:02.351,1705631063767,0.0,0.0,190.466,149.058,882.917,35.366,31.803,1,0,0,0,0.0,143.507,152.371,912.758,34.716,33.493,1.0,0.0,0.0,0.0,0.0
00:06:02.367,1705631063783,0.0,0.0,190.381,149.055,869.465,35.195,31.471,1,0,0,0,0.0,143.593,152.238,907.116,34.576,33.421,1.0,0.0,0.0,0.0,0.0
00:06:02.384,1705631063800,0.0,0.0,190.271,149.086,861.646,34.941,31.414,1,0,0,0,0.0,143.554,152.416,894.581,34.528,33.005,1.0,0.0,0.0,0.0,0.0
00:06:02.401,1705631063817,0.0,0.0,190.299,149.161,861.535,34.802,31.536,1,0,0,0,0.0,143.825,152.195,886.502,34.19,33.03,1.0,0.0,0.0,0.0,0.0
00:06:02.417,1705631063833,0.0,0.0,190.265,149.051,844.256,34.567,31.113,1,0,0,0,0.0,144.26,151.896,844.483,34.01,31.631,1.0,0.0,0.0,0.0,0.0
00:06:02.434,1705631063850,0.0,0.0,190.222,149.167,833.217,34.244,30.996,1,0,0,0,0.0,144.149,152.07,854.484,33.785,32.219,1.0,0.0,0.0,0.0,0.0
00:06:02.451,1705631063867,0.0,0.0,190.234,149.144,820.313,34.008,30.728,1,0,0,0,0.0,144.484,151.849,833.647,33.461,31.737,1.0,0.0,0.0,0.0,0.0
00:06:02.467,1705631063883,0.0,0.0,190.158,149.053,832.045,34.388,30.823,1,0,0,0,0.0,143.969,152.2,849.895,34.077,31.771,1.0,0.0,0.0,0.0,0.0
00:06:02.484,1705631063900,0.0,0.0,190.085,149.003,814.214,33.923,30.576,1,0,0,0,0.0,144.286,151.92,828.611,33.146,31.846,1.0,0.0,0.0,0.0,0.0
00:06:02.501,1705631063917,0.0,0.0,190.053,149.117,808.72,33.702,30.569,1,0,0,0,0.0,144.233,151.05,785.892,34.234,29.244,1.0,0.0,0.0,0.0,0.0
00:06:02.517,1705631063933,0.0,0.0,190.15,149.071,809.458,33.647,30.647,1,0,0,0,0.0,144.263,151.849,810.619,33.235,31.071,1.0,0.0,0.0,0.0,0.0
00:06:02.534,1705631063950,0.0,0.0,191.765,149.529,798.847,33.54,30.341,1,0,0,0,0.0,144.09,152.168,821.137,33.525,31.202,1.0,0.0,0.0,0.0,0.0
00:06:02.551,1705631063967,0.0,0.0,193.323,150.167,793.022,33.728,29.952,1,0,0,0,0.0,145.886,152.692,809.652,33.182,31.083,1.0,0.0,0.0,0.0,0.0
00:06:02.567,1705631063983,0.0,0.0,193.131,150.267,790.507,33.679,29.9,1,0,0,0,0.0,146.63,153.29,798.647,32.968,30.859,1.0,0.0,0.0,0.0,0.0
00:06:02.584,1705631064000,0.0,0.0,193.156,150.148,789.688,33.82,29.745,1,0,0,0,0.0,146.843,153.147,791.908,33.056,30.518,1.0,0.0,0.0,0.0,0.0
00:06:02.601,1705631064017,0.0,0.0,193.096,150.29,789.086,33.474,30.03,1,0,0,0,0.0,146.636,153.017,774.154,32.916,29.96,1.0,0.0,0.0,0.0,0.0
00:06:02.617,1705631064033,0.0,0.0,193.04,150.263,784.961,33.512,29.838,1,0,0,0,0.0,146.868,152.802,775.24,33.112,29.825,1.0,0.0,0.0,0.0,0.0
00:06:02.634,1705631064050,0.0,0.0,193.054,150.213,784.02,33.567,29.754,1,0,0,0,0.0,146.755,153.307,802.404,32.847,31.12,1.0,0.0,0.0,0.0,0.0
00:06:02.651,1705631064067,0.0,0.0,192.927,150.194,792.097,33.779,29.872,1,0,0,0,0.0,146.709,153.024,780.405,32.688,30.413,1.0,0.0,0.0,0.0,0.0
00:06:02.667,1705631064083,0.0,0.0,192.885,150.302,800.042,33.749,30.198,1,0,0,0,0.0,146.637,149.331,595.265,34.264,22.131,1.0,0.0,0.0,0.0,0.0
00:06:02.684,1705631064100,0.0,0.0,192.839,150.221,806.589,34.16,30.079,1,0,0,0,0.0,146.735,153.298,812.383,33.301,31.077,1.0,0.0,0.0,0.0,0.0
00:06:02.701,1705631064117,0.0,0.0,192.851,150.293,805.243,33.809,30.341,1,0,0,0,0.0,146.266,153.841,864.417,34.372,32.036,1.0,0.0,0.0,0.0,0.0
00:06:02.717,1705631064133,0.0,0.0,192.79,150.318,819.823,34.211,30.527,1,0,0,0,0.0,146.702,153.442,826.516,33.43,31.495,1.0,0.0,0.0,0.0,0.0
00:06:02.734,1705631064150,0.0,0.0,192.77,150.343,829.01,34.354,30.741,1,0,0,0,0.0,146.493,153.657,851.196,33.77,32.109,1.0,0.0,0.0,0.0,0.0
00:06:02.751,1705631064167,0.0,0.0,192.83,150.511,839.798,34.62,30.901,1,0,0,0,0.0,146.88,152.991,811.907,33.854,30.551,1.0,0.0,0.0,0.0,0.0
00:06:02.767,1705631064183,0.0,0.0,192.64,150.085,828.408,34.706,30.407,1,0,0,0,0.0,146.662,153.471,842.97,33.597,31.962,1.0,0.0,0.0,0.0,0.0
00:06:02.784,1705631064200,0.0,0.0,192.545,150.102,837.653,34.952,30.53,1,0,0,0,0.0,146.65,153.652,850.636,33.835,32.026,1.0,0.0,0.0,0.0,0.0
00:06:02.801,1705631064217,0.0,0.0,192.661,150.201,850.714,35.12,30.857,1,0,0,0,0.0,146.56,153.391,861.522,34.36,31.941,1.0,0.0,0.0,0.0,0.0
00:06:02.817,1705631064233,0.0,0.0,192.639,150.231,862.123,35.249,31.157,1,0,0,0,0.0,146.455,153.705,878.121,34.49,32.434,1.0,0.0,0.0,0.0,0.0
00:06:02.834,1705631064250,0.0,0.0,192.688,150.203,871.086,35.717,31.068,1,0,0,0,0.0,146.542,153.455,877.079,34.648,32.247,1.0,0.0,0.0,0.0,0.0
00:06:02.851,1705631064267,0.0,0.0,194.315,150.108,854.582,34.78,31.301,1,0,0,0,0.0,146.526,153.735,894.724,34.925,32.635,1.0,0.0,0.0,0.0,0.0
00:06:02.867,1705631064283,0.0,0.0,200.93,149.196,836.356,35.054,30.394,0,566,1,0,0.0,149.15,153.291,864.51,34.003,32.388,1.0,0.0,0.0,0.0,0.0
00:06:02.884,1705631064300,0.0,0.0,206.301,147.581,826.094,36.32,28.975,0,0,1,0,0.0,155.335,152.734,850.41,34.425,31.469,0.0,583.0,1.0,0.0,0.0
00:06:02.901,1705631064317,0.0,0.0,206.297,147.896,883.45,36.622,30.73,1,0,0,34,5.851,159.082,151.989,873.85,34.988,31.816,1.0,0.0,0.0,17.0,3.929
00:06:02.917,1705631064333,0.0,0.0,206.268,148.257,902.722,36.551,31.462,1,0,0,0,0.0,159.283,152.042,898.39,35.128,32.579,1.0,0.0,0.0,0.0,0.0
00:06:02.934,1705631064350,0.0,0.0,206.201,148.894,939.648,36.533,32.765,1,0,0,0,0.0,159.428,151.936,893.794,35.394,32.169,1.0,0.0,0.0,0.0,0.0
00:06:02.951,1705631064367,0.0,0.0,205.925,148.585,934.324,36.695,32.435,1,0,0,0,0.0,159.464,152.193,909.494,35.492,32.644,1.0,0.0,0.0,0.0,0.0
00:06:02.967,1705631064383,0.0,0.0,206.028,148.708,945.494,37.046,32.512,1,0,0,0,0.0,159.529,152.101,916.219,35.616,32.77,1.0,0.0,0.0,0.0,0.0
00:06:02.984,1705631064400,0.0,0.0,205.16,146.914,850.391,37.514,28.877,1,0,0,0,0.0,159.548,152.194,922.416,35.964,32.673,1.0,0.0,0.0,0.0,0.0
00:06:03.001,1705631064417,0.0,0.0,205.798,149.137,979.553,36.861,33.852,1,0,0,0,0.0,159.683,151.919,919.119,36.173,32.368,1.0,0.0,0.0,0.0,0.0
00:06:03.017,1705631064433,0.0,0.0,205.647,149.497,1015.069,37.174,34.784,1,0,0,0,0.0,159.694,152.228,937.933,36.125,33.075,1.0,0.0,0.0,0.0,0.0
00:06:03.034,1705631064450,0.0,0.0,205.733,149.608,1010.867,37.055,34.752,1,0,0,0,0.0,159.686,152.059,941.311,36.386,32.956,1.0,0.0,0.0,0.0,0.0
00:06:03.051,1705631064467,0.0,0.0,205.779,149.441,1009.866,37.06,34.712,1,0,0,0,0.0,159.773,152.203,953.046,36.411,33.344,1.0,0.0,0.0,0.0,0.0
00:06:03.067,1705631064483,0.0,0.0,205.701,149.581,1017.832,37.017,35.027,1,0,0,0,0.0,159.756,152.139,950.831,36.478,33.205,1.0,0.0,0.0,0.0,0.0
00:06:03.084,1705631064500,0.0,0.0,205.684,148.094,940.084,38.176,31.37,1,0,0,0,0.0,159.825,152.188,957.132,36.622,33.293,1.0,0.0,0.0,0.0,0.0
00:06:03.101,1705631064517,0.0,0.0,202.432,149.225,940.63,36.164,33.134,1,0,0,0,0.0,159.855,152.25,961.596,36.42,33.635,1.0,0.0,0.0,0.0,0.0
00:06:03.117,1705631064533,0.0,0.0,195.022,149.843,939.818,36.577,32.732,0,216,1,0,0.0,154.812,152.443,952.743,36.135,33.588,0.0,217.0,1.0,0.0,0.0
00:06:03.134,1705631064550,0.0,0.0,190.502,149.958,991.154,37.529,33.644,0,0,1,0,0.0,145.791,152.761,967.857,36.106,34.148,0.0,0.0,1.0,0.0,0.0
00:06:03.151,1705631064567,0.0,0.0,190.446,149.753,962.398,37.429,32.755,1,0,0,34,6.054,143.417,153.018,1014.393,37.027,34.899,1.0,0.0,0.0,33.0,5.524
00:06:03.167,1705631064583,0.0,0.0,190.571,149.978,989.01,37.675,33.441,1,0,0,0,0.0,143.94,152.982,1003.481,36.871,34.67,1.0,0.0,0.0,0.0,0.0
00:06:03.184,1705631064600,0.0,0.0,190.473,150.145,980.37,37.088,33.674,1,0,0,0,0.0,143.989,153.019,1008.852,36.757,34.964,1.0,0.0,0.0,0.0,0.0
00:06:03.201,1705631064617,0.0,0.0,190.521,150.045,979.969,37.294,33.474,1,0,0,0,0.0,144.077,153.012,1009.269,36.776,34.96,1.0,0.0,0.0,0.0,0.0
00:06:03.217,1705631064633,0.0,0.0,190.308,149.76,971.3,37.415,33.07,1,0,0,0,0.0,143.834,153.128,997.168,36.242,35.05,1.0,0.0,0.0,0.0,0.0
00:06:03.234,1705631064650,0.0,0.0,190.29,150.004,970.846,37.141,33.299,1,0,0,0,0.0,144.14,153.023,1008.056,36.667,35.022,1.0,0.0,0.0,0.0,0.0
00:06:03.251,1705631064667,0.0,0.0,190.186,149.67,961.214,37.494,32.658,1,0,0,0,0.0,144.256,152.947,999.508,36.686,34.707,1.0,0.0,0.0,0.0,0.0
00:06:03.267,1705631064683,0.0,0.0,190.259,150.018,969.339,37.27,33.132,1,0,0,0,0.0,144.198,152.988,999.241,36.609,34.771,1.0,0.0,0.0,0.0,0.0
00:06:03.284,1705631064700,0.0,0.0,190.109,149.888,965.308,36.969,33.263,1,0,0,0,0.0,144.234,152.964,1000.003,36.692,34.718,1.0,0.0,0.0,0.0,0.0
00:06:03.301,1705631064717,0.0,0.0,190.06,149.903,950.153,36.927,32.778,1,0,0,0,0.0,143.957,153.058,992.202,36.195,34.92,1.0,0.0,0.0,0.0,0.0
00:06:03.317,1705631064733,0.0,0.0,190.085,149.829,950.113,36.915,32.787,1,0,0,0,0.0,144.107,153.091,995.115,36.421,34.806,1.0,0.0,0.0,0.0,0.0
00:06:03.334,1705631064750,0.0,0.0,189.994,149.933,944.162,36.629,32.836,1,0,0,0,0.0,144.161,152.987,994.675,36.461,34.752,1.0,0.0,0.0,0.0,0.0
00:06:03.351,1705631064767,0.0,0.0,190.079,149.546,925.944,36.871,31.991,1,0,0,0,0.0,144.053,153.02,987.138,36.309,34.633,1.0,0.0,0.0,0.0,0.0
00:06:03.367,1705631064783,0.0,0.0,190.03,149.783,927.183,36.554,32.312,1,0,0,0,0.0,144.073,153.018,975.359,36.008,34.506,1.0,0.0,0.0,0.0,0.0
00:06:03.384,1705631064800,0.0,0.0,189.973,149.67,919.638,36.513,32.085,1,0,0,0,0.0,144.065,152.978,972.38,36.077,34.335,1.0,0.0,0.0,0.0,0.0
00:06:03.401,1705631064817,0.0,0.0,190.012,149.909,922.415,36.242,32.422,1,0,0,0,0.0,144.033,153.064,961.925,35.816,34.213,1.0,0.0,0.0,0.0,0.0
00:06:03.417,1705631064833,0.0,0.0,189.99,149.706,904.409,36.235,31.796,1,0,0,0,0.0,143.962,153.051,963.89,35.625,34.467,1.0,0.0,0.0,0.0,0.0
00:06:03.434,1705631064850,0.0,0.0,190.02,149.868,906.92,35.901,32.181,1,0,0,0,0.0,143.934,152.997,952.793,35.678,34.02,1.0,0.0,0.0,0.0,0.0
00:06:03.451,1705631064867,0.0,0.0,190.003,149.882,903.516,36.02,31.954,1,0,0,0,0.0,143.974,153.083,951.296,35.545,34.094,1.0,0.0,0.0,0.0,0.0
00:06:03.467,1705631064883,0.0,0.0,190.009,149.977,907.007,35.793,32.28,1,0,0,0,0.0,144.034,152.922,945.235,35.574,33.849,1.0,0.0,0.0,0.0,0.0
00:06:03.484,1705631064900,0.0,0.0,190.005,149.86,898.003,35.733,32.014,1,0,0,0,0.0,144.142,152.777,929.051,35.449,33.386,1.0,0.0,0.0,0.0,0.0
00:06:03.501,1705631064917,0.0,0.0,190.016,149.896,901.744,35.867,32.027,1,0,0,0,0.0,144.099,152.87,927.67,35.369,33.412,1.0,0.0,0.0,0.0,0.0
00:06:03.517,1705631064933,0.0,0.0,189.904,149.75,897.555,36.285,31.511,1,0,0,0,0.0,143.872,153.034,938.427,35.005,34.151,1.0,0.0,0.0,0.0,0.0
00:06:03.534,1705631064950,0.0,0.0,189.911,149.857,905.546,36.069,31.982,1,0,0,0,0.0,144.156,152.985,935.326,35.424,33.635,1.0,0.0,0.0,0.0,0.0
00:06:03.551,1705631064967,0.0,0.0,190.022,149.872,913.948,36.287,32.085,1,0,0,0,0.0,144.209,152.949,934.238,35.36,33.657,1.0,0.0,0.0,0.0,0.0
00:06:03.567,1705631064983,0.0,0.0,189.653,150.172,918.311,36.152,32.359,1,0,0,0,0.0,144.275,152.905,936.135,35.492,33.6,1.0,0.0,0.0,0.0,0.0
00:06:03.584,1705631065000,0.0,0.0,188.984,150.638,922.979,36.338,32.357,1,0,0,0,0.0,143.51,153.249,945.485,35.401,34.023,1.0,0.0,0.0,0.0,0.0
00:06:03.601,1705631065017,0.0,0.0,188.979,150.7,926.28,36.236,32.563,1,0,0,0,0.0,142.739,153.812,953.025,35.681,34.025,1.0,0.0,0.0,0.0,0.0
00:06:03.617,1705631065033,0.0,0.0,189.012,150.672,932.919,36.538,32.526,1,0,0,0,0.0,142.918,153.742,958.482,35.788,34.118,1.0,0.0,0.0,0.0,0.0
00:06:03.634,1705631065050,0.0,0.0,188.891,150.387,925.349,36.691,32.127,1,0,0,0,0.0,143.042,153.639,950.998,35.593,34.037,1.0,0.0,0.0,0.0,0.0
00:06:03.651,1705631065067,0.0,0.0,188.962,150.71,951.602,36.733,33.001,1,0,0,0,0.0,142.996,153.841,965.618,35.81,34.351,1.0,0.0,0.0,0.0,0.0
00:06:03.667,1705631065083,0.0,0.0,188.931,150.704,954.68,36.971,32.895,1,0,0,0,0.0,142.885,153.763,961.922,35.571,34.448,1.0,0.0,0.0,0.0,0.0
00:06:03.684,1705631065100,0.0,0.0,188.98,150.826,965.129,36.958,33.266,1,0,0,0,0.0,143.091,153.771,963.299,36.115,33.979,1.0,0.0,0.0,0.0,0.0
00:06:03.701,1705631065117,0.0,0.0,188.97,150.682,957.053,36.928,33.015,1,0,0,0,0.0,142.9,153.824,976.15,35.786,34.748,1.0,0.0,0.0,0.0,0.0
00:06:03.717,1705631065133,0.0,0.0,188.963,150.841,964.629,36.943,33.263,1,0,0,0,0.0,143.008,153.805,992.89,36.532,34.622,1.0,0.0,0.0,0.0,0.0
00:06:03.734,1705631065150,0.0,0.0,188.776,150.433,947.033,37.295,32.348,1,0,0,0,0.0,143.068,153.795,987.502,36.235,34.717,1.0,0.0,0.0,0.0,0.0
00:06:03.751,1705631065167,0.0,0.0,188.771,150.686,955.386,37.058,32.842,1,0,0,0,0.0,143.087,153.781,987.993,36.316,34.657,1.0,0.0,0.0,0.0,0.0
00:06:03.767,1705631065183,0.0,0.0,188.858,150.838,959.535,36.955,33.076,1,0,0,0,0.0,142.967,153.815,979.963,36.017,34.66,1.0,0.0,0.0,0.0,0.0
00:06:03.784,1705631065200,0.0,0.0,188.749,150.673,949.652,36.939,32.75,1,0,0,0,0.0,142.987,153.852,984.354,36.178,34.661,1.0,0.0,0.0,0.0,0.0
00:06:03.801,1705631065217,0.0,0.0,188.815,150.911,953.484,36.752,33.049,1,0,0,0,0.0,143.066,153.857,978.512,36.219,34.416,1.0,0.0,0.0,0.0,0.0
00:06:03.817,1705631065233,0.0,0.0,188.862,150.66,942.097,37.197,32.264,1,0,0,0,0.0,143.044,153.968,976.326,36.019,34.53,1.0,0.0,0.0,0.0,0.0
00:06:03.834,1705631065250,0.0,0.0,189.045,151.204,964.596,36.639,33.537,1,0,0,0,0.0,143.045,153.975,976.828,35.934,34.629,1.0,0.0,0.0,0.0,0.0
00:06:03.851,1705631065267,0.0,0.0,188.871,150.921,949.316,36.659,32.989,1,0,0,0,0.0,143.043,153.901,958.156,35.746,34.146,1.0,0.0,0.0,0.0,0.0
00:06:03.867,1705631065283,0.0,0.0,188.926,150.893,944.155,36.762,32.717,1,0,0,0,0.0,143.093,153.978,966.375,35.762,34.423,1.0,0.0,0.0,0.0,0.0
00:06:03.884,1705631065300,0.0,0.0,188.842,150.585,934.4,36.887,32.269,1,0,0,0,0.0,143.32,153.796,949.304,35.738,33.838,1.0,0.0,0.0,0.0,0.0
00:06:03.901,1705631065317,0.0,0.0,188.862,150.805,934.764,36.387,32.726,1,0,0,0,0.0,143.205,153.975,961.781,35.719,34.301,1.0,0.0,0.0,0.0,0.0
00:06:03.917,1705631065333,0.0,0.0,188.611,149.759,936.314,36.563,32.622,1,0,0,0,0.0,143.244,153.919,954.08,35.518,34.219,1.0,0.0,0.0,0.0,0.0
00:06:03.934,1705631065350,0.0,0.0,188.156,150.776,923.046,35.886,32.767,1,0,0,0,0.0,143.408,152.915,943.612,35.379,33.976,1.0,0.0,0.0,0.0,0.0
00:06:03.951,1705631065367,0.0,0.0,0.0,0.0,0.0,0.0,0.0,0,800,0,0,0.0,149.537,155.108,520.331,29.003,22.854,0.0,800.0,1.0,0.0,0.0
00:06:03.967,1705631065383,0.0,0.0,0.0,0.0,0.0,0.0,0.0,0,0,0,0,0.0,0.0,0.0,0.0,0.0,0.0,0.0,0.0,0.0,17.0,2.476
00:06:03.984,1705631065400,0.0,0.0,0.0,0.0,0.0,0.0,0.0,0,0,0,0,0.0,0.0,0.0,0.0,0.0,0.0,0.0,0.0,0.0,0.0,0.0
00:06:04.001,1705631065417,0.0,0.0,0.0,0.0,0.0,0.0,0.0,0,0,0,0,0.0,0.0,0.0,0.0,0.0,0.0,0.0,0.0,0.0,0.0,0.0
00:06:04.017,1705631065433,0.0,0.0,0.0,0.0,0.0,0.0,0.0,0,0,0,0,0.0,0.0,0.0,0.0,0.0,0.0,0.0,0.0,0.0,0.0,0.0
00:06:04.034,1705631065450,0.0,0.0,0.0,0.0,0.0,0.0,0.0,0,0,0,0,0.0,0.0,0.0,0.0,0.0,0.0,0.0,0.0,0.0,0.0,0.0
00:06:04.051,1705631065467,0.0,0.0,0.0,0.0,0.0,0.0,0.0,0,0,0,0,0.0,0.0,0.0,0.0,0.0,0.0,0.0,0.0,0.0,0.0,0.0
00:06:04.067,1705631065483,168.789,199.546,203.078,197.094,106.542,13.607,9.975,0,0,0,0,0.0,0.0,0.0,0.0,0.0,0.0,0.0,0.0,0.0,0.0,0.0
00:06:04.084,1705631065500,0.0,0.0,0.0,0.0,0.0,0.0,0.0,0,0,0,0,0.0,0.0,0.0,0.0,0.0,0.0,0.0,0.0,0.0,0.0,0.0
00:06:04.101,1705631065517,0.0,0.0,0.0,0.0,0.0,0.0,0.0,0,0,0,0,0.0,0.0,0.0,0.0,0.0,0.0,0.0,0.0,0.0,0.0,0.0
00:06:04.117,1705631065533,0.0,0.0,0.0,0.0,0.0,0.0,0.0,0,0,0,0,0.0,0.0,0.0,0.0,0.0,0.0,0.0,0.0,0.0,0.0,0.0
00:06:04.134,1705631065550,0.0,0.0,0.0,0.0,0.0,0.0,0.0,0,0,0,0,0.0,0.0,0.0,0.0,0.0,0.0,0.0,0.0,0.0,0.0,0.0
00:06:04.151,1705631065567,0.0,0.0,0.0,0.0,0.0,0.0,0.0,0,0,0,0,0.0,0.0,0.0,0.0,0.0,0.0,0.0,0.0,0.0,0.0,0.0
00:06:04.167,1705631065583,0.0,0.0,0.0,0.0,0.0,0.0,0.0,0,0,0,0,0.0,0.0,0.0,0.0,0.0,0.0,0.0,0.0,0.0,0.0,0.0
00:06:04.184,1705631065600,160.569,156.328,180.501,155.158,380.018,27.19,17.804,0,0,0,0,0.0,0.0,0.0,0.0,0.0,0.0,0.0,0.0,0.0,0.0,0.0
00:06:04.201,1705631065617,160.538,154.832,180.687,153.848,454.29,27.956,20.701,1,0,0,0,0.0,140.637,157.498,569.689,35.668,20.346,0.0,0.0,0.0,0.0,0.0
00:06:04.217,1705631065633,160.3,153.725,180.237,152.552,513.734,28.343,23.09,1,0,0,0,0.0,140.388,155.816,675.843,35.906,23.978,1.0,0.0,0.0,0.0,0.0
00:06:04.234,1705631065650,159.811,152.796,179.375,151.574,508.38,27.192,23.817,1,0,0,0,0.0,140.364,154.897,745.024,36.778,25.806,1.0,0.0,0.0,0.0,0.0
00:06:04.251,1705631065667,160.177,151.732,179.931,150.629,609.914,30.627,25.369,1,0,0,0,0.0,140.246,154.017,812.92,36.619,28.28,1.0,0.0,0.0,0.0,0.0
00:06:04.267,1705631065683,162.492,151.805,184.555,150.353,861.652,36.307,30.233,0,66,1,0,0.0,140.422,152.834,882.862,36.185,31.081,1.0,0.0,0.0,0.0,0.0
00:06:04.284,1705631065700,162.601,151.246,184.473,150.202,879.693,36.671,30.559,1,0,0,17,1.937,140.429,153.258,875.328,36.669,30.409,1.0,0.0,0.0,0.0,0.0
00:06:04.301,1705631065717,162.518,151.255,184.574,149.825,897.145,36.568,31.253,1,0,0,0,0.0,140.728,152.291,935.565,36.101,33.013,1.0,0.0,0.0,0.0,0.0
00:06:04.317,1705631065733,162.554,151.133,184.619,149.83,909.183,36.778,31.492,1,0,0,0,0.0,140.461,152.686,926.194,36.574,32.26,1.0,0.0,0.0,0.0,0.0
00:06:04.334,1705631065750,162.63,151.275,184.766,149.376,939.551,37.068,32.288,1,0,0,0,0.0,140.49,152.437,945.34,36.266,33.206,1.0,0.0,0.0,0.0,0.0
00:06:04.351,1705631065767,162.746,151.199,184.93,149.562,956.225,37.08,32.851,1,0,0,0,0.0,140.495,153.174,911.48,36.96,31.416,1.0,0.0,0.0,0.0,0.0
00:06:04.367,1705631065783,163.524,151.475,185.631,149.215,957.67,37.25,32.751,1,0,0,0,0.0,140.561,152.837,940.869,36.923,32.461,1.0,0.0,0.0,0.0,0.0
00:06:04.384,1705631065800,165.154,152.438,187.889,150.705,1015.403,37.541,34.456,1,0,0,0,0.0,141.417,153.734,949.985,37.169,32.559,1.0,0.0,0.0,0.0,0.0
00:06:04.401,1705631065817,164.904,152.098,187.451,150.048,978.103,37.845,32.924,1,0,0,0,0.0,142.419,154.172,997.161,37.059,34.276,1.0,0.0,0.0,0.0,0.0
00:06:04.417,1705631065833,164.956,152.29,187.561,150.546,1019.047,37.969,34.19,1,0,0,0,0.0,142.357,154.149,996.191,37.06,34.243,1.0,0.0,0.0,0.0,0.0
00:06:04.434,1705631065850,165.042,152.09,187.676,150.246,1005.167,38.2,33.52,1,0,0,0,0.0,142.352,154.034,1020.74,37.067,35.08,1.0,0.0,0.0,0.0,0.0
00:06:04.451,1705631065867,165.113,152.506,187.782,150.899,1049.984,38.195,35.019,1,0,0,0,0.0,142.408,153.933,1029.602,37.155,35.3,1.0,0.0,0.0,0.0,0.0
00:06:04.467,1705631065883,165.224,152.635,188.094,151.35,1075.877,38.17,35.906,1,0,0,0,0.0,142.444,154.114,1037.698,37.154,35.579,1.0,0.0,0.0,0.0,0.0
00:06:04.484,1705631065900,165.063,152.549,187.788,151.059,1067.414,38.292,35.51,1,0,0,0,0.0,142.353,153.919,1048.581,37.317,35.796,1.0,0.0,0.0,0.0,0.0
00:06:04.501,1705631065917,165.139,152.543,187.855,151.121,1082.037,38.706,35.612,1,0,0,0,0.0,142.338,154.038,1045.235,37.193,35.8,1.0,0.0,0.0,0.0,0.0
00:06:04.517,1705631065933,165.025,152.523,187.636,150.99,1064.786,38.439,35.287,1,0,0,0,0.0,142.424,153.964,1070.792,37.715,36.168,1.0,0.0,0.0,0.0,0.0
00:06:04.534,1705631065950,165.32,152.836,188.121,151.698,1104.591,38.383,36.66,1,0,0,0,0.0,142.414,154.056,1069.892,37.684,36.167,1.0,0.0,0.0,0.0,0.0
00:06:04.551,1705631065967,165.346,152.915,188.225,151.652,1108.679,38.51,36.675,1,0,0,0,0.0,142.518,153.973,1079.029,37.834,36.331,1.0,0.0,0.0,0.0,0.0
00:06:04.567,1705631065983,165.356,152.759,188.167,151.526,1141.915,38.893,37.402,1,0,0,0,0.0,142.468,154.177,1063.946,37.586,36.06,1.0,0.0,0.0,0.0,0.0
00:06:04.584,1705631066000,165.357,152.944,188.298,151.725,1103.178,38.526,36.477,1,0,0,0,0.0,142.544,153.992,1072.762,37.914,36.044,1.0,0.0,0.0,0.0,0.0
00:06:04.601,1705631066017,165.242,152.753,188.028,151.379,1052.714,38.012,35.28,1,0,0,0,0.0,142.416,154.164,1077.418,37.978,36.139,1.0,0.0,0.0,0.0,0.0
00:06:04.617,1705631066033,165.199,152.595,188.03,150.939,1022.652,38.157,34.142,1,0,0,0,0.0,142.455,154.128,1076.553,37.841,36.241,1.0,0.0,0.0,0.0,0.0
00:06:04.634,1705631066050,165.255,152.731,188.101,151.397,1040.659,37.679,35.183,1,0,0,0,0.0,142.369,154.251,1062.138,37.598,35.987,1.0,0.0,0.0,0.0,0.0
00:06:04.651,1705631066067,163.098,152.555,186.327,150.591,958.458,37.164,32.853,1,0,0,0,0.0,142.409,154.065,1059.885,37.519,35.986,1.0,0.0,0.0,0.0,0.0
00:06:04.667,1705631066083,159.666,153.312,182.912,151.763,984.777,37.098,33.815,1,0,0,0,0.0,139.869,154.519,1012.599,36.478,35.362,1.0,0.0,0.0,0.0,0.0
00:06:04.684,1705631066100,159.467,153.097,182.5,151.452,965.169,36.911,33.31,1,0,0,0,0.0,136.419,154.862,1024.075,36.659,35.586,1.0,0.0,0.0,0.0,0.0
00:06:04.701,1705631066117,159.492,153.29,182.56,151.818,958.727,36.54,33.424,1,0,0,0,0.0,136.433,154.743,1006.695,36.708,34.936,1.0,0.0,0.0,0.0,0.0
00:06:04.717,1705631066133,159.517,153.033,182.556,151.397,936.602,36.493,32.695,1,0,0,0,0.0,136.424,154.762,997.489,36.208,35.094,1.0,0.0,0.0,0.0,0.0
00:06:04.734,1705631066150,159.451,153.294,182.482,151.838,939.492,36.019,33.227,1,0,0,0,0.0,136.478,154.67,978.222,36.112,34.507,1.0,0.0,0.0,0.0,0.0
00:06:04.751,1705631066167,159.383,153.21,182.363,151.821,928.135,35.69,33.128,1,0,0,0,0.0,136.42,154.75,972.814,35.959,34.463,1.0,0.0,0.0,0.0,0.0
00:06:04.767,1705631066183,159.468,153.256,182.499,151.792,930.372,35.994,32.928,1,0,0,0,0.0,136.402,154.598,966.503,35.857,34.337,1.0,0.0,0.0,0.0,0.0
00:06:04.784,1705631066200,159.317,153.148,182.283,151.663,907.828,35.842,32.266,1,0,0,0,0.0,136.437,154.72,949.013,35.463,34.09,1.0,0.0,0.0,0.0,0.0
00:06:04.801,1705631066217,159.368,153.26,182.406,151.864,918.505,35.667,32.805,1,0,0,0,0.0,136.351,154.632,946.094,35.576,33.877,1.0,0.0,0.0,0.0,0.0
00:06:04.817,1705631066233,159.318,153.206,182.282,151.814,914.031,35.58,32.725,1,0,0,0,0.0,136.33,154.656,935.223,35.334,33.717,1.0,0.0,0.0,0.0,0.0
00:06:04.834,1705631066250,159.329,153.235,182.359,151.727,907.4,35.609,32.461,1,0,0,0,0.0,136.354,154.597,928.05,35.273,33.517,1.0,0.0,0.0,0.0,0.0
00:06:04.851,1705631066267,159.286,153.199,182.269,151.822,905.59,35.557,32.444,1,0,0,0,0.0,136.3,154.743,928.912,35.206,33.611,1.0,0.0,0.0,0.0,0.0
00:06:04.867,1705631066283,159.305,153.385,182.454,151.992,911.641,35.401,32.805,1,0,0,0,0.0,136.304,154.576,920.886,35.156,33.369,1.0,0.0,0.0,0.0,0.0
00:06:04.884,1705631066300,159.257,153.356,182.313,152.074,908.745,35.295,32.798,1,0,0,0,0.0,136.156,154.779,907.917,34.819,33.217,1.0,0.0,0.0,0.0,0.0
00:06:04.901,1705631066317,159.213,153.385,182.31,151.965,908.323,35.352,32.731,1,0,0,0,0.0,136.202,154.638,912.042,34.963,33.231,1.0,0.0,0.0,0.0,0.0
00:06:04.917,1705631066333,159.156,153.272,182.26,151.975,900.341,35.14,32.639,1,0,0,0,0.0,136.116,154.804,905.08,34.807,33.125,1.0,0.0,0.0,0.0,0.0
00:06:04.934,1705631066350,155.954,153.782,179.695,152.274,824.28,33.783,31.082,1,0,0,0,0.0,136.052,154.568,898.423,34.89,32.803,1.0,0.0,0.0,0.0,0.0
00:06:04.951,1705631066367,149.143,154.68,173.473,153.463,831.012,33.7,31.413,0,667,1,0,0.0,132.212,155.29,847.775,33.766,31.984,1.0,0.0,0.0,0.0,0.0
00:06:04.967,1705631066383,144.231,155.478,168.408,154.365,852.796,34.038,31.916,0,0,1,0,0.0,124.813,155.896,828.577,33.441,31.563,0.0,750.0,1.0,0.0,0.0
00:06:04.984,1705631066400,143.96,155.42,167.655,154.325,865.016,34.233,32.189,1,0,0,33,6.764,120.054,156.59,874.811,34.133,32.649,0.0,0.0,1.0,0.0,0.0
00:06:05.001,1705631066417,143.867,155.523,167.507,154.511,863.214,33.977,32.364,1,0,0,0,0.0,120.265,156.515,867.488,33.792,32.702,1.0,0.0,0.0,33.0,7.842
00:06:05.017,1705631066433,143.906,155.507,167.592,154.45,862.462,34.009,32.305,1,0,0,0,0.0,120.226,156.535,863.935,33.711,32.647,1.0,0.0,0.0,0.0,0.0
00:06:05.034,1705631066450,143.958,155.543,167.545,154.523,848.795,33.791,31.999,1,0,0,0,0.0,120.219,156.564,854.038,33.472,32.504,1.0,0.0,0.0,0.0,0.0
00:06:05.051,1705631066467,143.913,155.522,167.534,154.371,844.971,33.703,31.938,1,0,0,0,0.0,120.37,156.563,854.211,33.489,32.493,1.0,0.0,0.0,0.0,0.0
00:06:05.067,1705631066483,143.971,155.667,167.51,154.667,839.418,33.773,31.662,1,0,0,0,0.0,120.293,156.673,842.946,33.165,32.378,1.0,0.0,0.0,0.0,0.0
00:06:05.084,1705631066500,143.94,155.6,167.515,154.461,834.702,33.659,31.591,1,0,0,0,0.0,120.432,156.667,842.778,33.314,32.227,1.0,0.0,0.0,0.0,0.0
00:06:05.101,1705631066517,143.872,155.658,167.405,154.666,830.029,33.59,31.479,1,0,0,0,0.0,120.365,156.739,841.238,33.145,32.332,1.0,0.0,0.0,0.0,0.0
00:06:05.117,1705631066533,143.767,155.709,167.291,154.622,831.162,33.413,31.688,1,0,0,0,0.0,120.339,156.651,832.505,33.13,32.011,1.0,0.0,0.0,0.0,0.0
00:06:05.134,1705631066550,143.76,155.701,167.243,154.646,833.936,33.513,31.7,1,0,0,0,0.0,120.243,156.796,834.891,33.201,32.034,1.0,0.0,0.0,0.0,0.0
00:06:05.151,1705631066567,143.68,155.744,167.222,154.615,830.067,33.439,31.622,1,0,0,0,0.0,120.278,156.757,835.244,33.139,32.107,1.0,0.0,0.0,0.0,0.0
00:06:05.167,1705631066583,143.616,155.706,167.016,154.671,821.774,33.378,31.363,1,0,0,0,0.0,120.138,156.873,832.939,33.065,32.09,1.0,0.0,0.0,0.0,0.0
00:06:05.184,1705631066600,143.571,155.655,167.057,154.491,824.247,33.435,31.404,1,0,0,0,0.0,120.215,156.742,830.151,33.126,31.924,1.0,0.0,0.0,0.0,0.0
00:06:05.201,1705631066617,142.998,155.83,166.496,154.751,820.994,33.373,31.338,1,0,0,0,0.0,120.084,156.819,836.652,33.139,32.162,1.0,0.0,0.0,0.0,0.0
00:06:05.217,1705631066633,135.905,157.273,160.39,155.801,748.02,33.012,28.865,0,233,1,0,0.0,119.499,156.91,826.343,32.934,31.963,1.0,0.0,0.0,0.0,0.0
00:06:05.234,1705631066650,126.254,157.805,151.411,157.003,738.99,32.649,28.834,0,0,1,0,0.0,111.42,158.745,782.904,31.629,31.532,0.0,233.0,1.0,0.0,0.0
00:06:05.251,1705631066667,124.724,158.303,149.142,157.959,776.313,32.697,30.245,1,0,0,34,6.442,101.097,158.607,727.253,32.454,28.546,0.0,0.0,1.0,0.0,0.0
00:06:05.267,1705631066683,124.609,158.427,148.86,157.881,777.723,32.831,30.177,1,0,0,0,0.0,100.306,158.648,765.621,32.235,30.257,1.0,0.0,0.0,34.0,7.684
00:06:05.284,1705631066700,124.533,158.408,148.793,157.976,771.572,32.763,30.0,1,0,0,0,0.0,100.357,158.972,751.099,32.025,29.877,1.0,0.0,0.0,0.0,0.0
00:06:05.301,1705631066717,124.413,158.481,148.561,157.82,757.834,32.688,29.533,1,0,0,0,0.0,100.273,158.841,745.8,32.068,29.626,1.0,0.0,0.0,0.0,0.0
00:06:05.317,1705631066733,124.354,158.573,148.388,158.083,757.86,32.45,29.751,1,0,0,0,0.0,100.266,159.141,744.508,32.063,29.58,1.0,0.0,0.0,0.0,0.0
00:06:05.334,1705631066750,124.358,158.523,148.423,157.967,751.33,32.429,29.514,1,0,0,0,0.0,100.321,159.062,745.461,31.938,29.734,1.0,0.0,0.0,0.0,0.0
00:06:05.351,1705631066767,124.293,158.675,148.253,158.148,752.365,32.294,29.679,1,0,0,0,0.0,100.293,159.08,737.872,31.93,29.438,1.0,0.0,0.0,0.0,0.0
00:06:05.367,1705631066783,124.321,158.656,148.335,158.166,752.792,32.399,29.598,1,0,0,0,0.0,100.332,159.201,737.61,31.842,29.509,1.0,0.0,0.0,0.0,0.0
00:06:05.384,1705631066800,124.329,158.607,148.342,158.034,758.368,32.55,29.68,1,0,0,0,0.0,100.306,159.147,741.348,32.034,29.481,1.0,0.0,0.0,0.0,0.0
00:06:05.401,1705631066817,124.352,158.703,148.318,158.216,750.017,32.469,29.426,1,0,0,0,0.0,100.317,159.181,736.125,31.795,29.493,1.0,0.0,0.0,0.0,0.0
00:06:05.417,1705631066833,121.716,159.68,146.311,159.131,727.409,32.332,28.66,1,0,0,0,0.0,100.385,159.19,741.547,31.839,29.669,1.0,0.0,0.0,0.0,0.0
00:06:05.434,1705631066850,117.255,162.138,142.246,161.532,712.496,31.962,28.398,0,183,1,0,0.0,97.122,160.228,669.344,30.342,28.102,1.0,0.0,0.0,0.0,0.0
00:06:05.451,1705631066867,117.123,161.968,141.476,161.686,737.745,32.698,28.741,1,0,0,17,2.792,92.264,162.744,711.069,31.254,28.983,0.0,183.0,1.0,0.0,0.0
00:06:05.467,1705631066883,117.16,162.001,141.514,161.735,727.056,32.208,28.756,1,0,0,0,0.0,92.771,162.25,706.841,31.236,28.827,1.0,0.0,0.0,17.0,3.421
00:06:05.484,1705631066900,117.097,162.199,141.481,161.681,726.432,32.212,28.728,1,0,0,0,0.0,92.805,162.267,701.815,31.296,28.567,1.0,0.0,0.0,0.0,0.0
00:06:05.501,1705631066917,117.31,162.108,141.58,161.7,737.526,32.545,28.869,1,0,0,0,0.0,92.713,162.718,726.876,31.691,29.219,1.0,0.0,0.0,0.0,0.0
00:06:05.517,1705631066933,117.35,162.198,141.59,161.727,730.55,32.579,28.566,1,0,0,0,0.0,93.04,162.515,718.537,31.572,28.992,1.0,0.0,0.0,0.0,0.0
00:06:05.534,1705631066950,117.48,162.101,141.612,161.69,734.48,32.554,28.741,1,0,0,0,0.0,93.11,162.668,730.049,31.724,29.315,1.0,0.0,0.0,0.0,0.0
00:06:05.551,1705631066967,117.633,162.191,141.747,161.59,739.537,32.517,28.972,1,0,0,0,0.0,93.347,162.511,724.745,31.59,29.226,1.0,0.0,0.0,0.0,0.0
00:06:05.567,1705631066983,117.798,162.191,141.871,161.797,747.218,32.697,29.112,1,0,0,0,0.0,93.52,162.791,740.507,31.778,29.685,1.0,0.0,0.0,0.0,0.0
00:06:05.584,1705631067000,117.885,162.173,141.968,161.647,755.713,32.818,29.334,1,0,0,0,0.0,93.725,162.585,727.728,31.841,29.114,1.0,0.0,0.0,0.0,0.0
00:06:05.601,1705631067017,118.218,162.148,142.21,161.691,761.781,33.044,29.368,1,0,0,0,0.0,93.802,162.7,745.746,31.964,29.721,1.0,0.0,0.0,0.0,0.0
00:06:05.617,1705631067033,122.361,161.047,145.93,160.452,687.796,32.143,27.258,1,0,0,0,0.0,94.226,162.604,748.766,31.947,29.857,1.0,0.0,0.0,0.0,0.0
00:06:05.634,1705631067050,135.003,158.18,158.026,157.474,725.778,32.158,28.751,0,183,1,0,0.0,98.792,161.643,657.018,31.656,26.44,0.0,166.0,1.0,0.0,0.0
00:06:05.651,1705631067067,137.959,156.863,162.181,155.67,847.304,34.181,31.578,0,0,1,0,0.0,111.98,158.886,777.71,31.785,31.169,0.0,0.0,1.0,0.0,0.0
00:06:05.667,1705631067083,137.709,157.073,161.867,155.939,841.749,34.292,31.269,1,0,0,33,8.378,113.736,158.057,810.778,32.89,31.403,1.0,0.0,0.0,34.0,7.613
00:06:05.684,1705631067100,137.795,157.076,161.909,155.933,855.131,34.241,31.813,1,0,0,0,0.0,113.55,158.207,819.973,33.006,31.648,1.0,0.0,0.0,0.0,0.0
00:06:05.701,1705631067117,137.673,157.14,161.818,156.08,863.83,34.382,32.006,1,0,0,0,0.0,113.68,158.22,821.795,32.829,31.888,1.0,0.0,0.0,0.0,0.0
00:06:05.717,1705631067133,137.684,157.052,161.783,155.902,871.142,34.45,32.213,1,0,0,0,0.0,113.527,158.2,827.408,32.933,32.005,1.0,0.0,0.0,0.0,0.0
00:06:05.734,1705631067150,137.62,157.153,161.628,156.067,871.915,34.734,31.978,1,0,0,0,0.0,113.585,158.202,832.601,33.092,32.051,1.0,0.0,0.0,0.0,0.0
00:06:05.751,1705631067167,137.537,157.078,161.524,155.852,876.759,34.73,32.16,1,0,0,0,0.0,113.611,158.24,838.317,33.14,32.225,1.0,0.0,0.0,0.0,0.0
00:06:05.767,1705631067183,137.507,157.233,161.457,156.109,881.948,34.608,32.464,1,0,0,0,0.0,113.551,158.305,837.705,33.114,32.226,1.0,0.0,0.0,0.0,0.0
00:06:05.784,1705631067200,137.434,157.235,161.373,156.035,894.231,34.827,32.709,1,0,0,0,0.0,113.557,158.358,846.949,33.292,32.407,1.0,0.0,0.0,0.0,0.0
00:06:05.801,1705631067217,137.373,157.273,161.273,156.101,891.164,35.045,32.394,1,0,0,0,0.0,113.495,158.436,845.094,33.213,32.414,1.0,0.0,0.0,0.0,0.0
00:06:05.817,1705631067233,137.31,157.305,161.233,156.137,895.959,34.923,32.681,1,0,0,0,0.0,113.474,158.445,848.721,33.38,32.39,1.0,0.0,0.0,0.0,0.0
00:06:05.834,1705631067250,137.236,157.403,161.185,156.242,896.404,34.926,32.695,1,0,0,0,0.0,113.388,158.474,849.578,33.327,32.474,1.0,0.0,0.0,0.0,0.0
00:06:05.851,1705631067267,137.08,157.43,160.999,156.267,892.745,34.931,32.557,1,0,0,0,0.0,113.287,158.564,851.144,33.417,32.447,1.0,0.0,0.0,0.0,0.0
00:06:05.867,1705631067283,136.939,157.401,160.828,156.197,893.243,35.063,32.453,1,0,0,0,0.0,113.162,158.593,856.256,33.335,32.721,1.0,0.0,0.0,0.0,0.0
00:06:05.884,1705631067300,136.89,157.439,160.873,156.278,892.33,34.799,32.665,1,0,0,0,0.0,113.05,158.605,849.076,33.344,32.438,1.0,0.0,0.0,0.0,0.0
00:06:05.901,1705631067317,136.801,157.493,160.736,156.322,888.227,34.772,32.541,1,0,0,0,0.0,112.907,158.6,853.279,33.339,32.604,1.0,0.0,0.0,0.0,0.0
00:06:05.917,1705631067333,136.645,157.469,160.536,156.298,872.661,34.58,32.147,1,0,0,0,0.0,112.866,158.665,842.557,33.19,32.338,1.0,0.0,0.0,0.0,0.0
00:06:05.934,1705631067350,136.606,157.538,160.522,156.357,864.187,34.351,32.048,1,0,0,0,0.0,112.755,158.64,843.256,33.217,32.339,1.0,0.0,0.0,0.0,0.0
00:06:05.951,1705631067367,136.459,157.575,160.367,156.454,856.346,34.159,31.936,1,0,0,0,0.0,112.689,158.719,833.025,33.072,32.087,1.0,0.0,0.0,0.0,0.0
00:06:05.967,1705631067383,136.345,157.576,160.22,156.445,846.771,34.025,31.703,1,0,0,0,0.0,112.55,158.696,822.282,32.821,31.915,1.0,0.0,0.0,0.0,0.0
00:06:05.984,1705631067400,136.196,157.665,160.036,156.618,831.632,33.671,31.464,1,0,0,0,0.0,112.471,158.707,823.609,32.879,31.91,1.0,0.0,0.0,0.0,0.0
00:06:06.001,1705631067417,136.116,157.663,160.011,156.482,837.646,33.722,31.643,1,0,0,0,0.0,112.356,158.712,811.434,32.619,31.689,1.0,0.0,0.0,0.0,0.0
00:06:06.017,1705631067433,136.074,157.685,159.902,156.675,821.751,33.605,31.151,1,0,0,0,0.0,112.222,158.844,805.911,32.515,31.575,1.0,0.0,0.0,0.0,0.0
00:06:06.034,1705631067450,137.059,157.614,160.457,156.555,805.651,32.859,31.233,1,0,0,0,0.0,112.246,158.695,794.051,32.42,31.201,1.0,0.0,0.0,0.0,0.0
00:06:06.051,1705631067467,145.696,156.004,169.216,154.706,703.256,31.302,28.62,0,384,1,0,0.0,113.661,158.672,762.173,31.716,30.613,1.0,0.0,0.0,0.0,0.0
00:06:06.067,1705631067483,156.673,153.89,180.438,152.681,716.845,32.109,28.44,0,0,1,0,0.0,122.176,157.302,777.698,32.685,30.311,0.0,400.0,1.0,0.0,0.0
00:06:06.084,1705631067500,160.996,152.932,185.658,151.523,841.205,34.139,31.389,0,0,1,0,0.0,132.907,155.1,742.478,31.812,29.732,0.0,0.0,1.0,0.0,0.0
00:06:06.101,1705631067517,160.776,153.088,185.274,151.554,839.462,34.342,31.139,1,0,0,50,10.05,136.334,154.341,807.164,33.257,30.917,1.0,0.0,0.0,33.0,8.022
00:06:06.117,1705631067533,160.682,153.168,185.052,151.649,844.918,34.13,31.536,1,0,0,0,0.0,136.278,154.621,811.097,33.099,31.217,1.0,0.0,0.0,0.0,0.0
00:06:06.134,1705631067550,160.602,153.15,184.935,151.626,842.363,34.225,31.354,1,0,0,0,0.0,136.312,154.688,811.232,33.096,31.225,1.0,0.0,0.0,0.0,0.0
00:06:06.151,1705631067567,160.592,153.32,184.779,151.886,846.432,34.019,31.696,1,0,0,0,0.0,136.268,154.673,804.053,32.911,31.122,1.0,0.0,0.0,0.0,0.0
00:06:06.167,1705631067583,160.526,153.298,184.654,151.74,844.602,34.27,31.396,1,0,0,0,0.0,136.405,154.755,815.147,33.139,31.335,1.0,0.0,0.0,0.0,0.0
00:06:06.184,1705631067600,160.476,153.269,184.524,151.827,842.809,34.206,31.387,1,0,0,0,0.0,136.398,154.856,811.158,33.215,31.11,1.0,0.0,0.0,0.0,0.0
00:06:06.201,1705631067617,160.421,153.365,184.362,151.789,850.849,34.325,31.577,1,0,0,0,0.0,136.427,154.712,813.328,32.967,31.428,1.0,0.0,0.0,0.0,0.0
00:06:06.217,1705631067633,160.375,153.282,184.282,151.73,840.317,34.268,31.238,1,0,0,0,0.0,136.48,154.941,811.837,33.147,31.2,1.0,0.0,0.0,0.0,0.0
00:06:06.234,1705631067650,160.304,153.434,184.188,151.865,854.526,34.523,31.531,1,0,0,0,0.0,136.467,154.833,819.67,33.098,31.547,1.0,0.0,0.0,0.0,0.0
00:06:06.251,1705631067667,160.264,153.273,184.083,151.631,841.721,34.515,31.066,1,0,0,0,0.0,136.419,155.003,815.99,33.336,31.181,1.0,0.0,0.0,0.0,0.0
00:06:06.267,1705631067683,160.227,153.449,184.051,151.827,850.768,34.397,31.508,1,0,0,0,0.0,136.445,154.916,821.328,33.234,31.482,1.0,0.0,0.0,0.0,0.0
00:06:06.284,1705631067700,160.171,153.329,183.933,151.758,849.664,34.571,31.309,1,0,0,0,0.0,136.404,155.071,820.208,33.149,31.52,1.0,0.0,0.0,0.0,0.0
00:06:06.301,1705631067717,160.073,153.449,183.748,151.828,851.038,34.429,31.488,1,0,0,0,0.0,136.409,154.901,817.748,33.208,31.369,1.0,0.0,0.0,0.0,0.0
00:06:06.317,1705631067733,160.124,153.406,183.823,151.853,844.601,34.31,31.359,1,0,0,0,0.0,136.398,155.071,823.416,33.392,31.413,1.0,0.0,0.0,0.0,0.0
00:06:06.334,1705631067750,160.082,153.18,183.599,151.647,841.772,34.173,31.379,1,0,0,0,0.0,136.424,154.959,824.758,33.298,31.552,1.0,0.0,0.0,0.0,0.0
00:06:06.351,1705631067767,159.905,153.364,182.955,150.914,804.881,34.033,30.127,1,0,0,0,0.0,136.566,154.713,821.069,33.11,31.59,1.0,0.0,0.0,0.0,0.0
00:06:06.367,1705631067783,160.445,159.398,180.733,154.74,489.169,26.692,23.346,0,266,1,0,0.0,136.856,155.815,747.82,34.646,27.497,1.0,0.0,0.0,0.0,0.0
00:06:06.384,1705631067800,0.0,0.0,0.0,0.0,0.0,0.0,0.0,0,0,0,17,1.865,140.158,164.056,359.704,23.764,19.282,0.0,283.0,1.0,0.0,0.0
00:06:06.401,1705631067817,0.0,0.0,0.0,0.0,0.0,0.0,0.0,0,0,0,0,0.0,0.0,0.0,0.0,0.0,0.0,0.0,0.0,0.0,17.0,3.964
00:06:06.417,1705631067833,0.0,0.0,0.0,0.0,0.0,0.0,0.0,0,0,0,0,0.0,0.0,0.0,0.0,0.0,0.0,0.0,0.0,0.0,0.0,0.0
00:06:06.434,1705631067850,0.0,0.0,0.0,0.0,0.0,0.0,0.0,0,0,0,0,0.0,0.0,0.0,0.0,0.0,0.0,0.0,0.0,0.0,0.0,0.0
00:06:06.451,1705631067867,0.0,0.0,0.0,0.0,0.0,0.0,0.0,0,0,0,0,0.0,0.0,0.0,0.0,0.0,0.0,0.0,0.0,0.0,0.0,0.0
00:06:06.467,1705631067883,0.0,0.0,0.0,0.0,0.0,0.0,0.0,0,0,0,0,0.0,0.0,0.0,0.0,0.0,0.0,0.0,0.0,0.0,0.0,0.0
00:06:06.484,1705631067900,0.0,0.0,0.0,0.0,0.0,0.0,0.0,0,0,0,0,0.0,0.0,0.0,0.0,0.0,0.0,0.0,0.0,0.0,0.0,0.0
00:06:06.501,1705631067917,0.0,0.0,0.0,0.0,0.0,0.0,0.0,0,0,0,0,0.0,0.0,0.0,0.0,0.0,0.0,0.0,0.0,0.0,0.0,0.0
00:06:06.517,1705631067933,0.0,0.0,0.0,0.0,0.0,0.0,0.0,0,0,0,0,0.0,0.0,0.0,0.0,0.0,0.0,0.0,0.0,0.0,0.0,0.0
00:06:06.534,1705631067950,0.0,0.0,0.0,0.0,0.0,0.0,0.0,0,0,0,0,0.0,0.0,0.0,0.0,0.0,0.0,0.0,0.0,0.0,0.0,0.0
00:06:06.551,1705631067967,0.0,0.0,173.266,157.187,460.974,32.179,18.249,0,0,0,0,0.0,125.304,162.15,259.947,24.517,13.506,0.0,0.0,0.0,0.0,0.0
00:06:06.567,1705631067983,0.0,0.0,173.651,155.385,576.159,32.963,22.266,1,0,0,0,0.0,128.22,159.57,457.112,31.273,18.62,1.0,0.0,0.0,0.0,0.0
00:06:06.584,1705631068000,0.0,0.0,173.463,154.23,664.702,34.069,24.854,1,0,0,0,0.0,128.048,158.135,581.576,33.168,22.337,1.0,0.0,0.0,0.0,0.0
00:06:06.601,1705631068017,0.0,0.0,173.557,153.2,739.031,34.757,27.086,1,0,0,0,0.0,128.358,155.881,701.579,34.163,26.161,1.0,0.0,0.0,0.0,0.0
00:06:06.617,1705631068033,0.0,0.0,173.804,152.385,795.734,34.532,29.354,1,0,0,0,0.0,127.957,155.181,748.949,33.416,28.552,1.0,0.0,0.0,0.0,0.0
00:06:06.634,1705631068050,0.0,0.0,173.825,152.068,819.149,34.228,30.487,1,0,0,0,0.0,128.06,154.613,791.44,33.548,30.053,1.0,0.0,0.0,0.0,0.0
00:06:06.651,1705631068067,0.0,0.0,175.246,151.723,799.188,33.273,30.597,1,0,0,0,0.0,128.006,153.854,852.028,33.927,31.992,1.0,0.0,0.0,0.0,0.0
00:06:06.667,1705631068083,0.0,0.0,183.854,151.509,794.678,32.542,31.109,0,100,1,0,0.0,130.248,154.389,807.067,33.38,30.8,1.0,0.0,0.0,0.0,0.0
00:06:06.684,1705631068100,0.0,0.0,187.287,150.628,867.249,35.402,31.206,1,0,0,17,4.027,137.122,154.646,809.45,34.008,30.321,0.0,116.0,1.0,0.0,0.0
00:06:06.701,1705631068117,0.0,0.0,186.932,150.827,888.691,35.611,31.79,1,0,0,0,0.0,139.69,154.693,818.526,35.117,29.692,1.0,0.0,0.0,17.0,3.522
00:06:06.717,1705631068133,0.0,0.0,186.773,150.794,894.029,35.714,31.889,1,0,0,0,0.0,139.478,154.454,855.681,34.664,31.446,1.0,0.0,0.0,0.0,0.0
00:06:06.734,1705631068150,0.0,0.0,186.694,150.895,897.599,35.647,32.076,1,0,0,0,0.0,139.451,154.038,883.963,34.483,32.656,1.0,0.0,0.0,0.0,0.0
00:06:06.751,1705631068167,0.0,0.0,186.56,150.749,909.774,36.094,32.109,1,0,0,0,0.0,139.403,154.099,890.641,34.386,32.995,1.0,0.0,0.0,0.0,0.0
00:06:06.767,1705631068183,0.0,0.0,186.541,150.981,926.286,36.196,32.6,1,0,0,0,0.0,139.458,153.982,925.016,35.112,33.56,1.0,0.0,0.0,0.0,0.0
00:06:06.784,1705631068200,0.0,0.0,186.392,150.833,932.213,36.285,32.728,1,0,0,0,0.0,139.298,154.038,918.82,34.833,33.602,1.0,0.0,0.0,0.0,0.0
00:06:06.801,1705631068217,0.0,0.0,186.385,150.948,935.342,36.526,32.621,1,0,0,0,0.0,139.322,154.115,924.736,35.114,33.548,1.0,0.0,0.0,0.0,0.0
00:06:06.817,1705631068233,0.0,0.0,186.423,150.876,935.442,36.584,32.573,1,0,0,0,0.0,139.341,154.285,933.894,35.228,33.771,1.0,0.0,0.0,0.0,0.0
00:06:06.834,1705631068250,0.0,0.0,186.349,150.961,950.585,36.889,32.827,1,0,0,0,0.0,139.25,154.153,941.472,35.23,34.043,1.0,0.0,0.0,0.0,0.0
00:06:06.851,1705631068267,0.0,0.0,186.242,150.625,952.333,37.153,32.653,1,0,0,0,0.0,139.378,154.325,952.431,35.54,34.139,1.0,0.0,0.0,0.0,0.0
00:06:06.867,1705631068283,0.0,0.0,186.3,151.004,970.252,37.103,33.312,1,0,0,0,0.0,139.347,154.275,957.672,35.721,34.153,1.0,0.0,0.0,0.0,0.0
00:06:06.884,1705631068300,0.0,0.0,186.277,150.764,967.84,37.369,32.993,1,0,0,0,0.0,139.394,154.321,961.06,35.745,34.25,1.0,0.0,0.0,0.0,0.0
00:06:06.901,1705631068317,0.0,0.0,186.322,151.005,975.545,37.279,33.336,1,0,0,0,0.0,139.323,154.272,969.716,35.938,34.374,1.0,0.0,0.0,0.0,0.0
00:06:06.917,1705631068333,0.0,0.0,186.243,150.751,964.173,37.351,32.884,1,0,0,0,0.0,139.238,154.357,980.265,36.02,34.668,1.0,0.0,0.0,0.0,0.0
00:06:06.934,1705631068350,0.0,0.0,186.281,150.983,968.74,37.287,33.097,1,0,0,0,0.0,139.234,154.274,976.169,35.986,34.556,1.0,0.0,0.0,0.0,0.0
00:06:06.951,1705631068367,0.0,0.0,186.297,151.064,969.54,36.99,33.39,1,0,0,0,0.0,139.199,154.312,976.366,36.022,34.528,1.0,0.0,0.0,0.0,0.0
00:06:06.967,1705631068383,0.0,0.0,186.293,150.991,949.806,36.918,32.774,1,0,0,0,0.0,139.132,154.282,972.145,35.974,34.425,1.0,0.0,0.0,0.0,0.0
00:06:06.984,1705631068400,0.0,0.0,186.282,151.032,940.794,36.527,32.811,1,0,0,0,0.0,139.135,154.419,959.911,35.845,34.114,1.0,0.0,0.0,0.0,0.0
00:06:07.001,1705631068417,0.0,0.0,186.342,150.936,924.48,36.436,32.322,1,0,0,0,0.0,139.15,154.199,953.689,35.854,33.885,1.0,0.0,0.0,0.0,0.0
00:06:07.017,1705631068433,0.0,0.0,186.295,151.081,918.777,36.087,32.433,1,0,0,0,0.0,139.016,154.45,949.779,35.675,33.915,1.0,0.0,0.0,0.0,0.0
00:06:07.034,1705631068450,0.0,0.0,186.293,150.907,902.525,35.945,31.985,1,0,0,0,0.0,139.024,154.279,938.201,35.426,33.737,1.0,0.0,0.0,0.0,0.0
00:06:07.051,1705631068467,0.0,0.0,186.315,151.121,902.909,35.67,32.246,1,0,0,0,0.0,138.984,154.439,928.012,35.321,33.469,1.0,0.0,0.0,0.0,0.0
00:06:07.067,1705631068483,0.0,0.0,186.23,151.072,896.372,35.562,32.109,1,0,0,0,0.0,139.059,154.095,907.993,35.298,32.769,1.0,0.0,0.0,0.0,0.0
00:06:07.084,1705631068500,0.0,0.0,186.269,151.011,889.771,35.596,31.842,1,0,0,0,0.0,138.796,154.348,909.787,34.95,33.161,1.0,0.0,0.0,0.0,0.0
00:06:07.101,1705631068517,0.0,0.0,186.237,151.071,887.313,35.272,32.046,1,0,0,0,0.0,138.855,154.337,911.354,34.904,33.262,1.0,0.0,0.0,0.0,0.0
00:06:07.117,1705631068533,0.0,0.0,186.279,151.069,883.114,35.357,31.818,1,0,0,0,0.0,138.818,154.312,907.13,34.962,33.053,1.0,0.0,0.0,0.0,0.0
00:06:07.134,1705631068550,0.0,0.0,186.209,151.014,877.368,35.255,31.702,1,0,0,0,0.0,138.759,154.254,897.863,34.685,32.976,1.0,0.0,0.0,0.0,0.0
00:06:07.151,1705631068567,0.0,0.0,186.147,151.054,876.176,35.269,31.647,1,0,0,0,0.0,138.753,154.281,891.508,34.762,32.67,1.0,0.0,0.0,0.0,0.0
00:06:07.167,1705631068583,0.0,0.0,186.192,151.071,877.217,35.13,31.809,1,0,0,0,0.0,138.724,154.368,891.515,34.481,32.937,1.0,0.0,0.0,0.0,0.0
00:06:07.184,1705631068600,0.0,0.0,186.217,151.045,869.493,35.137,31.523,1,0,0,0,0.0,138.642,154.285,892.279,34.62,32.832,1.0,0.0,0.0,0.0,0.0
00:06:07.201,1705631068617,0.0,0.0,186.104,150.991,869.649,35.065,31.594,1,0,0,0,0.0,138.557,154.356,888.046,34.61,32.686,1.0,0.0,0.0,0.0,0.0
00:06:07.217,1705631068633,0.0,0.0,186.075,151.14,869.882,35.017,31.646,1,0,0,0,0.0,138.574,154.183,891.429,34.716,32.71,1.0,0.0,0.0,0.0,0.0
00:06:07.234,1705631068650,0.0,0.0,186.04,151.091,864.188,34.975,31.476,1,0,0,0,0.0,138.518,154.307,880.498,34.496,32.515,1.0,0.0,0.0,0.0,0.0
00:06:07.251,1705631068667,0.0,0.0,186.12,151.065,861.19,34.858,31.472,1,0,0,0,0.0,138.53,154.181,878.073,34.632,32.299,1.0,0.0,0.0,0.0,0.0
00:06:07.267,1705631068683,0.0,0.0,186.068,150.816,844.358,34.739,30.963,1,0,0,0,0.0,138.425,154.321,875.797,34.413,32.42,1.0,0.0,0.0,0.0,0.0
00:06:07.284,1705631068700,0.0,0.0,186.049,151.179,862.951,34.794,31.594,1,0,0,0,0.0,138.338,154.249,885.123,34.596,32.592,1.0,0.0,0.0,0.0,0.0
00:06:07.301,1705631068717,0.0,0.0,185.915,150.839,842.619,34.858,30.794,1,0,0,0,0.0,138.36,154.305,875.812,34.416,32.418,1.0,0.0,0.0,0.0,0.0
00:06:07.317,1705631068733,0.0,0.0,185.961,150.935,850.595,34.815,31.124,1,0,0,0,0.0,138.381,154.154,878.858,34.545,32.409,1.0,0.0,0.0,0.0,0.0
00:06:07.334,1705631068750,0.0,0.0,185.866,151.033,852.416,34.933,31.084,1,0,0,0,0.0,138.393,154.212,870.965,34.533,32.129,1.0,0.0,0.0,0.0,0.0
00:06:07.351,1705631068767,0.0,0.0,185.671,151.02,859.58,34.965,31.317,1,0,0,0,0.0,138.302,154.281,888.527,34.704,32.615,1.0,0.0,0.0,0.0,0.0
00:06:07.367,1705631068783,0.0,0.0,181.948,151.627,850.554,34.621,31.297,1,0,0,0,0.0,137.724,154.335,881.261,34.721,32.333,1.0,0.0,0.0,0.0,0.0
00:06:07.384,1705631068800,0.0,0.0,179.214,151.662,863.911,34.506,31.893,1,0,0,0,0.0,133.14,154.181,861.552,33.844,32.429,0.0,683.0,1.0,0.0,0.0
00:06:07.401,1705631068817,0.0,0.0,178.817,151.915,845.64,34.093,31.597,1,0,0,0,0.0,130.637,154.096,873.008,34.109,32.604,1.0,0.0,0.0,17.0,2.322
00:06:07.417,1705631068833,0.0,0.0,178.963,151.6,872.461,34.826,31.914,1,0,0,0,0.0,130.712,154.229,887.769,34.315,32.957,1.0,0.0,0.0,0.0,0.0
00:06:07.434,1705631068850,0.0,0.0,178.999,151.797,872.783,34.696,32.045,1,0,0,0,0.0,130.696,154.321,881.981,34.234,32.82,1.0,0.0,0.0,0.0,0.0
00:06:07.451,1705631068867,0.0,0.0,178.631,151.664,856.288,34.605,31.522,1,0,0,0,0.0,130.642,154.301,883.195,34.107,32.987,1.0,0.0,0.0,0.0,0.0
00:06:07.467,1705631068883,0.0,0.0,178.64,151.777,868.468,34.773,31.815,1,0,0,0,0.0,130.666,154.333,886.947,34.295,32.945,1.0,0.0,0.0,0.0,0.0
00:06:07.484,1705631068900,0.0,0.0,178.571,151.625,880.5,34.915,32.126,1,0,0,0,0.0,130.575,154.333,890.921,34.254,33.133,1.0,0.0,0.0,0.0,0.0
00:06:07.501,1705631068917,0.0,0.0,178.669,151.819,884.871,34.98,32.225,1,0,0,0,0.0,130.516,154.304,892.593,34.407,33.047,1.0,0.0,0.0,0.0,0.0
00:06:07.517,1705631068933,0.0,0.0,178.121,151.758,877.171,34.79,32.119,1,0,0,0,0.0,130.556,154.32,900.516,34.565,33.188,1.0,0.0,0.0,0.0,0.0
00:06:07.534,1705631068950,0.0,0.0,178.347,151.836,891.128,35.038,32.399,1,0,0,0,0.0,130.482,154.308,891.858,34.457,32.973,1.0,0.0,0.0,0.0,0.0
00:06:07.551,1705631068967,0.0,0.0,178.045,151.978,884.655,34.796,32.387,1,0,0,0,0.0,130.458,154.377,907.021,34.661,33.335,1.0,0.0,0.0,0.0,0.0
00:06:07.567,1705631068983,0.0,0.0,178.161,151.998,895.797,35.246,32.376,1,0,0,0,0.0,130.457,154.286,905.543,34.697,33.247,1.0,0.0,0.0,0.0,0.0
00:06:07.584,1705631069000,0.0,0.0,178.184,151.944,899.956,35.4,32.385,1,0,0,0,0.0,130.406,154.508,905.413,34.63,33.307,1.0,0.0,0.0,0.0,0.0
00:06:07.601,1705631069017,0.0,0.0,181.147,151.5,887.765,34.928,32.378,1,0,0,0,0.0,130.529,154.375,903.674,34.751,33.127,1.0,0.0,0.0,0.0,0.0
00:06:07.617,1705631069033,0.0,0.0,184.275,151.077,898.965,35.916,31.885,1,0,0,0,0.0,133.884,154.205,892.256,34.72,32.737,1.0,0.0,0.0,0.0,0.0
00:06:07.634,1705631069050,0.0,0.0,184.247,151.067,916.323,36.079,32.354,1,0,0,0,0.0,136.01,154.009,921.512,35.299,33.256,1.0,0.0,0.0,0.0,0.0
00:06:07.651,1705631069067,0.0,0.0,184.146,150.943,913.386,36.154,32.183,1,0,0,0,0.0,136.092,154.032,923.479,35.414,33.218,1.0,0.0,0.0,0.0,0.0
00:06:07.667,1705631069083,0.0,0.0,184.045,151.112,922.281,36.197,32.458,1,0,0,0,0.0,136.029,154.042,925.325,35.236,33.453,1.0,0.0,0.0,0.0,0.0
00:06:07.684,1705631069100,0.0,0.0,183.991,151.134,933.294,36.379,32.682,1,0,0,0,0.0,136.024,154.201,914.845,35.165,33.141,1.0,0.0,0.0,0.0,0.0
00:06:07.701,1705631069117,0.0,0.0,183.883,151.046,931.674,36.481,32.533,1,0,0,0,0.0,136.061,154.026,932.079,35.439,33.504,1.0,0.0,0.0,0.0,0.0
00:06:07.717,1705631069133,0.0,0.0,183.758,151.055,935.895,36.527,32.639,1,0,0,0,0.0,135.93,154.21,925.513,35.423,33.283,1.0,0.0,0.0,0.0,0.0
00:06:07.734,1705631069150,0.0,0.0,183.638,151.025,935.463,36.6,32.56,1,0,0,0,0.0,135.909,154.049,933.492,35.404,33.588,1.0,0.0,0.0,0.0,0.0
00:06:07.751,1705631069167,0.0,0.0,183.664,151.117,941.447,36.672,32.703,1,0,0,0,0.0,135.736,154.319,918.397,35.137,33.296,1.0,0.0,0.0,0.0,0.0
00:06:07.767,1705631069183,0.0,0.0,183.488,150.992,944.399,36.833,32.663,1,0,0,0,0.0,135.721,154.152,923.329,35.162,33.451,1.0,0.0,0.0,0.0,0.0
00:06:07.784,1705631069200,0.0,0.0,183.463,151.16,947.572,36.672,32.916,1,0,0,0,0.0,135.837,154.235,933.669,35.63,33.382,1.0,0.0,0.0,0.0,0.0
00:06:07.801,1705631069217,0.0,0.0,183.314,151.089,953.767,36.812,33.006,1,0,0,0,0.0,135.714,154.133,933.196,35.463,33.522,1.0,0.0,0.0,0.0,0.0
00:06:07.817,1705631069233,0.0,0.0,183.264,151.131,950.642,36.737,32.964,1,0,0,0,0.0,135.699,154.187,924.281,35.445,33.218,1.0,0.0,0.0,0.0,0.0
00:06:07.834,1705631069250,0.0,0.0,183.232,150.864,943.804,36.892,32.59,1,0,0,0,0.0,135.727,154.201,928.928,35.409,33.42,1.0,0.0,0.0,0.0,0.0
00:06:07.851,1705631069267,0.0,0.0,182.977,150.973,947.034,36.801,32.782,1,0,0,0,0.0,135.662,154.109,929.71,35.514,33.348,1.0,0.0,0.0,0.0,0.0
00:06:07.867,1705631069283,0.0,0.0,182.813,150.704,946.222,36.598,32.935,1,0,0,0,0.0,135.631,154.043,936.923,35.458,33.66,1.0,0.0,0.0,0.0,0.0
00:06:07.884,1705631069300,0.0,0.0,181.632,151.315,814.907,34.822,29.811,1,0,0,0,0.0,135.823,153.845,919.962,35.613,32.907,1.0,0.0,0.0,0.0,0.0
00:06:07.901,1705631069317,0.0,0.0,178.891,158.771,275.266,25.879,13.55,0,1217,1,0,0.0,136.44,154.37,815.188,35.507,29.247,1.0,0.0,0.0,0.0,0.0
00:06:07.917,1705631069333,0.0,0.0,0.0,0.0,0.0,0.0,0.0,0,0,0,16,3.703,0.0,0.0,0.0,0.0,0.0,0.0,517.0,0.0,0.0,0.0
00:06:07.934,1705631069350,0.0,0.0,0.0,0.0,0.0,0.0,0.0,0,0,0,0,0.0,0.0,0.0,0.0,0.0,0.0,0.0,0.0,0.0,0.0,0.0
00:06:07.951,1705631069367,0.0,0.0,0.0,0.0,0.0,0.0,0.0,0,0,0,0,0.0,0.0,0.0,0.0,0.0,0.0,0.0,0.0,0.0,0.0,0.0
00:06:07.967,1705631069383,0.0,0.0,0.0,0.0,0.0,0.0,0.0,0,0,0,0,0.0,0.0,0.0,0.0,0.0,0.0,0.0,0.0,0.0,0.0,0.0
00:06:07.984,1705631069400,0.0,0.0,0.0,0.0,0.0,0.0,0.0,0,0,0,0,0.0,0.0,0.0,0.0,0.0,0.0,0.0,0.0,0.0,0.0,0.0
00:06:08.001,1705631069417,0.0,0.0,0.0,0.0,0.0,0.0,0.0,0,0,0,0,0.0,0.0,0.0,0.0,0.0,0.0,0.0,0.0,0.0,0.0,0.0
00:06:08.017,1705631069433,0.0,0.0,0.0,0.0,0.0,0.0,0.0,0,0,0,0,0.0,96.311,198.81,49.859,10.258,6.192,0.0,0.0,0.0,0.0,0.0
00:06:08.034,1705631069450,0.0,0.0,0.0,0.0,0.0,0.0,0.0,0,0,0,0,0.0,101.448,188.7,58.139,9.529,7.772,0.0,0.0,1.0,0.0,0.0
00:06:08.051,1705631069467,0.0,0.0,0.0,0.0,0.0,0.0,0.0,0,0,0,0,0.0,0.0,0.0,0.0,0.0,0.0,0.0,0.0,0.0,17.0,0.0
00:06:08.067,1705631069483,145.567,161.421,183.362,159.046,352.124,29.647,15.13,0,0,0,0,0.0,0.0,0.0,0.0,0.0,0.0,0.0,0.0,0.0,0.0,0.0
00:06:08.084,1705631069500,161.135,158.081,182.299,156.637,398.992,27.518,18.471,1,0,0,0,0.0,0.0,0.0,0.0,0.0,0.0,0.0,0.0,0.0,0.0,0.0
00:06:08.101,1705631069517,160.892,156.782,181.845,155.683,445.915,28.23,20.122,1,0,0,0,0.0,139.971,159.524,521.927,34.835,19.086,0.0,0.0,0.0,0.0,0.0
00:06:08.117,1705631069533,160.496,155.16,181.21,153.805,504.431,27.824,23.095,1,0,0,0,0.0,139.939,157.88,656.483,36.632,22.829,1.0,0.0,0.0,0.0,0.0
00:06:08.134,1705631069550,160.415,154.23,180.998,153.034,581.693,30.95,23.942,1,0,0,0,0.0,139.781,156.514,750.318,37.031,25.811,1.0,0.0,0.0,0.0,0.0
00:06:08.151,1705631069567,163.042,153.459,186.225,152.148,849.051,37.639,28.736,0,67,1,0,0.0,139.831,155.426,828.722,37.3,28.303,1.0,0.0,0.0,0.0,0.0
00:06:08.167,1705631069583,163.025,153.186,186.236,151.703,910.458,37.598,30.848,1,0,0,16,2.135,139.859,154.771,883.454,37.187,30.264,1.0,0.0,0.0,0.0,0.0
00:06:08.184,1705631069600,163.108,152.352,186.231,150.748,918.634,37.85,30.917,1,0,0,0,0.0,139.814,154.669,912.708,37.619,30.907,1.0,0.0,0.0,0.0,0.0
00:06:08.201,1705631069617,163.199,153.025,186.402,151.14,976.448,37.897,32.823,1,0,0,0,0.0,139.986,153.955,946.955,37.044,32.564,1.0,0.0,0.0,0.0,0.0
00:06:08.217,1705631069633,163.201,152.092,186.269,150.377,972.285,38.334,32.311,1,0,0,0,0.0,139.996,154.909,921.55,37.692,31.146,1.0,0.0,0.0,0.0,0.0
00:06:08.234,1705631069650,163.074,152.604,186.347,150.546,998.171,38.225,33.265,1,0,0,0,0.0,140.132,153.807,991.672,37.527,33.663,1.0,0.0,0.0,0.0,0.0
00:06:08.251,1705631069667,163.188,152.498,186.502,150.629,1027.599,38.237,34.235,1,0,0,0,0.0,139.801,154.661,945.933,37.483,32.148,1.0,0.0,0.0,0.0,0.0
00:06:08.267,1705631069683,163.081,152.427,186.34,150.583,1022.387,38.324,33.984,1,0,0,0,0.0,139.874,154.368,967.414,37.409,32.943,1.0,0.0,0.0,0.0,0.0
00:06:08.284,1705631069700,162.985,152.043,186.214,150.256,1017.056,38.715,33.465,1,0,0,0,0.0,139.822,154.272,992.861,37.505,33.723,1.0,0.0,0.0,0.0,0.0
00:06:08.301,1705631069717,162.858,152.36,186.047,150.632,1027.942,38.347,34.148,1,0,0,0,0.0,139.756,153.83,1020.608,37.65,34.532,1.0,0.0,0.0,0.0,0.0
00:06:08.317,1705631069733,162.89,152.143,186.133,150.682,1045.898,38.821,34.321,1,0,0,0,0.0,139.67,154.089,1030.583,37.772,34.757,1.0,0.0,0.0,0.0,0.0
00:06:08.334,1705631069750,162.489,152.51,185.841,150.846,1056.12,38.715,34.751,1,0,0,0,0.0,139.648,153.604,1056.417,37.74,35.659,1.0,0.0,0.0,0.0,0.0
00:06:08.351,1705631069767,160.701,152.964,184.327,151.694,1085.203,38.881,35.555,1,0,0,0,0.0,139.137,154.173,1042.39,37.959,34.983,1.0,0.0,0.0,0.0,0.0
00:06:08.367,1705631069783,160.509,153.129,184.103,151.709,1086.973,39.182,35.34,1,0,0,0,0.0,137.075,154.234,1076.931,37.949,36.151,1.0,0.0,0.0,0.0,0.0
00:06:08.384,1705631069800,160.473,153.194,183.961,151.839,1088.222,38.643,35.874,1,0,0,0,0.0,136.916,154.549,1071.135,38.079,35.833,1.0,0.0,0.0,0.0,0.0
00:06:08.401,1705631069817,160.294,152.94,183.643,151.371,1065.989,39.214,34.629,1,0,0,0,0.0,136.984,154.55,1075.874,38.121,35.952,1.0,0.0,0.0,0.0,0.0
00:06:08.417,1705631069833,160.303,153.139,183.684,151.696,1087.061,39.222,35.307,1,0,0,0,0.0,136.944,154.51,1085.751,38.233,36.177,1.0,0.0,0.0,0.0,0.0
00:06:08.434,1705631069850,160.374,153.294,183.828,151.829,1097.817,39.193,35.682,1,0,0,0,0.0,136.922,154.581,1094.387,38.19,36.505,1.0,0.0,0.0,0.0,0.0
00:06:08.451,1705631069867,160.067,152.896,183.192,151.18,1042.639,39.188,33.894,1,0,0,0,0.0,136.92,154.759,1077.451,38.577,35.58,1.0,0.0,0.0,0.0,0.0
00:06:08.467,1705631069883,160.108,153.19,183.425,151.644,1073.472,39.097,34.977,1,0,0,0,0.0,136.941,154.612,1089.28,38.125,36.397,1.0,0.0,0.0,0.0,0.0
00:06:08.484,1705631069900,160.113,153.261,183.421,151.786,1068.136,38.922,34.959,1,0,0,0,0.0,136.79,154.737,1079.571,38.302,35.906,1.0,0.0,0.0,0.0,0.0
00:06:08.501,1705631069917,160.06,153.054,183.342,151.472,1053.014,38.897,34.487,1,0,0,0,0.0,136.805,154.736,1080.339,38.148,36.076,1.0,0.0,0.0,0.0,0.0
00:06:08.517,1705631069933,160.117,153.251,183.468,151.791,1050.429,38.546,34.715,1,0,0,0,0.0,136.777,154.635,1071.754,37.878,36.044,1.0,0.0,0.0,0.0,0.0
00:06:08.534,1705631069950,160.071,153.087,183.397,151.48,1029.764,38.508,34.066,1,0,0,0,0.0,136.766,154.712,1063.413,38.086,35.569,1.0,0.0,0.0,0.0,0.0
00:06:08.551,1705631069967,160.055,153.433,183.511,152.06,1034.829,38.071,34.626,1,0,0,0,0.0,136.746,154.694,1050.628,37.67,35.529,1.0,0.0,0.0,0.0,0.0
00:06:08.567,1705631069983,159.915,153.154,183.23,151.571,1009.23,37.948,33.879,1,0,0,0,0.0,136.6,154.806,1036.902,37.656,35.078,1.0,0.0,0.0,0.0,0.0
00:06:08.584,1705631070000,159.862,153.271,183.249,151.859,1007.231,37.662,34.069,1,0,0,0,0.0,136.6,154.737,1028.446,37.333,35.093,1.0,0.0,0.0,0.0,0.0
00:06:08.601,1705631070017,159.856,153.147,183.206,151.579,995.932,37.619,33.725,1,0,0,0,0.0,136.475,154.682,1020.699,36.969,35.171,1.0,0.0,0.0,0.0,0.0
00:06:08.617,1705631070033,159.88,153.296,183.321,151.829,991.841,37.612,33.593,1,0,0,0,0.0,136.506,154.715,1000.956,36.867,34.586,1.0,0.0,0.0,0.0,0.0
00:06:08.634,1705631070050,159.818,153.202,183.2,151.78,979.729,37.152,33.593,1,0,0,0,0.0,136.439,154.762,990.692,36.758,34.334,1.0,0.0,0.0,0.0,0.0
00:06:08.651,1705631070067,159.759,153.186,183.173,151.712,971.572,37.252,33.224,1,0,0,0,0.0,136.436,154.623,981.88,36.457,34.309,1.0,0.0,0.0,0.0,0.0
00:06:08.667,1705631070083,159.646,153.188,183.02,151.702,966.055,36.833,33.412,1,0,0,0,0.0,136.345,154.659,982.726,36.45,34.345,1.0,0.0,0.0,0.0,0.0
00:06:08.684,1705631070100,159.72,153.225,183.102,151.783,963.947,36.972,33.213,1,0,0,0,0.0,136.273,154.675,967.09,36.005,34.217,1.0,0.0,0.0,0.0,0.0
00:06:08.701,1705631070117,159.652,153.22,183.034,151.8,959.899,36.783,33.243,1,0,0,0,0.0,136.338,154.667,961.294,36.107,33.915,1.0,0.0,0.0,0.0,0.0
00:06:08.717,1705631070133,159.59,153.194,183.084,151.72,955.049,36.903,32.968,1,0,0,0,0.0,136.27,154.64,955.345,36.122,33.691,1.0,0.0,0.0,0.0,0.0
00:06:08.734,1705631070150,159.536,153.183,183.01,151.729,952.494,36.929,32.857,1,0,0,0,0.0,136.097,154.668,954.906,35.881,33.902,1.0,0.0,0.0,0.0,0.0
00:06:08.751,1705631070167,160.606,152.703,184.01,151.318,941.904,36.536,32.841,1,0,0,0,0.0,136.063,154.637,954.934,35.944,33.844,1.0,0.0,0.0,0.0,0.0
00:06:08.767,1705631070183,161.453,151.976,185.15,150.327,919.861,36.916,31.743,1,0,0,0,0.0,137.203,154.088,948.268,36.09,33.472,1.0,0.0,0.0,0.0,0.0
00:06:08.784,1705631070200,161.43,152.395,185.122,150.865,951.549,36.793,32.945,1,0,0,0,0.0,137.756,153.625,958.556,36.063,33.86,1.0,0.0,0.0,0.0,0.0
00:06:08.801,1705631070217,161.343,152.239,185.025,150.722,931.13,36.638,32.375,1,0,0,0,0.0,137.737,153.926,941.435,35.923,33.384,1.0,0.0,0.0,0.0,0.0
00:06:08.817,1705631070233,161.341,152.391,184.994,150.805,943.986,36.612,32.845,1,0,0,0,0.0,137.661,153.756,946.15,35.889,33.584,1.0,0.0,0.0,0.0,0.0
00:06:08.834,1705631070250,161.345,152.407,184.956,150.937,943.028,36.45,32.958,1,0,0,0,0.0,137.689,153.978,936.007,35.78,33.325,1.0,0.0,0.0,0.0,0.0
00:06:08.851,1705631070267,161.239,152.383,184.84,150.829,945.805,36.527,32.985,1,0,0,0,0.0,137.734,153.876,943.549,35.931,33.452,1.0,0.0,0.0,0.0,0.0
00:06:08.867,1705631070283,161.199,152.26,184.773,150.847,939.18,36.64,32.653,1,0,0,0,0.0,137.638,153.937,931.375,35.786,33.154,1.0,0.0,0.0,0.0,0.0
00:06:08.884,1705631070300,161.154,151.844,184.556,150.025,936.219,36.437,32.732,1,0,0,0,0.0,137.625,153.673,946.358,35.763,33.709,1.0,0.0,0.0,0.0,0.0
00:06:08.901,1705631070317,161.193,153.373,184.049,151.489,874.444,36.272,30.711,1,0,0,0,0.0,137.753,153.663,929.851,35.866,33.027,1.0,0.0,0.0,0.0,0.0
00:06:08.917,1705631070333,0.0,0.0,0.0,0.0,0.0,0.0,0.0,0,750,0,0,0.0,138.337,155.257,824.286,37.03,28.356,1.0,0.0,0.0,0.0,0.0
00:06:08.934,1705631070350,0.0,0.0,0.0,0.0,0.0,0.0,0.0,0,0,0,0,0.0,136.241,161.727,139.929,15.183,11.74,0.0,816.0,1.0,0.0,0.0
00:06:08.951,1705631070367,0.0,0.0,0.0,0.0,0.0,0.0,0.0,0,0,0,0,0.0,0.0,0.0,0.0,0.0,0.0,0.0,0.0,0.0,17.0,2.945
00:06:08.967,1705631070383,0.0,0.0,0.0,0.0,0.0,0.0,0.0,0,0,0,0,0.0,0.0,0.0,0.0,0.0,0.0,0.0,0.0,0.0,0.0,0.0
00:06:08.984,1705631070400,0.0,0.0,0.0,0.0,0.0,0.0,0.0,0,0,0,0,0.0,0.0,0.0,0.0,0.0,0.0,0.0,0.0,0.0,0.0,0.0
00:06:09.001,1705631070417,0.0,0.0,0.0,0.0,0.0,0.0,0.0,0,0,0,0,0.0,0.0,0.0,0.0,0.0,0.0,0.0,0.0,0.0,0.0,0.0
00:06:09.017,1705631070433,0.0,0.0,0.0,0.0,0.0,0.0,0.0,0,0,0,0,0.0,0.0,0.0,0.0,0.0,0.0,0.0,0.0,0.0,0.0,0.0
00:06:09.034,1705631070450,0.0,0.0,0.0,0.0,0.0,0.0,0.0,0,0,0,0,0.0,0.0,0.0,0.0,0.0,0.0,0.0,0.0,0.0,0.0,0.0
00:06:09.051,1705631070467,0.0,0.0,0.0,0.0,0.0,0.0,0.0,0,0,0,0,0.0,0.0,0.0,0.0,0.0,0.0,0.0,0.0,0.0,0.0,0.0
00:06:09.067,1705631070483,0.0,0.0,0.0,0.0,0.0,0.0,0.0,0,0,0,0,0.0,0.0,0.0,0.0,0.0,0.0,0.0,0.0,0.0,0.0,0.0
00:06:09.084,1705631070500,0.0,0.0,0.0,0.0,0.0,0.0,0.0,0,0,0,0,0.0,0.0,0.0,0.0,0.0,0.0,0.0,0.0,0.0,0.0,0.0
00:06:09.101,1705631070517,0.0,0.0,0.0,0.0,0.0,0.0,0.0,0,0,0,0,0.0,0.0,0.0,0.0,0.0,0.0,0.0,0.0,0.0,0.0,0.0
00:06:09.117,1705631070533,0.0,0.0,0.0,0.0,0.0,0.0,0.0,0,0,0,0,0.0,0.0,0.0,0.0,0.0,0.0,0.0,0.0,0.0,0.0,0.0
00:06:09.134,1705631070550,0.0,0.0,0.0,0.0,0.0,0.0,0.0,0,0,0,0,0.0,0.0,0.0,0.0,0.0,0.0,0.0,0.0,0.0,0.0,0.0
00:06:09.151,1705631070567,0.0,0.0,0.0,0.0,0.0,0.0,0.0,0,0,0,0,0.0,0.0,0.0,0.0,0.0,0.0,0.0,0.0,0.0,0.0,0.0
00:06:09.167,1705631070583,142.702,157.233,180.497,154.858,429.083,29.03,18.829,0,0,0,0,0.0,0.0,0.0,0.0,0.0,0.0,0.0,0.0,0.0,0.0,0.0
00:06:09.184,1705631070600,159.068,154.274,181.506,153.268,557.008,31.673,22.402,1,0,0,0,0.0,0.0,0.0,0.0,0.0,0.0,0.0,0.0,0.0,0.0,0.0
00:06:09.201,1705631070617,157.486,153.224,178.501,152.264,498.699,27.439,23.153,1,0,0,0,0.0,136.629,155.28,618.13,34.351,22.923,0.0,0.0,0.0,0.0,0.0
00:06:09.217,1705631070633,159.55,151.988,182.644,150.898,738.333,34.233,27.475,0,33,1,0,0.0,136.47,154.184,716.867,34.663,26.345,1.0,0.0,0.0,0.0,0.0
00:06:09.234,1705631070650,159.567,151.12,182.705,149.889,814.389,34.888,29.737,1,0,0,17,1.294,136.457,153.077,782.435,34.536,28.86,1.0,0.0,0.0,0.0,0.0
00:06:09.251,1705631070667,159.54,150.911,182.686,149.67,839.85,35.162,30.427,1,0,0,0,0.0,136.429,152.351,832.353,34.218,30.988,1.0,0.0,0.0,0.0,0.0
00:06:09.267,1705631070683,159.536,151.061,182.762,149.28,867.317,35.297,31.302,1,0,0,0,0.0,136.395,152.152,846.976,34.735,31.062,1.0,0.0,0.0,0.0,0.0
00:06:09.284,1705631070700,159.484,150.897,182.816,149.346,881.324,35.39,31.724,1,0,0,0,0.0,136.309,152.843,836.185,35.002,30.433,1.0,0.0,0.0,0.0,0.0
00:06:09.301,1705631070717,159.473,150.827,182.87,149.382,902.065,35.547,32.327,1,0,0,0,0.0,136.152,152.449,862.571,34.685,31.679,1.0,0.0,0.0,0.0,0.0
00:06:09.317,1705631070733,159.562,150.929,183.032,149.583,902.532,35.588,32.306,1,0,0,0,0.0,136.077,152.271,884.951,34.838,32.36,1.0,0.0,0.0,0.0,0.0
00:06:09.334,1705631070750,159.463,150.8,182.957,149.306,915.715,35.808,32.577,1,0,0,0,0.0,136.093,152.275,879.748,34.78,32.222,1.0,0.0,0.0,0.0,0.0
00:06:09.351,1705631070767,159.418,150.798,182.979,149.367,925.82,36.161,32.615,1,0,0,0,0.0,135.968,152.295,899.282,34.917,32.809,1.0,0.0,0.0,0.0,0.0
00:06:09.367,1705631070783,159.454,150.741,183.091,149.338,938.746,36.168,33.064,1,0,0,0,0.0,135.857,152.23,911.19,35.078,33.09,1.0,0.0,0.0,0.0,0.0
00:06:09.384,1705631070800,159.432,150.943,183.12,149.565,945.796,36.345,33.15,1,0,0,0,0.0,135.818,152.143,926.299,35.372,33.359,1.0,0.0,0.0,0.0,0.0
00:06:09.401,1705631070817,159.415,150.819,183.071,149.318,951.887,36.67,33.068,1,0,0,0,0.0,135.743,152.321,928.462,35.562,33.259,1.0,0.0,0.0,0.0,0.0
00:06:09.417,1705631070833,159.418,150.925,183.086,149.462,962.347,36.825,33.29,1,0,0,0,0.0,135.759,152.321,930.777,35.752,33.165,1.0,0.0,0.0,0.0,0.0
00:06:09.434,1705631070850,159.445,151.645,183.352,150.043,977.057,37.069,33.576,1,0,0,0,0.0,135.749,152.388,945.751,35.813,33.641,1.0,0.0,0.0,0.0,0.0
00:06:09.451,1705631070867,159.409,152.223,183.565,150.707,981.603,37.28,33.542,1,0,0,0,0.0,135.538,153.247,964.083,35.943,34.169,1.0,0.0,0.0,0.0,0.0
00:06:09.467,1705631070883,159.483,152.318,183.567,150.915,990.761,37.098,34.021,1,0,0,0,0.0,135.254,153.74,964.417,35.856,34.264,1.0,0.0,0.0,0.0,0.0
00:06:09.484,1705631070900,159.405,152.296,183.46,150.801,999.268,37.515,33.932,1,0,0,0,0.0,135.399,153.72,987.068,36.297,34.642,1.0,0.0,0.0,0.0,0.0
00:06:09.501,1705631070917,159.35,152.338,183.396,150.825,1005.719,37.551,34.118,1,0,0,0,0.0,135.35,153.791,989.297,36.492,34.535,1.0,0.0,0.0,0.0,0.0
00:06:09.517,1705631070933,159.326,152.265,183.36,150.733,1006.857,37.875,33.864,1,0,0,0,0.0,135.304,153.852,1001.441,36.619,34.838,1.0,0.0,0.0,0.0,0.0
00:06:09.534,1705631070950,159.341,152.376,183.346,150.916,1025.338,37.866,34.495,1,0,0,0,0.0,135.291,153.798,1008.554,36.808,34.905,1.0,0.0,0.0,0.0,0.0
00:06:09.551,1705631070967,159.305,152.294,183.34,150.734,1021.918,38.039,34.223,1,0,0,0,0.0,135.335,153.836,1019.382,36.832,35.256,1.0,0.0,0.0,0.0,0.0
00:06:09.567,1705631070983,159.358,152.396,183.371,150.94,1035.372,38.074,34.642,1,0,0,0,0.0,135.27,153.854,1015.985,36.881,35.093,1.0,0.0,0.0,0.0,0.0
00:06:09.584,1705631071000,159.31,152.348,183.263,150.864,1040.271,38.268,34.629,1,0,0,0,0.0,135.344,153.852,1024.841,36.948,35.334,1.0,0.0,0.0,0.0,0.0
00:06:09.601,1705631071017,159.247,152.398,183.233,150.899,1041.463,38.425,34.527,1,0,0,0,0.0,135.358,153.832,1027.737,37.091,35.298,1.0,0.0,0.0,0.0,0.0
00:06:09.617,1705631071033,159.185,152.368,183.183,150.819,1042.722,38.299,34.682,1,0,0,0,0.0,135.26,153.898,1026.839,36.869,35.479,1.0,0.0,0.0,0.0,0.0
00:06:09.634,1705631071050,159.185,152.435,183.188,150.946,1047.534,38.575,34.593,1,0,0,0,0.0,135.187,153.918,1029.82,37.045,35.413,1.0,0.0,0.0,0.0,0.0
00:06:09.651,1705631071067,159.227,152.251,183.147,150.591,1037.68,38.742,34.12,1,0,0,0,0.0,135.183,153.924,1031.036,36.98,35.517,1.0,0.0,0.0,0.0,0.0
00:06:09.667,1705631071083,159.211,152.506,183.176,151.037,1059.157,38.586,34.968,1,0,0,0,0.0,135.307,153.911,1037.793,37.26,35.481,1.0,0.0,0.0,0.0,0.0
00:06:09.684,1705631071100,159.145,152.493,183.111,151.051,1070.101,38.569,35.344,1,0,0,0,0.0,135.246,153.975,1043.529,37.263,35.674,1.0,0.0,0.0,0.0,0.0
00:06:09.701,1705631071117,159.147,152.534,183.016,151.016,1061.039,38.728,34.9,1,0,0,0,0.0,135.179,153.936,1047.494,37.399,35.68,1.0,0.0,0.0,0.0,0.0
00:06:09.717,1705631071133,159.113,152.381,183.041,150.833,1061.687,38.748,34.904,1,0,0,0,0.0,135.277,154.052,1040.555,37.191,35.642,1.0,0.0,0.0,0.0,0.0
00:06:09.734,1705631071150,159.096,152.549,182.998,151.029,1067.522,38.614,35.217,1,0,0,0,0.0,135.185,153.93,1046.885,37.349,35.707,1.0,0.0,0.0,0.0,0.0
00:06:09.751,1705631071167,159.017,152.23,182.957,150.58,1043.22,38.793,34.257,1,0,0,0,0.0,135.193,154.07,1041.03,37.205,35.645,1.0,0.0,0.0,0.0,0.0
00:06:09.767,1705631071183,159.034,152.558,182.93,151.027,1062.01,38.64,35.012,1,0,0,0,0.0,135.077,153.88,1034.279,37.047,35.565,1.0,0.0,0.0,0.0,0.0
00:06:09.784,1705631071200,159.05,152.446,182.946,150.907,1066.625,38.627,35.177,1,0,0,0,0.0,135.137,154.089,1036.381,37.157,35.531,1.0,0.0,0.0,0.0,0.0
00:06:09.801,1705631071217,159.03,152.519,182.91,151.036,1059.565,38.545,35.018,1,0,0,0,0.0,135.155,153.986,1046.009,37.214,35.806,1.0,0.0,0.0,0.0,0.0
00:06:09.817,1705631071233,159.007,152.374,182.857,150.871,1055.391,38.367,35.042,1,0,0,0,0.0,135.15,154.003,1037.4,37.175,35.549,1.0,0.0,0.0,0.0,0.0
00:06:09.834,1705631071250,158.992,152.451,182.835,150.893,1046.27,38.565,34.56,1,0,0,0,0.0,135.158,153.878,1041.327,37.255,35.607,1.0,0.0,0.0,0.0,0.0
00:06:09.851,1705631071267,158.988,152.422,182.803,150.922,1045.584,38.674,34.441,1,0,0,0,0.0,135.149,154.009,1029.617,37.154,35.302,1.0,0.0,0.0,0.0,0.0
00:06:09.867,1705631071283,158.996,152.554,182.835,151.065,1050.904,38.579,34.701,1,0,0,0,0.0,135.173,153.923,1034.068,37.083,35.523,1.0,0.0,0.0,0.0,0.0
00:06:09.884,1705631071300,158.965,152.473,182.723,150.951,1048.126,38.493,34.687,1,0,0,0,0.0,135.157,154.044,1024.491,36.847,35.419,1.0,0.0,0.0,0.0,0.0
00:06:09.901,1705631071317,158.927,152.585,182.68,151.109,1034.501,38.128,34.563,1,0,0,0,0.0,135.206,153.995,1026.648,36.938,35.406,1.0,0.0,0.0,0.0,0.0
00:06:09.917,1705631071333,158.976,152.557,182.762,151.137,1043.883,38.162,34.846,1,0,0,0,0.0,135.175,154.061,1012.276,36.839,35.004,1.0,0.0,0.0,0.0,0.0
00:06:09.934,1705631071350,158.852,152.507,182.575,150.975,1027.623,38.067,34.388,1,0,0,0,0.0,135.19,153.976,1016.338,36.727,35.252,1.0,0.0,0.0,0.0,0.0
00:06:09.951,1705631071367,158.918,152.571,182.703,151.153,1032.821,37.921,34.696,1,0,0,0,0.0,135.129,154.039,1010.79,36.622,35.16,1.0,0.0,0.0,0.0,0.0
00:06:09.967,1705631071383,158.821,152.481,182.589,150.956,1015.427,37.706,34.306,1,0,0,0,0.0,135.134,153.989,1006.716,36.495,35.141,1.0,0.0,0.0,0.0,0.0
00:06:09.984,1705631071400,158.813,152.576,182.578,151.044,1017.911,37.889,34.223,1,0,0,0,0.0,135.053,154.006,1007.827,36.767,34.919,1.0,0.0,0.0,0.0,0.0
00:06:10.001,1705631071417,158.744,152.496,182.575,150.993,1011.467,37.68,34.196,1,0,0,0,0.0,135.047,154.108,1000.68,36.419,35.003,1.0,0.0,0.0,0.0,0.0
00:06:10.017,1705631071433,158.733,152.53,182.451,151.086,1007.717,37.465,34.264,1,0,0,0,0.0,134.912,154.0,994.48,36.444,34.761,1.0,0.0,0.0,0.0,0.0
00:06:10.034,1705631071450,158.657,152.446,182.354,150.877,1005.817,37.488,34.179,1,0,0,0,0.0,135.016,153.975,998.078,36.465,34.867,1.0,0.0,0.0,0.0,0.0
00:06:10.051,1705631071467,158.665,152.519,182.395,150.99,1006.343,37.606,34.089,1,0,0,0,0.0,134.961,154.014,993.24,36.367,34.792,1.0,0.0,0.0,0.0,0.0
00:06:10.067,1705631071483,158.63,152.473,182.366,150.931,1010.283,37.597,34.231,1,0,0,0,0.0,134.935,154.048,1003.567,36.597,34.932,1.0,0.0,0.0,0.0,0.0
00:06:10.084,1705631071500,158.595,152.545,182.307,150.999,1004.304,37.428,34.182,1,0,0,0,0.0,134.895,154.015,998.42,36.484,34.861,1.0,0.0,0.0,0.0,0.0
00:06:10.101,1705631071517,158.555,152.516,182.234,150.966,1005.92,37.57,34.108,1,0,0,0,0.0,134.883,154.091,996.403,36.322,34.946,1.0,0.0,0.0,0.0,0.0
00:06:10.117,1705631071533,158.552,152.582,182.225,151.078,1003.686,37.506,34.09,1,0,0,0,0.0,134.876,154.066,997.127,36.409,34.888,1.0,0.0,0.0,0.0,0.0
00:06:10.134,1705631071550,158.509,152.496,182.167,150.926,1002.387,37.602,33.959,1,0,0,0,0.0,134.879,154.086,997.846,36.421,34.901,1.0,0.0,0.0,0.0,0.0
00:06:10.151,1705631071567,158.441,152.524,182.11,150.929,994.928,37.491,33.806,1,0,0,0,0.0,134.85,154.066,999.579,36.438,34.945,1.0,0.0,0.0,0.0,0.0
00:06:10.167,1705631071583,158.388,152.445,182.054,150.803,1000.18,37.722,33.776,1,0,0,0,0.0,134.771,154.118,1005.086,36.61,34.973,1.0,0.0,0.0,0.0,0.0
00:06:10.184,1705631071600,158.465,152.541,182.075,150.943,1008.846,37.627,34.155,1,0,0,0,0.0,134.722,154.087,1004.023,36.475,35.065,1.0,0.0,0.0,0.0,0.0
00:06:10.201,1705631071617,158.377,152.558,182.016,151.011,1004.094,37.521,34.09,1,0,0,0,0.0,134.854,154.138,996.259,36.387,34.879,1.0,0.0,0.0,0.0,0.0
00:06:10.217,1705631071633,158.395,152.536,182.009,150.947,1001.549,37.627,33.908,1,0,0,0,0.0,134.738,154.104,1006.365,36.621,35.007,1.0,0.0,0.0,0.0,0.0
00:06:10.234,1705631071650,158.307,152.552,181.992,150.987,1008.694,37.776,34.015,1,0,0,0,0.0,134.78,154.126,999.554,36.686,34.709,1.0,0.0,0.0,0.0,0.0
00:06:10.251,1705631071667,158.854,152.513,182.384,150.967,1007.258,37.634,34.095,1,0,0,0,0.0,134.622,154.117,1001.822,36.501,34.964,1.0,0.0,0.0,0.0,0.0
00:06:10.267,1705631071683,161.042,152.282,184.758,150.67,998.023,37.525,33.881,1,0,0,0,0.0,135.324,154.059,985.823,36.469,34.436,1.0,0.0,0.0,0.0,0.0
00:06:10.284,1705631071700,161.355,151.999,185.228,150.35,1007.187,37.751,33.987,1,0,0,0,0.0,137.325,153.894,1003.199,36.995,34.545,1.0,0.0,0.0,0.0,0.0
00:06:10.301,1705631071717,161.39,152.118,185.253,150.578,1015.186,37.538,34.451,1,0,0,0,0.0,137.483,153.649,997.098,36.903,34.42,1.0,0.0,0.0,0.0,0.0
00:06:10.317,1705631071733,161.285,152.067,185.134,150.425,1012.472,37.901,34.03,1,0,0,0,0.0,137.527,153.658,996.319,37.045,34.261,1.0,0.0,0.0,0.0,0.0
00:06:10.334,1705631071750,161.298,152.155,185.074,150.533,1006.416,37.688,34.017,1,0,0,0,0.0,137.435,153.709,990.243,36.861,34.222,1.0,0.0,0.0,0.0,0.0
00:06:10.351,1705631071767,161.277,152.078,185.06,150.497,1006.122,37.891,33.826,1,0,0,0,0.0,137.522,153.776,994.286,36.719,34.495,1.0,0.0,0.0,0.0,0.0
00:06:10.367,1705631071783,161.237,152.214,185.018,150.601,1007.072,37.745,33.988,1,0,0,0,0.0,137.495,153.658,994.436,36.851,34.376,1.0,0.0,0.0,0.0,0.0
00:06:10.384,1705631071800,161.194,152.081,184.889,150.501,994.373,37.607,33.683,1,0,0,0,0.0,137.456,153.828,981.785,36.52,34.247,1.0,0.0,0.0,0.0,0.0
00:06:10.401,1705631071817,161.278,152.244,185.016,150.738,997.323,37.51,33.871,1,0,0,0,0.0,137.498,153.662,982.902,36.66,34.155,1.0,0.0,0.0,0.0,0.0
00:06:10.417,1705631071833,161.27,152.048,184.921,150.44,987.068,37.487,33.543,1,0,0,0,0.0,137.539,153.75,989.13,36.65,34.38,1.0,0.0,0.0,0.0,0.0
00:06:10.434,1705631071850,161.181,152.209,184.929,150.697,997.683,37.424,33.96,1,0,0,0,0.0,137.618,153.657,977.951,36.529,34.105,1.0,0.0,0.0,0.0,0.0
00:06:10.451,1705631071867,157.016,152.897,181.456,151.239,933.125,36.199,32.838,1,0,0,0,0.0,137.432,153.72,979.843,36.652,34.056,1.0,0.0,0.0,0.0,0.0
00:06:10.467,1705631071883,147.16,154.241,172.452,152.59,928.766,36.172,32.708,0,1233,1,0,0.0,132.575,154.556,915.364,35.081,33.239,0.0,1250.0,1.0,0.0,0.0
00:06:10.484,1705631071900,144.645,154.483,169.183,153.212,987.328,36.942,34.046,1,0,0,17,4.342,121.869,155.892,942.223,35.743,33.581,0.0,0.0,1.0,0.0,0.0
00:06:10.501,1705631071917,144.71,154.566,169.067,153.251,992.93,37.016,34.171,1,0,0,0,0.0,120.107,155.753,964.735,35.694,34.431,1.0,0.0,0.0,33.0,5.581
00:06:10.517,1705631071933,144.729,154.577,169.055,153.345,986.08,36.731,34.199,1,0,0,0,0.0,120.354,155.881,961.201,35.886,34.121,1.0,0.0,0.0,0.0,0.0
00:06:10.534,1705631071950,144.74,154.549,168.942,153.255,983.922,36.834,34.029,1,0,0,0,0.0,120.404,155.81,960.824,35.561,34.419,1.0,0.0,0.0,0.0,0.0
00:06:10.551,1705631071967,144.764,154.611,168.912,153.379,965.729,36.457,33.745,1,0,0,0,0.0,120.538,155.843,955.94,35.562,34.243,1.0,0.0,0.0,0.0,0.0
00:06:10.567,1705631071983,144.775,154.508,168.889,153.226,978.799,36.708,33.967,1,0,0,0,0.0,120.617,155.843,952.88,35.446,34.245,1.0,0.0,0.0,0.0,0.0
00:06:10.584,1705631072000,144.833,154.559,168.907,153.329,973.253,36.644,33.834,1,0,0,0,0.0,120.66,155.791,953.78,35.502,34.224,1.0,0.0,0.0,0.0,0.0
00:06:10.601,1705631072017,144.856,154.643,168.977,153.367,985.863,36.658,34.259,1,0,0,0,0.0,120.759,155.79,956.745,35.446,34.384,1.0,0.0,0.0,0.0,0.0
00:06:10.617,1705631072033,144.81,154.57,168.759,153.323,978.559,36.696,33.97,1,0,0,0,0.0,120.734,155.92,954.356,35.636,34.116,1.0,0.0,0.0,0.0,0.0
00:06:10.634,1705631072050,144.762,154.587,168.683,153.316,986.982,36.77,34.194,1,0,0,0,0.0,120.86,155.817,956.515,35.42,34.401,1.0,0.0,0.0,0.0,0.0
00:06:10.651,1705631072067,144.877,154.641,168.803,153.389,991.819,36.91,34.231,1,0,0,0,0.0,120.841,155.858,954.661,35.65,34.113,1.0,0.0,0.0,0.0,0.0
00:06:10.667,1705631072083,144.873,154.63,168.73,153.39,995.537,36.894,34.374,1,0,0,0,0.0,120.951,155.894,961.336,35.523,34.475,1.0,0.0,0.0,0.0,0.0
00:06:10.684,1705631072100,144.832,154.68,168.714,153.45,990.979,36.903,34.208,1,0,0,0,0.0,121.016,155.87,960.685,35.504,34.469,1.0,0.0,0.0,0.0,0.0
00:06:10.701,1705631072117,144.838,154.792,168.742,153.523,998.548,37.016,34.365,1,0,0,0,0.0,120.95,155.909,964.991,35.662,34.471,1.0,0.0,0.0,0.0,0.0
00:06:10.717,1705631072133,144.892,154.671,168.812,153.353,994.876,37.063,34.195,1,0,0,0,0.0,120.934,156.06,971.836,35.913,34.472,1.0,0.0,0.0,0.0,0.0
00:06:10.734,1705631072150,144.855,154.762,168.735,153.518,994.237,36.825,34.393,1,0,0,0,0.0,120.973,155.99,965.978,35.601,34.565,1.0,0.0,0.0,0.0,0.0
00:06:10.751,1705631072167,144.699,154.756,168.566,153.471,990.189,36.937,34.15,1,0,0,0,0.0,120.975,156.006,966.952,35.627,34.575,1.0,0.0,0.0,0.0,0.0
00:06:10.767,1705631072183,144.741,154.814,168.657,153.595,999.09,36.97,34.426,1,0,0,0,0.0,120.831,156.04,959.419,35.51,34.419,1.0,0.0,0.0,0.0,0.0
00:06:10.784,1705631072200,144.594,154.853,168.511,153.613,985.696,36.652,34.26,1,0,0,0,0.0,120.826,156.033,949.921,35.196,34.382,1.0,0.0,0.0,0.0,0.0
00:06:10.801,1705631072217,144.478,154.806,168.355,153.546,989.007,36.868,34.173,1,0,0,0,0.0,120.677,156.092,952.332,35.471,34.202,1.0,0.0,0.0,0.0,0.0
00:06:10.817,1705631072233,144.36,154.787,168.213,153.537,984.817,36.974,33.931,1,0,0,0,0.0,120.601,156.066,949.875,35.371,34.21,1.0,0.0,0.0,0.0,0.0
00:06:10.834,1705631072250,144.351,154.908,168.171,153.727,979.541,36.776,33.93,1,0,0,0,0.0,120.508,156.037,944.815,35.285,34.11,1.0,0.0,0.0,0.0,0.0
00:06:10.851,1705631072267,144.28,154.908,168.168,153.704,987.962,36.752,34.244,1,0,0,0,0.0,120.532,156.09,939.707,35.095,34.109,1.0,0.0,0.0,0.0,0.0
00:06:10.867,1705631072283,144.187,155.013,168.138,153.762,977.809,36.949,33.711,1,0,0,0,0.0,120.393,156.113,940.205,35.152,34.072,1.0,0.0,0.0,0.0,0.0
00:06:10.884,1705631072300,144.208,154.977,168.083,153.801,980.81,36.721,34.025,1,0,0,0,0.0,120.236,156.264,940.136,35.116,34.105,1.0,0.0,0.0,0.0,0.0
00:06:10.901,1705631072317,148.113,154.609,171.589,153.289,930.209,35.353,33.519,1,0,0,0,0.0,120.334,156.153,936.309,35.118,33.964,1.0,0.0,0.0,0.0,0.0
00:06:10.917,1705631072333,153.248,153.582,176.998,152.362,934.848,35.525,33.522,0,433,1,0,0.0,124.637,155.929,924.547,34.889,33.758,0.0,417.0,1.0,0.0,0.0
00:06:10.934,1705631072350,154.568,153.286,178.998,151.893,995.307,37.161,34.12,1,0,0,17,3.315,129.497,154.801,915.484,34.946,33.372,0.0,0.0,1.0,0.0,0.0
00:06:10.951,1705631072367,154.49,153.385,178.801,152.029,998.784,37.128,34.269,1,0,0,0,0.0,130.137,154.679,938.931,35.186,33.993,1.0,0.0,0.0,33.0,3.563
00:06:10.967,1705631072383,154.358,153.451,178.636,152.089,987.096,36.837,34.136,1,0,0,0,0.0,130.179,154.742,937.707,35.146,33.988,1.0,0.0,0.0,0.0,0.0
00:06:10.984,1705631072400,154.337,153.303,178.549,151.836,990.255,37.184,33.925,1,0,0,0,0.0,130.079,154.813,936.862,35.044,34.055,1.0,0.0,0.0,0.0,0.0
00:06:11.001,1705631072417,154.242,153.484,178.378,152.083,997.721,37.075,34.281,1,0,0,0,0.0,130.125,154.77,939.956,35.294,33.927,1.0,0.0,0.0,0.0,0.0
00:06:11.017,1705631072433,154.101,153.403,178.159,151.967,994.154,37.062,34.171,1,0,0,0,0.0,130.106,154.885,940.555,35.111,34.125,1.0,0.0,0.0,0.0,0.0
00:06:11.034,1705631072450,154.089,153.563,178.148,152.159,1006.38,37.341,34.333,1,0,0,0,0.0,130.043,154.839,941.103,35.169,34.088,1.0,0.0,0.0,0.0,0.0
00:06:11.051,1705631072467,153.936,153.451,177.96,152.1,1011.508,37.536,34.328,1,0,0,0,0.0,130.03,154.966,945.564,35.267,34.155,1.0,0.0,0.0,0.0,0.0
00:06:11.067,1705631072483,153.945,153.55,177.957,152.109,1004.96,37.497,34.141,1,0,0,0,0.0,129.911,154.802,941.121,35.342,33.922,1.0,0.0,0.0,0.0,0.0
00:06:11.084,1705631072500,153.828,153.51,177.836,152.093,1014.562,37.391,34.565,1,0,0,0,0.0,129.933,154.991,951.372,35.439,34.197,1.0,0.0,0.0,0.0,0.0
00:06:11.101,1705631072517,153.744,153.559,177.699,152.144,1008.404,37.485,34.27,1,0,0,0,0.0,129.819,154.927,955.366,35.366,34.413,1.0,0.0,0.0,0.0,0.0
00:06:11.117,1705631072533,153.653,153.476,177.614,151.991,1004.962,37.258,34.361,1,0,0,0,0.0,129.788,154.974,949.254,35.322,34.234,1.0,0.0,0.0,0.0,0.0
00:06:11.134,1705631072550,153.554,153.648,177.427,152.181,988.655,37.006,34.033,1,0,0,0,0.0,129.692,154.961,962.516,35.573,34.468,1.0,0.0,0.0,0.0,0.0
00:06:11.151,1705631072567,153.366,153.546,177.182,152.086,984.198,36.882,33.994,1,0,0,0,0.0,129.681,155.114,961.427,35.536,34.465,1.0,0.0,0.0,0.0,0.0
00:06:11.167,1705631072583,153.362,153.671,177.208,152.216,984.654,37.067,33.839,1,0,0,0,0.0,129.55,155.005,960.998,35.485,34.499,1.0,0.0,0.0,0.0,0.0
00:06:11.184,1705631072600,153.403,153.599,177.336,152.113,993.339,37.064,34.141,1,0,0,0,0.0,129.515,155.126,958.963,35.476,34.435,1.0,0.0,0.0,0.0,0.0
00:06:11.201,1705631072617,153.201,153.728,177.058,152.204,969.022,36.536,33.787,1,0,0,0,0.0,129.47,155.085,964.137,35.493,34.604,1.0,0.0,0.0,0.0,0.0
00:06:11.217,1705631072633,153.203,153.735,177.096,152.28,983.712,36.779,34.072,1,0,0,0,0.0,129.345,155.253,965.956,35.557,34.607,1.0,0.0,0.0,0.0,0.0
00:06:11.234,1705631072650,153.12,153.809,177.029,152.352,977.761,36.563,34.066,1,0,0,0,0.0,129.309,155.189,967.31,35.615,34.599,1.0,0.0,0.0,0.0,0.0
00:06:11.251,1705631072667,152.955,153.686,176.892,152.192,966.307,36.606,33.628,1,0,0,0,0.0,129.21,155.265,961.018,35.572,34.415,1.0,0.0,0.0,0.0,0.0
00:06:11.267,1705631072683,152.837,153.721,176.741,152.267,966.377,36.675,33.567,1,0,0,0,0.0,129.018,155.18,963.465,35.649,34.429,1.0,0.0,0.0,0.0,0.0
00:06:11.284,1705631072700,152.833,153.776,176.749,152.334,975.906,36.656,33.915,1,0,0,0,0.0,128.934,155.174,967.126,35.692,34.517,1.0,0.0,0.0,0.0,0.0
00:06:11.301,1705631072717,152.685,153.823,176.587,152.359,970.066,36.696,33.675,1,0,0,0,0.0,128.918,155.218,973.669,35.833,34.614,1.0,0.0,0.0,0.0,0.0
00:06:11.317,1705631072733,152.612,153.804,176.552,152.41,985.122,36.878,34.03,1,0,0,0,0.0,128.782,155.287,979.874,36.01,34.663,1.0,0.0,0.0,0.0,0.0
00:06:11.334,1705631072750,152.533,153.814,176.415,152.357,983.071,36.823,34.01,1,0,0,0,0.0,128.672,155.199,984.491,36.148,34.694,1.0,0.0,0.0,0.0,0.0
00:06:11.351,1705631072767,152.352,153.844,176.174,152.446,975.31,36.765,33.794,1,0,0,0,0.0,128.65,155.271,976.988,36.041,34.532,1.0,0.0,0.0,0.0,0.0
00:06:11.367,1705631072783,152.341,153.871,176.325,152.436,982.187,36.734,34.061,1,0,0,0,0.0,128.53,155.241,987.456,36.102,34.843,1.0,0.0,0.0,0.0,0.0
00:06:11.384,1705631072800,152.241,153.893,176.158,152.449,986.659,37.122,33.858,1,0,0,0,0.0,128.357,155.306,981.601,36.082,34.656,1.0,0.0,0.0,0.0,0.0
00:06:11.401,1705631072817,152.14,153.92,176.06,152.453,992.163,36.973,34.184,1,0,0,0,0.0,128.325,155.338,995.495,36.258,34.976,1.0,0.0,0.0,0.0,0.0
00:06:11.417,1705631072833,151.907,153.993,175.692,152.551,986.287,36.818,34.125,1,0,0,0,0.0,128.22,155.386,995.664,36.435,34.811,1.0,0.0,0.0,0.0,0.0
00:06:11.434,1705631072850,151.865,153.978,175.728,152.509,994.564,36.801,34.428,1,0,0,0,0.0,128.121,155.435,989.819,36.219,34.814,1.0,0.0,0.0,0.0,0.0
00:06:11.451,1705631072867,151.802,154.1,175.69,152.602,986.367,36.923,34.031,1,0,0,0,0.0,128.002,155.447,992.843,36.23,34.91,1.0,0.0,0.0,0.0,0.0
00:06:11.467,1705631072883,151.666,154.052,175.53,152.604,993.242,36.661,34.513,1,0,0,0,0.0,127.914,155.598,982.236,35.882,34.872,1.0,0.0,0.0,0.0,0.0
00:06:11.484,1705631072900,151.618,154.162,175.441,152.674,989.821,36.932,34.142,1,0,0,0,0.0,127.801,155.499,988.274,36.112,34.862,1.0,0.0,0.0,0.0,0.0
00:06:11.501,1705631072917,151.408,154.155,175.188,152.715,990.989,36.77,34.332,1,0,0,0,0.0,127.796,155.651,983.679,36.075,34.736,1.0,0.0,0.0,0.0,0.0
00:06:11.517,1705631072933,151.422,154.231,175.303,152.718,991.089,36.892,34.222,1,0,0,0,0.0,127.628,155.596,981.889,35.931,34.812,1.0,0.0,0.0,0.0,0.0
00:06:11.534,1705631072950,151.261,154.158,175.021,152.637,981.324,36.701,34.062,1,0,0,0,0.0,127.541,155.743,976.985,35.946,34.623,1.0,0.0,0.0,0.0,0.0
00:06:11.551,1705631072967,151.24,154.251,175.094,152.806,979.626,36.659,34.042,1,0,0,0,0.0,127.5,155.678,981.737,35.898,34.838,1.0,0.0,0.0,0.0,0.0
00:06:11.567,1705631072983,151.514,154.167,175.151,152.72,981.51,36.6,34.162,1,0,0,0,0.0,127.386,155.696,973.494,35.824,34.617,1.0,0.0,0.0,0.0,0.0
00:06:11.584,1705631073000,154.817,153.532,178.394,152.079,949.689,36.39,33.246,1,0,0,0,0.0,127.878,155.615,962.69,35.627,34.422,1.0,0.0,0.0,0.0,0.0
00:06:11.601,1705631073017,156.508,153.223,180.49,151.767,964.222,36.518,33.636,1,0,0,0,0.0,131.24,154.986,955.532,35.688,34.108,1.0,0.0,0.0,0.0,0.0
00:06:11.617,1705631073033,156.451,153.233,180.464,151.71,970.829,36.673,33.723,1,0,0,0,0.0,132.526,154.679,961.618,35.777,34.239,1.0,0.0,0.0,0.0,0.0
00:06:11.634,1705631073050,156.358,153.332,180.337,151.805,973.199,36.591,33.881,1,0,0,0,0.0,132.438,154.756,958.05,35.711,34.176,1.0,0.0,0.0,0.0,0.0
00:06:11.651,1705631073067,156.302,153.337,180.21,151.794,977.462,36.75,33.883,1,0,0,0,0.0,132.378,154.86,955.114,35.557,34.218,1.0,0.0,0.0,0.0,0.0
00:06:11.667,1705631073083,156.213,153.376,180.106,151.775,972.534,36.806,33.66,1,0,0,0,0.0,132.394,154.88,955.493,35.566,34.223,1.0,0.0,0.0,0.0,0.0
00:06:11.684,1705631073100,156.117,153.339,179.991,151.825,964.205,36.602,33.558,1,0,0,0,0.0,132.321,154.977,955.578,35.545,34.247,1.0,0.0,0.0,0.0,0.0
00:06:11.701,1705631073117,156.028,153.452,179.8,151.947,967.336,36.617,33.653,1,0,0,0,0.0,132.243,154.854,948.968,35.516,34.037,1.0,0.0,0.0,0.0,0.0
00:06:11.717,1705631073133,155.975,153.32,179.727,151.84,962.792,36.668,33.449,1,0,0,0,0.0,132.256,154.957,957.043,35.485,34.357,1.0,0.0,0.0,0.0,0.0
00:06:11.734,1705631073150,155.93,153.449,179.706,151.929,959.736,36.614,33.392,1,0,0,0,0.0,132.223,154.8,945.542,35.617,33.819,1.0,0.0,0.0,0.0,0.0
00:06:11.751,1705631073167,155.845,153.349,179.59,151.81,967.279,36.569,33.695,1,0,0,0,0.0,132.154,154.968,948.109,35.498,34.024,1.0,0.0,0.0,0.0,0.0
00:06:11.767,1705631073183,155.825,153.414,179.496,151.885,960.513,36.506,33.518,1,0,0,0,0.0,132.1,154.888,947.761,35.419,34.087,1.0,0.0,0.0,0.0,0.0
00:06:11.784,1705631073200,155.741,153.329,179.465,151.787,971.497,36.592,33.821,1,0,0,0,0.0,132.154,154.944,953.384,35.566,34.148,1.0,0.0,0.0,0.0,0.0
00:06:11.801,1705631073217,155.768,153.316,179.343,151.802,965.834,36.509,33.7,1,0,0,0,0.0,132.018,154.87,954.035,35.558,34.178,1.0,0.0,0.0,0.0,0.0
00:06:11.817,1705631073233,155.621,152.655,178.724,150.876,945.577,36.402,33.09,1,0,0,0,0.0,132.194,154.83,951.439,35.538,34.105,1.0,0.0,0.0,0.0,0.0
00:06:11.834,1705631073250,155.175,156.119,176.907,155.225,661.233,34.455,24.448,0,900,1,0,0.0,132.518,154.435,949.61,36.344,33.284,1.0,0.0,0.0,0.0,0.0
00:06:11.851,1705631073267,0.0,0.0,0.0,0.0,0.0,0.0,0.0,0,0,0,17,1.261,133.443,157.013,679.36,33.015,26.213,1.0,0.0,0.0,0.0,0.0
00:06:11.867,1705631073283,0.0,0.0,0.0,0.0,0.0,0.0,0.0,0,0,0,0,0.0,0.0,0.0,0.0,0.0,0.0,0.0,917.0,0.0,0.0,0.0
00:06:11.884,1705631073300,0.0,0.0,0.0,0.0,0.0,0.0,0.0,0,0,0,0,0.0,0.0,0.0,0.0,0.0,0.0,0.0,0.0,0.0,0.0,0.0
00:06:11.901,1705631073317,0.0,0.0,0.0,0.0,0.0,0.0,0.0,0,0,0,0,0.0,0.0,0.0,0.0,0.0,0.0,0.0,0.0,0.0,0.0,0.0
00:06:11.917,1705631073333,0.0,0.0,0.0,0.0,0.0,0.0,0.0,0,0,0,0,0.0,0.0,0.0,0.0,0.0,0.0,0.0,0.0,0.0,0.0,0.0
00:06:11.934,1705631073350,0.0,0.0,0.0,0.0,0.0,0.0,0.0,0,0,0,0,0.0,0.0,0.0,0.0,0.0,0.0,0.0,0.0,0.0,0.0,0.0
00:06:11.951,1705631073367,0.0,0.0,0.0,0.0,0.0,0.0,0.0,0,0,0,0,0.0,0.0,0.0,0.0,0.0,0.0,0.0,0.0,0.0,0.0,0.0
00:06:11.967,1705631073383,0.0,0.0,0.0,0.0,0.0,0.0,0.0,0,0,0,0,0.0,0.0,0.0,0.0,0.0,0.0,0.0,0.0,0.0,0.0,0.0
00:06:11.984,1705631073400,0.0,0.0,0.0,0.0,0.0,0.0,0.0,0,0,0,0,0.0,0.0,0.0,0.0,0.0,0.0,0.0,0.0,0.0,0.0,0.0
00:06:12.001,1705631073417,0.0,0.0,0.0,0.0,0.0,0.0,0.0,0,0,0,0,0.0,0.0,0.0,0.0,0.0,0.0,0.0,0.0,0.0,0.0,0.0
00:06:12.017,1705631073433,0.0,0.0,0.0,0.0,0.0,0.0,0.0,0,0,0,0,0.0,0.0,0.0,0.0,0.0,0.0,0.0,0.0,0.0,0.0,0.0
00:06:12.034,1705631073450,0.0,0.0,0.0,0.0,0.0,0.0,0.0,0,0,0,0,0.0,0.0,0.0,0.0,0.0,0.0,0.0,0.0,0.0,0.0,0.0
00:06:12.051,1705631073467,0.0,0.0,0.0,0.0,0.0,0.0,0.0,0,0,0,0,0.0,143.55,161.576,306.577,27.585,14.158,0.0,0.0,0.0,0.0,0.0
00:06:12.067,1705631073483,0.0,0.0,186.828,154.757,660.32,37.153,22.641,0,0,0,0,0.0,128.799,156.094,107.028,14.165,9.625,0.0,0.0,1.0,0.0,0.0
00:06:12.084,1705631073500,0.0,0.0,186.694,153.059,750.977,36.247,26.393,1,0,0,0,0.0,128.19,153.572,108.019,13.916,9.888,1.0,0.0,0.0,16.0,0.0
00:06:12.101,1705631073517,0.0,0.0,187.409,152.049,869.836,37.534,29.522,1,0,0,0,0.0,128.014,153.028,123.62,15.473,10.177,1.0,0.0,0.0,0.0,0.0
00:06:12.117,1705631073533,0.0,0.0,186.673,150.759,854.481,37.193,29.267,1,0,0,0,0.0,128.069,151.082,120.358,15.965,9.604,1.0,0.0,0.0,0.0,0.0
00:06:12.134,1705631073550,0.0,0.0,187.124,150.741,929.626,37.207,31.829,1,0,0,0,0.0,128.363,147.523,72.164,11.408,8.058,1.0,0.0,0.0,0.0,0.0
00:06:12.151,1705631073567,0.0,0.0,187.286,150.8,958.513,37.309,32.727,1,0,0,0,0.0,141.229,154.313,904.902,37.259,30.938,0.0,67.0,1.0,0.0,0.0
00:06:12.167,1705631073583,0.0,0.0,187.197,149.981,949.979,37.531,32.245,1,0,0,0,0.0,140.552,153.809,929.904,36.441,32.507,1.0,0.0,0.0,17.0,5.365
00:06:12.184,1705631073600,0.0,0.0,187.327,150.336,981.415,37.329,33.492,1,0,0,0,0.0,140.486,153.572,952.634,36.327,33.406,1.0,0.0,0.0,0.0,0.0
00:06:12.201,1705631073617,0.0,0.0,187.173,149.98,972.933,37.527,33.027,1,0,0,0,0.0,140.558,154.243,918.585,36.387,32.159,1.0,0.0,0.0,0.0,0.0
00:06:12.217,1705631073633,0.0,0.0,187.478,150.491,1004.046,37.658,33.964,1,0,0,0,0.0,140.553,153.784,951.756,36.187,33.505,1.0,0.0,0.0,0.0,0.0
00:06:12.234,1705631073650,0.0,0.0,187.202,150.113,992.771,37.637,33.602,1,0,0,0,0.0,140.444,153.983,950.472,36.104,33.537,1.0,0.0,0.0,0.0,0.0
00:06:12.251,1705631073667,0.0,0.0,187.26,150.248,1006.713,38.062,33.694,1,0,0,0,0.0,140.48,153.679,983.415,36.144,34.66,1.0,0.0,0.0,0.0,0.0
00:06:12.267,1705631073683,0.0,0.0,187.347,150.204,1012.926,38.049,33.913,1,0,0,0,0.0,140.536,153.696,987.195,36.15,34.788,1.0,0.0,0.0,0.0,0.0
00:06:12.284,1705631073700,0.0,0.0,187.514,150.533,1034.697,38.326,34.392,1,0,0,0,0.0,140.504,153.61,1009.387,36.333,35.391,1.0,0.0,0.0,0.0,0.0
00:06:12.301,1705631073717,0.0,0.0,187.371,150.181,1023.184,38.32,34.014,1,0,0,0,0.0,140.592,153.857,993.763,36.585,34.603,1.0,0.0,0.0,0.0,0.0
00:06:12.317,1705631073733,0.0,0.0,187.466,150.512,1041.119,38.421,34.52,1,0,0,0,0.0,140.574,153.978,1008.535,36.674,35.032,1.0,0.0,0.0,0.0,0.0
00:06:12.334,1705631073750,0.0,0.0,187.427,150.18,1042.14,38.714,34.292,1,0,0,0,0.0,140.533,153.894,1016.509,36.893,35.099,1.0,0.0,0.0,0.0,0.0
00:06:12.351,1705631073767,0.0,0.0,187.629,150.693,1065.146,38.538,35.208,1,0,0,0,0.0,140.406,153.751,1033.835,36.808,35.78,1.0,0.0,0.0,0.0,0.0
00:06:12.367,1705631073783,0.0,0.0,187.416,150.419,1050.605,38.552,34.715,1,0,0,0,0.0,140.573,154.011,1021.415,37.217,34.962,1.0,0.0,0.0,0.0,0.0
00:06:12.384,1705631073800,0.0,0.0,187.315,150.035,1033.944,39.082,33.701,1,0,0,0,0.0,140.536,154.039,1035.745,37.259,35.413,1.0,0.0,0.0,0.0,0.0
00:06:12.401,1705631073817,0.0,0.0,187.454,150.462,1064.55,38.643,35.093,1,0,0,0,0.0,140.507,153.97,1044.651,37.462,35.523,1.0,0.0,0.0,0.0,0.0
00:06:12.417,1705631073833,0.0,0.0,187.381,150.191,1049.786,39.282,34.044,1,0,0,0,0.0,140.573,154.046,1040.724,37.336,35.509,1.0,0.0,0.0,0.0,0.0
00:06:12.434,1705631073850,0.0,0.0,187.384,150.428,1056.308,38.884,34.606,1,0,0,0,0.0,140.45,154.028,1052.907,37.587,35.685,1.0,0.0,0.0,0.0,0.0
00:06:12.451,1705631073867,0.0,0.0,187.582,150.675,1076.044,38.989,35.158,1,0,0,0,0.0,140.441,154.056,1053.246,37.511,35.769,1.0,0.0,0.0,0.0,0.0
00:06:12.467,1705631073883,0.0,0.0,187.678,150.888,1084.877,38.604,35.8,1,0,0,0,0.0,140.421,154.019,1054.356,37.768,35.563,1.0,0.0,0.0,0.0,0.0
00:06:12.484,1705631073900,0.0,0.0,187.579,150.258,1053.6,39.126,34.304,1,0,0,0,0.0,140.408,154.066,1068.941,37.591,36.224,1.0,0.0,0.0,0.0,0.0
00:06:12.501,1705631073917,0.0,0.0,187.376,150.491,1052.322,39.08,34.302,1,0,0,0,0.0,140.379,154.063,1055.127,37.644,35.706,1.0,0.0,0.0,0.0,0.0
00:06:12.517,1705631073933,0.0,0.0,187.554,150.5,1061.18,39.097,34.576,1,0,0,0,0.0,140.405,154.131,1064.31,37.487,36.168,1.0,0.0,0.0,0.0,0.0
00:06:12.534,1705631073950,0.0,0.0,187.587,150.887,1071.802,38.88,35.117,1,0,0,0,0.0,140.374,154.057,1059.616,37.719,35.786,1.0,0.0,0.0,0.0,0.0
00:06:12.551,1705631073967,0.0,0.0,187.516,150.007,1033.296,39.505,33.32,1,0,0,0,0.0,140.154,154.194,1058.815,37.379,36.085,1.0,0.0,0.0,0.0,0.0
00:06:12.567,1705631073983,0.0,0.0,187.739,150.851,1070.009,38.75,35.176,1,0,0,0,0.0,140.204,154.095,1067.46,37.708,36.062,1.0,0.0,0.0,0.0,0.0
00:06:12.584,1705631074000,0.0,0.0,187.517,150.114,1029.477,39.023,33.606,1,0,0,0,0.0,140.186,154.286,1064.883,37.655,36.025,1.0,0.0,0.0,0.0,0.0
00:06:12.601,1705631074017,0.0,0.0,187.705,150.951,1059.151,38.349,35.183,1,0,0,0,0.0,140.227,154.119,1062.342,37.512,36.077,1.0,0.0,0.0,0.0,0.0
00:06:12.617,1705631074033,0.0,0.0,187.719,150.432,1050.208,39.276,34.062,1,0,0,0,0.0,140.13,154.303,1055.235,37.601,35.75,1.0,0.0,0.0,0.0,0.0
00:06:12.634,1705631074050,0.0,0.0,187.615,150.621,1048.625,38.925,34.318,1,0,0,0,0.0,140.138,154.129,1059.209,37.495,35.987,1.0,0.0,0.0,0.0,0.0
00:06:12.651,1705631074067,0.0,0.0,187.654,150.511,1046.375,38.635,34.501,1,0,0,0,0.0,140.035,154.296,1046.572,37.277,35.765,1.0,0.0,0.0,0.0,0.0
00:06:12.667,1705631074083,0.0,0.0,187.858,150.761,1057.336,38.701,34.803,1,0,0,0,0.0,140.087,154.144,1056.105,37.393,35.979,1.0,0.0,0.0,0.0,0.0
00:06:12.684,1705631074100,0.0,0.0,187.866,150.658,1061.764,38.823,34.839,1,0,0,0,0.0,140.075,154.278,1045.011,37.409,35.585,1.0,0.0,0.0,0.0,0.0
00:06:12.701,1705631074117,0.0,0.0,187.793,150.573,1044.317,38.868,34.227,1,0,0,0,0.0,140.013,154.113,1044.086,37.199,35.755,1.0,0.0,0.0,0.0,0.0
00:06:12.717,1705631074133,0.0,0.0,187.8,150.644,1046.183,38.655,34.477,1,0,0,0,0.0,139.958,154.233,1035.651,37.247,35.421,1.0,0.0,0.0,0.0,0.0
00:06:12.734,1705631074150,0.0,0.0,187.842,150.577,1029.385,38.692,33.891,1,0,0,0,0.0,139.852,154.142,1036.688,36.952,35.739,1.0,0.0,0.0,0.0,0.0
00:06:12.751,1705631074167,0.0,0.0,187.766,150.433,1021.91,38.553,33.767,1,0,0,0,0.0,139.822,154.305,1026.214,36.899,35.429,1.0,0.0,0.0,0.0,0.0
00:06:12.767,1705631074183,0.0,0.0,187.823,150.639,1023.188,38.589,33.777,1,0,0,0,0.0,139.798,154.177,1027.226,36.743,35.614,1.0,0.0,0.0,0.0,0.0
00:06:12.784,1705631074200,0.0,0.0,188.041,150.903,1038.553,38.126,34.701,1,0,0,0,0.0,139.818,154.227,1019.069,36.884,35.197,1.0,0.0,0.0,0.0,0.0
00:06:12.801,1705631074217,0.0,0.0,187.947,150.703,1015.434,38.286,33.786,1,0,0,0,0.0,139.848,154.193,1017.688,36.691,35.333,1.0,0.0,0.0,0.0,0.0
00:06:12.817,1705631074233,0.0,0.0,187.96,150.805,1022.377,38.169,34.121,1,0,0,0,0.0,139.937,154.292,1014.874,36.841,35.093,1.0,0.0,0.0,0.0,0.0
00:06:12.834,1705631074250,0.0,0.0,188.194,150.587,993.063,38.143,33.166,1,0,0,0,0.0,139.875,154.288,1018.083,36.653,35.383,1.0,0.0,0.0,0.0,0.0
00:06:12.851,1705631074267,0.0,0.0,189.904,150.75,1007.508,37.583,34.15,1,0,0,0,0.0,140.373,154.303,1020.422,36.793,35.33,1.0,0.0,0.0,0.0,0.0
00:06:12.867,1705631074283,0.0,0.0,189.826,150.21,988.234,37.675,33.415,1,0,0,0,0.0,141.322,153.925,995.907,36.395,34.858,1.0,0.0,0.0,0.0,0.0
00:06:12.884,1705631074300,0.0,0.0,190.179,150.894,1025.896,37.608,34.75,1,0,0,0,0.0,141.34,153.941,1012.118,36.844,34.994,1.0,0.0,0.0,0.0,0.0
00:06:12.901,1705631074317,0.0,0.0,189.955,150.223,990.319,37.859,33.322,1,0,0,0,0.0,141.43,154.062,1010.094,36.761,35.003,1.0,0.0,0.0,0.0,0.0
00:06:12.917,1705631074333,0.0,0.0,189.498,150.142,970.726,37.769,32.741,1,0,0,0,0.0,141.453,154.022,1016.134,36.738,35.234,1.0,0.0,0.0,0.0,0.0
00:06:12.934,1705631074350,0.0,0.0,190.155,150.79,1020.328,37.649,34.524,1,0,0,0,0.0,141.41,154.11,1003.639,36.568,34.963,1.0,0.0,0.0,0.0,0.0
00:06:12.951,1705631074367,0.0,0.0,190.004,150.909,1006.576,37.182,34.486,1,0,0,0,0.0,141.44,154.086,1018.5,36.777,35.279,1.0,0.0,0.0,0.0,0.0
00:06:12.967,1705631074383,0.0,0.0,189.741,150.112,978.264,37.93,32.855,1,0,0,0,0.0,141.438,154.199,1011.669,36.735,35.083,1.0,0.0,0.0,0.0,0.0
00:06:12.984,1705631074400,0.0,0.0,189.66,150.084,977.988,37.99,32.794,1,0,0,0,0.0,141.466,154.103,1019.82,36.78,35.322,1.0,0.0,0.0,0.0,0.0
00:06:13.001,1705631074417,0.0,0.0,189.548,149.847,969.537,38.111,32.407,1,0,0,0,0.0,141.551,154.164,1011.047,36.844,34.957,1.0,0.0,0.0,0.0,0.0
00:06:13.017,1705631074433,0.0,0.0,184.714,150.813,991.748,38.487,32.826,0,933,1,0,0.0,140.838,154.124,1010.314,36.512,35.25,1.0,0.0,0.0,0.0,0.0
00:06:13.034,1705631074450,0.0,0.0,181.624,150.967,1000.068,37.931,33.586,1,0,0,17,1.295,135.2,154.474,998.22,36.353,34.98,0.0,866.0,1.0,0.0,0.0
00:06:13.051,1705631074467,0.0,0.0,181.573,151.351,1006.966,37.798,33.937,1,0,0,0,0.0,132.658,154.228,1023.414,36.845,35.384,1.0,0.0,0.0,17.0,2.123
00:06:13.067,1705631074483,0.0,0.0,181.376,150.983,1004.557,38.132,33.559,1,0,0,0,0.0,132.863,154.367,1018.272,36.791,35.258,1.0,0.0,0.0,0.0,0.0
00:06:13.084,1705631074500,0.0,0.0,181.479,151.243,1001.594,37.707,33.837,1,0,0,0,0.0,132.91,154.477,1024.009,36.704,35.54,1.0,0.0,0.0,0.0,0.0
00:06:13.101,1705631074517,0.0,0.0,181.354,151.279,1006.389,37.726,33.983,1,0,0,0,0.0,132.804,154.339,1013.274,36.552,35.314,1.0,0.0,0.0,0.0,0.0
00:06:13.117,1705631074533,0.0,0.0,181.44,151.25,1012.169,37.863,34.054,1,0,0,0,0.0,132.944,154.486,1025.588,36.776,35.526,1.0,0.0,0.0,0.0,0.0
00:06:13.134,1705631074550,0.0,0.0,181.245,151.2,1007.07,37.931,33.822,1,0,0,0,0.0,132.985,154.403,1019.276,36.698,35.381,1.0,0.0,0.0,0.0,0.0
00:06:13.151,1705631074567,0.0,0.0,181.286,151.188,1010.752,37.962,33.918,1,0,0,0,0.0,133.053,154.519,1027.084,36.786,35.568,1.0,0.0,0.0,0.0,0.0
00:06:13.167,1705631074583,0.0,0.0,181.101,151.137,1008.159,38.078,33.728,1,0,0,0,0.0,133.102,154.418,1029.076,36.995,35.436,1.0,0.0,0.0,0.0,0.0
00:06:13.184,1705631074600,0.0,0.0,181.196,151.194,1018.41,38.047,34.098,1,0,0,0,0.0,133.008,154.564,1025.535,36.664,35.632,1.0,0.0,0.0,0.0,0.0
00:06:13.201,1705631074617,0.0,0.0,181.107,151.204,1012.135,38.335,33.634,1,0,0,0,0.0,132.999,154.413,1026.088,36.749,35.568,1.0,0.0,0.0,0.0,0.0
00:06:13.217,1705631074633,0.0,0.0,181.148,151.099,1016.527,38.107,33.982,1,0,0,0,0.0,133.056,154.523,1033.844,36.89,35.7,1.0,0.0,0.0,0.0,0.0
00:06:13.234,1705631074650,0.0,0.0,181.155,151.418,1028.505,38.175,34.321,1,0,0,0,0.0,133.092,154.4,1036.666,37.108,35.588,1.0,0.0,0.0,0.0,0.0
00:06:13.251,1705631074667,0.0,0.0,181.102,151.13,1026.144,38.431,34.014,1,0,0,0,0.0,133.036,154.605,1036.776,37.009,35.687,1.0,0.0,0.0,0.0,0.0
00:06:13.267,1705631074683,0.0,0.0,181.119,151.466,1037.245,38.463,34.353,1,0,0,0,0.0,133.022,154.485,1044.106,37.134,35.818,1.0,0.0,0.0,0.0,0.0
00:06:13.284,1705631074700,0.0,0.0,181.001,151.311,1030.946,38.363,34.233,1,0,0,0,0.0,133.075,154.614,1040.814,37.13,35.709,1.0,0.0,0.0,0.0,0.0
00:06:13.301,1705631074717,0.0,0.0,181.065,151.335,1035.881,38.506,34.27,1,0,0,0,0.0,133.12,154.583,1040.875,37.073,35.766,1.0,0.0,0.0,0.0,0.0
00:06:13.317,1705631074733,0.0,0.0,181.033,151.189,1031.347,38.426,34.191,1,0,0,0,0.0,133.037,154.602,1041.737,37.111,35.759,1.0,0.0,0.0,0.0,0.0
00:06:13.334,1705631074750,0.0,0.0,181.009,151.345,1038.255,38.463,34.387,1,0,0,0,0.0,133.12,154.657,1043.22,37.149,35.774,1.0,0.0,0.0,0.0,0.0
00:06:13.351,1705631074767,0.0,0.0,180.96,151.138,1030.425,38.455,34.135,1,0,0,0,0.0,133.084,154.689,1041.933,37.183,35.697,1.0,0.0,0.0,0.0,0.0
00:06:13.367,1705631074783,0.0,0.0,180.973,151.424,1041.367,38.481,34.473,1,0,0,0,0.0,133.003,154.643,1044.404,37.057,35.903,1.0,0.0,0.0,0.0,0.0
00:06:13.384,1705631074800,0.0,0.0,178.95,152.01,1008.814,37.69,34.097,1,0,0,0,0.0,133.096,154.72,1040.559,37.048,35.78,1.0,0.0,0.0,0.0,0.0
00:06:13.401,1705631074817,0.0,0.0,171.909,154.082,1010.075,37.888,33.961,0,367,1,0,0.0,130.083,155.606,1010.127,36.433,35.319,1.0,0.0,0.0,0.0,0.0
00:06:13.417,1705631074833,0.0,0.0,166.719,154.979,1031.621,37.99,34.592,0,0,1,0,0.0,120.679,157.275,1000.656,36.684,34.748,0.0,367.0,1.0,0.0,0.0
00:06:13.434,1705631074850,0.0,0.0,166.064,155.057,1040.07,37.909,34.95,1,0,0,33,5.943,116.325,157.665,1017.631,36.253,35.758,0.0,0.0,1.0,0.0,0.0
00:06:13.451,1705631074867,0.0,0.0,166.047,155.05,1041.055,37.953,34.943,1,0,0,0,0.0,116.605,157.59,1022.679,36.31,35.879,1.0,0.0,0.0,33.0,6.734
00:06:13.467,1705631074883,0.0,0.0,165.986,155.188,1041.515,37.657,35.233,1,0,0,0,0.0,116.607,157.637,1018.421,36.264,35.776,1.0,0.0,0.0,0.0,0.0
00:06:13.484,1705631074900,0.0,0.0,165.944,155.11,1033.497,37.715,34.908,1,0,0,0,0.0,116.693,157.675,1019.928,36.212,35.879,1.0,0.0,0.0,0.0,0.0
00:06:13.501,1705631074917,0.0,0.0,165.909,155.013,1044.305,37.89,35.11,1,0,0,0,0.0,116.803,157.697,1011.0,36.048,35.727,1.0,0.0,0.0,0.0,0.0
00:06:13.517,1705631074933,0.0,0.0,165.782,154.992,1032.706,37.964,34.652,1,0,0,0,0.0,116.87,157.699,1016.27,36.148,35.814,1.0,0.0,0.0,0.0,0.0
00:06:13.534,1705631074950,0.0,0.0,165.764,155.124,1041.534,37.802,35.099,1,0,0,0,0.0,116.872,157.667,1018.659,36.262,35.786,1.0,0.0,0.0,0.0,0.0
00:06:13.551,1705631074967,0.0,0.0,165.852,155.081,1038.03,37.814,34.969,1,0,0,0,0.0,116.912,157.667,1019.604,36.318,35.764,1.0,0.0,0.0,0.0,0.0
00:06:13.567,1705631074983,0.0,0.0,165.868,155.153,1036.787,37.754,34.983,1,0,0,0,0.0,116.889,157.551,1004.254,36.11,35.428,1.0,0.0,0.0,0.0,0.0
00:06:13.584,1705631075000,0.0,0.0,165.863,155.128,1039.955,37.905,34.95,1,0,0,0,0.0,117.139,157.706,1015.0,36.145,35.772,1.0,0.0,0.0,0.0,0.0
00:06:13.601,1705631075017,0.0,0.0,165.933,155.229,1044.602,37.872,35.137,1,0,0,0,0.0,117.25,157.615,1014.571,36.148,35.755,1.0,0.0,0.0,0.0,0.0
00:06:13.617,1705631075033,0.0,0.0,165.879,155.2,1036.85,37.649,35.082,1,0,0,0,0.0,117.337,157.664,1015.255,36.123,35.804,1.0,0.0,0.0,0.0,0.0
00:06:13.634,1705631075050,0.0,0.0,166.051,155.253,1038.045,37.621,35.149,1,0,0,0,0.0,117.437,157.594,1017.612,36.217,35.793,1.0,0.0,0.0,0.0,0.0
00:06:13.651,1705631075067,0.0,0.0,166.127,155.182,1037.889,37.655,35.112,1,0,0,0,0.0,117.469,157.668,1015.046,36.13,35.789,1.0,0.0,0.0,0.0,0.0
00:06:13.667,1705631075083,0.0,0.0,166.12,155.29,1026.939,37.53,34.857,1,0,0,0,0.0,117.572,157.572,1014.948,36.142,35.774,1.0,0.0,0.0,0.0,0.0
00:06:13.684,1705631075100,0.0,0.0,166.134,155.115,1038.267,37.714,35.07,1,0,0,0,0.0,117.619,157.707,1016.959,36.171,35.816,1.0,0.0,0.0,0.0,0.0
00:06:13.701,1705631075117,0.0,0.0,166.252,155.168,1039.352,37.858,34.974,1,0,0,0,0.0,117.694,157.621,1008.253,36.066,35.612,1.0,0.0,0.0,0.0,0.0
00:06:13.717,1705631075133,0.0,0.0,166.325,155.093,1042.407,37.577,35.339,1,0,0,0,0.0,117.726,157.675,1011.611,36.156,35.642,1.0,0.0,0.0,0.0,0.0
00:06:13.734,1705631075150,0.0,0.0,166.802,155.002,1025.058,37.237,35.068,1,0,0,0,0.0,117.788,157.536,1008.306,36.149,35.532,1.0,0.0,0.0,0.0,0.0
00:06:13.751,1705631075167,0.0,0.0,172.109,154.317,990.784,36.768,34.327,0,317,1,0,0.0,118.595,157.685,988.176,35.769,35.193,1.0,0.0,0.0,0.0,0.0
00:06:13.767,1705631075183,0.0,0.0,176.049,153.842,1034.223,37.634,35.008,1,0,0,16,2.45,124.221,157.284,990.889,36.005,35.058,0.0,317.0,1.0,0.0,0.0
00:06:13.784,1705631075200,0.0,0.0,176.145,153.725,1047.128,37.867,35.227,1,0,0,0,0.0,127.128,156.756,1015.146,36.435,35.493,1.0,0.0,0.0,16.0,2.789
00:06:13.801,1705631075217,0.0,0.0,176.051,153.996,1039.877,37.863,34.986,1,0,0,0,0.0,127.037,156.678,1013.423,36.44,35.428,1.0,0.0,0.0,0.0,0.0
00:06:13.817,1705631075233,0.0,0.0,175.868,153.835,1035.78,37.675,35.023,1,0,0,0,0.0,127.043,156.847,1002.547,36.074,35.403,1.0,0.0,0.0,0.0,0.0
00:06:13.834,1705631075250,0.0,0.0,176.059,153.947,1044.787,37.899,35.118,1,0,0,0,0.0,127.285,156.689,1008.36,36.245,35.441,1.0,0.0,0.0,0.0,0.0
00:06:13.851,1705631075267,0.0,0.0,175.989,153.842,1050.582,37.901,35.311,1,0,0,0,0.0,127.21,156.878,1007.459,36.256,35.398,1.0,0.0,0.0,0.0,0.0
00:06:13.867,1705631075283,0.0,0.0,175.963,153.952,1049.985,38.016,35.185,1,0,0,0,0.0,127.284,156.822,1013.76,36.26,35.615,1.0,0.0,0.0,0.0,0.0
00:06:13.884,1705631075300,0.0,0.0,175.894,153.924,1051.724,37.872,35.376,1,0,0,0,0.0,127.354,156.895,1010.667,36.378,35.391,1.0,0.0,0.0,0.0,0.0
00:06:13.901,1705631075317,0.0,0.0,175.877,154.043,1040.221,37.944,34.923,1,0,0,0,0.0,127.335,156.899,1015.606,36.39,35.553,1.0,0.0,0.0,0.0,0.0
00:06:13.917,1705631075333,0.0,0.0,172.664,154.348,986.004,37.149,33.811,1,0,0,0,0.0,127.25,156.938,1018.481,36.44,35.604,1.0,0.0,0.0,0.0,0.0
00:06:13.934,1705631075350,0.0,0.0,165.393,155.088,1016.457,37.876,34.187,0,167,1,0,0.0,122.324,157.899,979.18,36.518,34.157,0.0,150.0,1.0,0.0,0.0
00:06:13.951,1705631075367,0.0,0.0,162.878,154.908,1031.349,37.965,34.606,1,0,0,17,4.13,114.169,157.893,975.773,35.77,34.751,0.0,0.0,1.0,0.0,0.0
00:06:13.967,1705631075383,0.0,0.0,162.922,155.183,1046.334,37.887,35.181,1,0,0,0,0.0,113.219,157.467,998.323,35.927,35.398,1.0,0.0,0.0,34.0,5.235
00:06:13.984,1705631075400,0.0,0.0,162.759,155.145,1051.851,38.214,35.064,1,0,0,0,0.0,113.491,157.557,997.909,36.039,35.273,1.0,0.0,0.0,0.0,0.0
00:06:14.001,1705631075417,0.0,0.0,162.78,155.136,1048.366,38.093,35.059,1,0,0,0,0.0,113.542,157.615,1006.305,35.986,35.623,1.0,0.0,0.0,0.0,0.0
00:06:14.017,1705631075433,0.0,0.0,162.738,155.272,1055.093,38.22,35.167,1,0,0,0,0.0,113.641,157.683,1010.815,36.094,35.675,1.0,0.0,0.0,0.0,0.0
00:06:14.034,1705631075450,0.0,0.0,162.539,155.108,1046.212,38.155,34.93,1,0,0,0,0.0,113.736,157.713,1007.067,36.105,35.532,1.0,0.0,0.0,0.0,0.0
00:06:14.051,1705631075467,0.0,0.0,162.762,155.25,1064.408,38.417,35.296,1,0,0,0,0.0,113.878,157.676,1019.396,36.262,35.811,1.0,0.0,0.0,0.0,0.0
00:06:14.067,1705631075483,0.0,0.0,162.852,155.3,1063.38,38.189,35.472,1,0,0,0,0.0,113.921,157.792,1025.75,36.476,35.823,1.0,0.0,0.0,0.0,0.0
00:06:14.084,1705631075500,0.0,0.0,162.956,155.357,1067.885,38.41,35.417,1,0,0,0,0.0,114.105,157.753,1024.741,36.401,35.862,1.0,0.0,0.0,0.0,0.0
00:06:14.101,1705631075517,0.0,0.0,162.987,155.209,1078.461,38.547,35.641,1,0,0,0,0.0,114.229,157.729,1034.836,36.718,35.903,1.0,0.0,0.0,0.0,0.0
00:06:14.117,1705631075533,0.0,0.0,163.049,155.287,1078.73,38.728,35.482,1,0,0,0,0.0,114.292,157.711,1043.972,36.81,36.129,1.0,0.0,0.0,0.0,0.0
00:06:14.134,1705631075550,0.0,0.0,163.085,155.207,1077.358,38.575,35.579,1,0,0,0,0.0,114.418,157.692,1046.886,36.827,36.213,1.0,0.0,0.0,0.0,0.0
00:06:14.151,1705631075567,0.0,0.0,163.221,155.153,1085.453,38.789,35.647,1,0,0,0,0.0,114.514,157.646,1057.969,37.034,36.392,1.0,0.0,0.0,0.0,0.0
00:06:14.167,1705631075583,0.0,0.0,163.271,155.22,1094.047,38.794,35.925,1,0,0,0,0.0,114.642,157.649,1057.884,37.012,36.41,1.0,0.0,0.0,0.0,0.0
00:06:14.184,1705631075600,0.0,0.0,163.387,155.177,1092.052,38.894,35.768,1,0,0,0,0.0,114.75,157.664,1058.135,37.011,36.42,1.0,0.0,0.0,0.0,0.0
00:06:14.201,1705631075617,0.0,0.0,163.431,155.201,1105.667,38.888,36.219,1,0,0,0,0.0,114.894,157.649,1067.993,37.25,36.523,1.0,0.0,0.0,0.0,0.0
00:06:14.217,1705631075633,0.0,0.0,164.981,154.991,1072.19,38.083,35.865,1,0,0,0,0.0,114.921,157.648,1070.431,37.203,36.653,1.0,0.0,0.0,0.0,0.0
00:06:14.234,1705631075650,0.0,0.0,175.82,153.09,978.253,37.577,33.163,0,283,1,0,0.0,117.39,157.684,1024.618,36.84,35.43,1.0,0.0,0.0,0.0,0.0
00:06:14.251,1705631075667,0.0,0.0,185.641,153.144,1167.932,39.932,37.258,0,0,1,0,0.0,128.504,156.688,1035.897,37.093,35.576,0.0,283.0,1.0,0.0,0.0
00:06:14.267,1705631075683,0.0,0.0,184.786,152.388,1159.43,40.282,36.666,1,0,0,33,9.056,134.929,155.78,1105.019,38.579,36.488,0.0,0.0,1.0,0.0,0.0
00:06:14.284,1705631075700,0.0,0.0,184.671,152.536,1153.575,40.252,36.508,1,0,0,0,0.0,135.038,155.784,1107.527,38.524,36.623,1.0,0.0,0.0,33.0,8.275
00:06:14.301,1705631075717,0.0,0.0,184.997,152.572,1170.267,40.417,36.885,1,0,0,0,0.0,135.037,155.862,1108.151,38.396,36.766,1.0,0.0,0.0,0.0,0.0
00:06:14.317,1705631075733,0.0,0.0,184.444,152.512,1151.073,40.2,36.476,1,0,0,0,0.0,135.165,155.876,1114.934,38.252,37.13,1.0,0.0,0.0,0.0,0.0
00:06:14.334,1705631075750,0.0,0.0,184.62,152.723,1177.39,40.347,37.174,1,0,0,0,0.0,135.24,155.849,1101.65,38.23,36.708,1.0,0.0,0.0,0.0,0.0
00:06:14.351,1705631075767,0.0,0.0,184.697,153.033,1190.293,40.002,37.905,1,0,0,0,0.0,135.352,155.902,1128.042,38.501,37.324,1.0,0.0,0.0,0.0,0.0
00:06:14.367,1705631075783,0.0,0.0,184.306,152.613,1171.778,40.347,36.997,1,0,0,0,0.0,135.344,156.011,1116.914,38.487,36.969,1.0,0.0,0.0,0.0,0.0
00:06:14.384,1705631075800,0.0,0.0,184.365,152.868,1182.29,40.317,37.356,1,0,0,0,0.0,135.385,156.033,1129.294,38.484,37.382,1.0,0.0,0.0,0.0,0.0
00:06:14.401,1705631075817,0.0,0.0,184.441,153.206,1205.372,40.392,38.015,1,0,0,0,0.0,135.358,156.078,1123.103,38.507,37.154,1.0,0.0,0.0,0.0,0.0
00:06:14.417,1705631075833,0.0,0.0,183.924,152.419,1152.973,40.841,35.963,1,0,0,0,0.0,135.391,156.082,1138.908,38.631,37.556,1.0,0.0,0.0,0.0,0.0
00:06:14.434,1705631075850,0.0,0.0,184.517,153.29,1218.934,40.339,38.494,1,0,0,0,0.0,135.411,156.165,1130.885,38.652,37.272,1.0,0.0,0.0,0.0,0.0
00:06:14.451,1705631075867,0.0,0.0,186.251,152.874,1168.477,39.86,37.343,1,0,0,0,0.0,135.428,156.232,1143.479,38.734,37.606,1.0,0.0,0.0,0.0,0.0
00:06:14.467,1705631075883,0.0,0.0,191.715,152.089,1210.675,40.138,38.424,0,200,1,0,0.0,137.78,155.929,1120.965,38.543,37.049,1.0,0.0,0.0,0.0,0.0
00:06:14.484,1705631075900,0.0,0.0,192.103,151.938,1200.389,40.2,38.039,1,0,0,17,2.831,142.032,155.227,1132.77,38.727,37.262,0.0,200.0,1.0,0.0,0.0
00:06:14.501,1705631075917,0.0,0.0,191.886,152.151,1192.271,39.751,38.209,1,0,0,0,0.0,142.377,155.22,1133.706,39.035,36.998,1.0,0.0,0.0,17.0,2.633
00:06:14.517,1705631075933,0.0,0.0,191.896,152.133,1179.287,39.864,37.685,1,0,0,0,0.0,142.33,155.352,1136.246,38.8,37.306,1.0,0.0,0.0,0.0,0.0
00:06:14.534,1705631075950,0.0,0.0,192.0,152.134,1169.769,39.448,37.775,1,0,0,0,0.0,142.328,155.291,1121.322,38.675,36.935,1.0,0.0,0.0,0.0,0.0
00:06:14.551,1705631075967,0.0,0.0,191.895,152.133,1147.203,39.17,37.31,1,0,0,0,0.0,142.441,155.404,1111.277,38.422,36.845,1.0,0.0,0.0,0.0,0.0
00:06:14.567,1705631075983,0.0,0.0,191.962,152.145,1137.841,38.852,37.308,1,0,0,0,0.0,142.552,155.348,1108.864,38.364,36.82,1.0,0.0,0.0,0.0,0.0
00:06:14.584,1705631076000,0.0,0.0,191.851,152.152,1117.585,38.679,36.808,1,0,0,0,0.0,142.564,155.405,1099.129,38.213,36.641,1.0,0.0,0.0,0.0,0.0
00:06:14.601,1705631076017,0.0,0.0,191.855,152.207,1107.993,38.547,36.617,1,0,0,0,0.0,142.664,155.362,1089.522,37.954,36.569,1.0,0.0,0.0,0.0,0.0
00:06:14.617,1705631076033,0.0,0.0,191.761,152.161,1104.324,38.618,36.429,1,0,0,0,0.0,142.733,155.418,1075.168,37.787,36.247,1.0,0.0,0.0,0.0,0.0
00:06:14.634,1705631076050,0.0,0.0,191.092,152.284,1077.741,38.068,36.065,1,0,0,0,0.0,142.731,155.364,1067.056,37.686,36.069,1.0,0.0,0.0,0.0,0.0
00:06:14.651,1705631076067,0.0,0.0,180.942,151.843,917.642,36.283,32.218,0,167,1,0,0.0,141.399,155.575,1022.413,37.023,35.179,1.0,0.0,0.0,0.0,0.0
00:06:14.667,1705631076083,0.0,0.0,172.798,152.457,981.533,36.784,33.992,0,0,1,0,0.0,129.66,155.738,916.608,36.654,31.856,0.0,167.0,1.0,0.0,0.0
00:06:14.684,1705631076100,0.0,0.0,171.897,152.562,1008.88,37.088,34.652,1,0,0,33,7.614,122.181,155.414,1013.788,36.346,35.532,0.0,0.0,1.0,0.0,0.0
00:06:14.701,1705631076117,0.0,0.0,171.904,152.55,992.629,36.973,34.201,1,0,0,0,0.0,122.229,155.437,1026.574,36.481,35.847,1.0,0.0,0.0,33.0,8.092
00:06:14.717,1705631076133,0.0,0.0,171.961,152.571,994.988,36.735,34.504,1,0,0,0,0.0,122.509,155.61,1011.091,36.216,35.565,1.0,0.0,0.0,0.0,0.0
00:06:14.734,1705631076150,0.0,0.0,172.05,152.705,988.248,36.747,34.259,1,0,0,0,0.0,122.658,155.528,1009.003,36.128,35.578,1.0,0.0,0.0,0.0,0.0
00:06:14.751,1705631076167,0.0,0.0,172.193,152.664,987.432,36.457,34.503,1,0,0,0,0.0,122.917,155.597,995.476,35.953,35.272,1.0,0.0,0.0,0.0,0.0
00:06:14.767,1705631076183,0.0,0.0,172.228,152.609,981.969,36.599,34.179,1,0,0,0,0.0,123.304,155.508,988.19,35.877,35.088,1.0,0.0,0.0,0.0,0.0
00:06:14.784,1705631076200,0.0,0.0,172.296,152.509,984.353,36.732,34.138,1,0,0,0,0.0,123.262,155.605,998.857,36.088,35.259,1.0,0.0,0.0,0.0,0.0
00:06:14.801,1705631076217,0.0,0.0,172.446,152.637,980.26,36.623,34.097,1,0,0,0,0.0,123.579,155.615,997.665,35.918,35.383,1.0,0.0,0.0,0.0,0.0
00:06:14.817,1705631076233,0.0,0.0,172.833,152.715,985.679,36.553,34.352,1,0,0,0,0.0,123.809,155.61,998.688,35.943,35.396,1.0,0.0,0.0,0.0,0.0
00:06:14.834,1705631076250,0.0,0.0,172.942,152.655,986.36,36.724,34.215,1,0,0,0,0.0,124.022,155.628,993.254,35.794,35.349,1.0,0.0,0.0,0.0,0.0
00:06:14.851,1705631076267,0.0,0.0,173.094,152.829,981.966,36.502,34.27,1,0,0,0,0.0,124.418,155.608,993.852,35.878,35.288,1.0,0.0,0.0,0.0,0.0
00:06:14.867,1705631076283,0.0,0.0,173.229,152.71,982.101,36.612,34.171,1,0,0,0,0.0,124.654,155.62,1000.381,35.981,35.418,1.0,0.0,0.0,0.0,0.0
00:06:14.884,1705631076300,0.0,0.0,170.038,153.663,950.97,36.344,33.332,1,0,0,0,0.0,124.781,155.618,999.388,36.036,35.329,1.0,0.0,0.0,0.0,0.0
00:06:14.901,1705631076317,0.0,0.0,165.76,154.363,977.228,36.601,34.012,0,217,1,0,0.0,119.208,157.374,957.323,35.986,33.889,0.0,200.0,1.0,0.0,0.0
00:06:14.917,1705631076333,0.0,0.0,165.582,154.758,988.212,36.73,34.274,1,0,0,16,2.674,115.569,157.71,986.785,35.873,35.042,1.0,0.0,0.0,17.0,1.865
00:06:14.934,1705631076350,0.0,0.0,165.746,154.654,996.179,36.855,34.433,1,0,0,0,0.0,116.072,157.561,987.917,35.722,35.23,1.0,0.0,0.0,0.0,0.0
00:06:14.951,1705631076367,0.0,0.0,165.797,154.688,992.074,36.796,34.346,1,0,0,0,0.0,116.308,157.543,986.584,35.615,35.288,1.0,0.0,0.0,0.0,0.0
00:06:14.967,1705631076383,0.0,0.0,165.979,154.672,1002.705,36.901,34.615,1,0,0,0,0.0,116.47,157.567,986.683,35.862,35.049,1.0,0.0,0.0,0.0,0.0
00:06:14.984,1705631076400,0.0,0.0,166.191,154.766,1006.672,36.907,34.747,1,0,0,0,0.0,116.859,157.495,986.289,35.667,35.227,1.0,0.0,0.0,0.0,0.0
00:06:15.001,1705631076417,0.0,0.0,166.303,154.611,1010.005,36.906,34.863,1,0,0,0,0.0,117.039,157.473,988.64,35.725,35.253,1.0,0.0,0.0,0.0,0.0
00:06:15.017,1705631076433,0.0,0.0,166.376,154.815,1011.545,36.977,34.848,1,0,0,0,0.0,117.26,157.461,996.994,35.928,35.35,1.0,0.0,0.0,0.0,0.0
00:06:15.034,1705631076450,0.0,0.0,166.484,154.679,1027.371,37.253,35.131,1,0,0,0,0.0,117.52,157.433,1000.878,35.911,35.505,1.0,0.0,0.0,0.0,0.0
00:06:15.051,1705631076467,0.0,0.0,166.661,154.672,1031.426,37.39,35.141,1,0,0,0,0.0,117.681,157.414,1012.274,36.173,35.649,1.0,0.0,0.0,0.0,0.0
00:06:15.067,1705631076483,0.0,0.0,166.831,154.593,1042.48,37.573,35.344,1,0,0,0,0.0,117.873,157.386,1012.392,36.194,35.632,1.0,0.0,0.0,0.0,0.0
00:06:15.084,1705631076500,0.0,0.0,167.097,154.632,1048.213,37.58,35.532,1,0,0,0,0.0,118.164,157.35,1028.821,36.473,35.934,1.0,0.0,0.0,0.0,0.0
00:06:15.101,1705631076517,0.0,0.0,167.381,154.713,1059.039,37.838,35.655,1,0,0,0,0.0,118.524,157.33,1033.523,36.63,35.943,1.0,0.0,0.0,0.0,0.0
00:06:15.117,1705631076533,0.0,0.0,167.685,154.597,1066.408,37.999,35.751,1,0,0,0,0.0,118.924,157.295,1039.469,36.692,36.089,1.0,0.0,0.0,0.0,0.0
00:06:15.134,1705631076550,0.0,0.0,167.958,154.504,1078.925,38.294,35.891,1,0,0,0,0.0,119.077,157.274,1050.324,36.969,36.192,1.0,0.0,0.0,0.0,0.0
00:06:15.151,1705631076567,0.0,0.0,168.177,154.571,1084.364,38.415,35.958,1,0,0,0,0.0,119.404,157.271,1057.894,36.983,36.439,1.0,0.0,0.0,0.0,0.0
00:06:15.167,1705631076583,0.0,0.0,168.363,154.502,1090.586,38.525,36.062,1,0,0,0,0.0,119.677,157.19,1071.617,37.338,36.561,1.0,0.0,0.0,0.0,0.0
00:06:15.184,1705631076600,0.0,0.0,168.726,154.464,1101.366,38.51,36.433,1,0,0,0,0.0,119.989,157.145,1076.197,37.312,36.743,1.0,0.0,0.0,0.0,0.0
00:06:15.201,1705631076617,0.0,0.0,168.976,154.498,1112.332,38.872,36.453,1,0,0,0,0.0,120.251,157.143,1084.815,37.476,36.876,1.0,0.0,0.0,0.0,0.0
00:06:15.217,1705631076633,0.0,0.0,169.188,154.455,1121.949,38.934,36.709,1,0,0,0,0.0,120.63,157.144,1081.288,37.478,36.754,1.0,0.0,0.0,0.0,0.0
00:06:15.234,1705631076650,0.0,0.0,169.445,154.43,1112.009,38.854,36.459,1,0,0,0,0.0,120.819,157.148,1095.193,37.719,36.988,1.0,0.0,0.0,0.0,0.0
00:06:15.251,1705631076667,0.0,0.0,169.947,154.385,1129.064,38.898,36.976,1,0,0,0,0.0,121.138,157.105,1094.604,37.738,36.95,1.0,0.0,0.0,0.0,0.0
00:06:15.267,1705631076683,0.0,0.0,176.783,153.276,962.831,37.214,32.959,0,350,1,0,0.0,122.199,157.024,1090.723,37.607,36.947,1.0,0.0,0.0,0.0,0.0
00:06:15.284,1705631076700,0.0,0.0,188.265,151.285,1126.533,39.068,36.733,0,0,1,0,0.0,129.699,156.57,1042.984,37.27,35.649,0.0,366.0,1.0,0.0,0.0
00:06:15.301,1705631076717,0.0,0.0,190.176,151.233,1198.238,40.068,38.096,1,0,0,34,8.46,138.776,154.56,1094.887,38.201,36.511,0.0,0.0,1.0,0.0,0.0
00:06:15.317,1705631076733,0.0,0.0,189.758,150.965,1171.34,40.246,37.076,1,0,0,0,0.0,140.181,154.39,1129.169,38.853,37.022,1.0,0.0,0.0,34.0,8.178
00:06:15.334,1705631076750,0.0,0.0,190.061,151.391,1203.439,39.977,38.349,1,0,0,0,0.0,140.354,154.399,1132.178,38.624,37.341,1.0,0.0,0.0,0.0,0.0
00:06:15.351,1705631076767,0.0,0.0,190.149,151.379,1194.597,40.021,38.025,1,0,0,0,0.0,140.56,154.222,1150.29,39.189,37.391,1.0,0.0,0.0,0.0,0.0
00:06:15.367,1705631076783,0.0,0.0,190.255,151.383,1203.872,40.025,38.316,1,0,0,0,0.0,140.785,154.59,1129.811,38.673,37.215,1.0,0.0,0.0,0.0,0.0
00:06:15.384,1705631076800,0.0,0.0,190.202,151.35,1208.47,40.255,38.243,1,0,0,0,0.0,140.915,154.614,1131.249,38.69,37.247,1.0,0.0,0.0,0.0,0.0
00:06:15.401,1705631076817,0.0,0.0,190.329,151.524,1200.487,40.173,38.068,1,0,0,0,0.0,141.08,154.468,1145.012,38.75,37.642,1.0,0.0,0.0,0.0,0.0
00:06:15.417,1705631076833,0.0,0.0,190.406,151.335,1210.607,40.363,38.207,1,0,0,0,0.0,141.167,154.627,1128.94,38.702,37.159,1.0,0.0,0.0,0.0,0.0
00:06:15.434,1705631076850,0.0,0.0,190.409,151.41,1209.784,40.22,38.317,1,0,0,0,0.0,141.446,154.557,1143.53,38.819,37.526,1.0,0.0,0.0,0.0,0.0
00:06:15.451,1705631076867,0.0,0.0,190.523,151.342,1198.262,39.997,38.164,1,0,0,0,0.0,141.65,154.574,1144.376,39.082,37.301,1.0,0.0,0.0,0.0,0.0
00:06:15.467,1705631076883,0.0,0.0,190.681,151.452,1209.025,40.292,38.225,1,0,0,0,0.0,141.837,154.518,1143.046,38.753,37.574,1.0,0.0,0.0,0.0,0.0
00:06:15.484,1705631076900,0.0,0.0,190.728,151.414,1200.396,39.958,38.269,1,0,0,0,0.0,142.096,154.59,1133.977,38.879,37.155,1.0,0.0,0.0,0.0,0.0
00:06:15.501,1705631076917,0.0,0.0,190.71,151.381,1185.063,39.948,37.79,1,0,0,0,0.0,142.25,154.496,1140.41,38.631,37.605,1.0,0.0,0.0,0.0,0.0
00:06:15.517,1705631076933,0.0,0.0,190.641,150.624,1170.334,39.425,37.815,1,0,0,0,0.0,142.378,154.621,1125.475,38.824,36.929,1.0,0.0,0.0,0.0,0.0
00:06:15.534,1705631076950,0.0,0.0,190.354,151.278,1108.288,39.119,36.091,1,0,0,0,0.0,142.635,154.651,1105.134,38.427,36.636,1.0,0.0,0.0,0.0,0.0
00:06:15.551,1705631076967,0.0,0.0,184.629,152.667,606.447,31.298,24.683,0,250,1,0,0.0,142.827,155.402,1014.395,39.234,32.937,1.0,0.0,0.0,0.0,0.0
00:06:15.567,1705631076983,0.0,0.0,0.0,0.0,0.0,0.0,0.0,0,0,0,16,2.356,145.823,160.766,429.93,28.407,19.28,0.0,250.0,1.0,0.0,0.0
00:06:15.584,1705631077000,0.0,0.0,0.0,0.0,0.0,0.0,0.0,0,0,0,0,0.0,0.0,0.0,0.0,0.0,0.0,0.0,0.0,0.0,16.0,3.023
00:06:15.601,1705631077017,0.0,0.0,0.0,0.0,0.0,0.0,0.0,0,0,0,0,0.0,0.0,0.0,0.0,0.0,0.0,0.0,0.0,0.0,0.0,0.0
00:06:15.617,1705631077033,0.0,0.0,0.0,0.0,0.0,0.0,0.0,0,0,0,0,0.0,0.0,0.0,0.0,0.0,0.0,0.0,0.0,0.0,0.0,0.0
00:06:15.634,1705631077050,0.0,0.0,0.0,0.0,0.0,0.0,0.0,0,0,0,0,0.0,0.0,0.0,0.0,0.0,0.0,0.0,0.0,0.0,0.0,0.0
00:06:15.651,1705631077067,0.0,0.0,0.0,0.0,0.0,0.0,0.0,0,0,0,0,0.0,0.0,0.0,0.0,0.0,0.0,0.0,0.0,0.0,0.0,0.0
00:06:15.667,1705631077083,0.0,0.0,0.0,0.0,0.0,0.0,0.0,0,0,0,0,0.0,0.0,0.0,0.0,0.0,0.0,0.0,0.0,0.0,0.0,0.0
00:06:15.684,1705631077100,0.0,0.0,0.0,0.0,0.0,0.0,0.0,0,0,0,0,0.0,0.0,0.0,0.0,0.0,0.0,0.0,0.0,0.0,0.0,0.0
00:06:15.701,1705631077117,0.0,0.0,0.0,0.0,0.0,0.0,0.0,0,0,0,0,0.0,0.0,0.0,0.0,0.0,0.0,0.0,0.0,0.0,0.0,0.0
00:06:15.717,1705631077133,0.0,0.0,0.0,0.0,0.0,0.0,0.0,0,0,0,0,0.0,0.0,0.0,0.0,0.0,0.0,0.0,0.0,0.0,0.0,0.0
00:06:15.734,1705631077150,0.0,0.0,0.0,0.0,0.0,0.0,0.0,0,0,0,0,0.0,0.0,0.0,0.0,0.0,0.0,0.0,0.0,0.0,0.0,0.0
00:06:15.751,1705631077167,0.0,0.0,0.0,0.0,0.0,0.0,0.0,0,0,0,0,0.0,149.024,163.039,121.919,16.799,9.245,0.0,0.0,0.0,0.0,0.0
00:06:15.767,1705631077183,0.0,0.0,0.0,0.0,0.0,0.0,0.0,0,0,0,0,0.0,0.0,0.0,0.0,0.0,0.0,0.0,0.0,0.0,0.0,0.0
00:06:15.784,1705631077200,169.091,153.69,193.159,151.842,736.239,36.905,25.414,0,0,0,0,0.0,0.0,0.0,0.0,0.0,0.0,0.0,0.0,0.0,0.0,0.0
00:06:15.801,1705631077217,168.536,152.466,192.136,150.585,782.735,36.615,27.233,1,0,0,0,0.0,145.024,155.538,696.66,35.542,24.97,0.0,0.0,0.0,0.0,0.0
00:06:15.817,1705631077233,169.145,151.84,192.985,150.467,897.303,36.407,31.396,1,0,0,0,0.0,144.937,154.348,794.728,36.673,27.606,1.0,0.0,0.0,0.0,0.0
00:06:15.834,1705631077250,168.514,150.657,191.913,148.869,856.101,36.007,30.288,1,0,0,0,0.0,145.306,153.214,855.039,35.536,30.651,1.0,0.0,0.0,0.0,0.0
00:06:15.851,1705631077267,168.823,151.167,192.21,148.989,884.748,35.995,31.312,1,0,0,0,0.0,145.116,152.444,927.83,35.718,33.091,1.0,0.0,0.0,0.0,0.0
00:06:15.867,1705631077283,168.75,151.06,192.13,148.555,882.67,35.746,31.456,1,0,0,0,0.0,145.436,153.345,875.38,36.071,30.915,1.0,0.0,0.0,0.0,0.0
00:06:15.884,1705631077300,168.835,150.983,192.367,148.933,922.993,36.431,32.274,1,0,0,0,0.0,145.369,153.566,860.183,36.059,30.388,1.0,0.0,0.0,0.0,0.0
00:06:15.901,1705631077317,168.899,150.444,192.105,148.336,903.512,36.34,31.672,1,0,0,0,0.0,145.303,153.033,912.099,36.07,32.212,1.0,0.0,0.0,0.0,0.0
00:06:15.917,1705631077333,168.854,150.977,192.522,149.319,951.73,36.149,33.539,1,0,0,0,0.0,145.694,152.552,898.763,35.725,32.048,1.0,0.0,0.0,0.0,0.0
00:06:15.934,1705631077350,168.619,150.402,192.006,148.342,918.992,36.859,31.761,1,0,0,0,0.0,145.185,152.635,949.227,35.89,33.692,1.0,0.0,0.0,0.0,0.0
00:06:15.951,1705631077367,168.645,150.823,192.257,149.102,950.252,36.639,33.039,1,0,0,0,0.0,145.232,152.463,946.965,35.985,33.523,1.0,0.0,0.0,0.0,0.0
00:06:15.967,1705631077383,168.524,150.587,191.931,148.806,948.563,36.858,32.784,1,0,0,0,0.0,145.034,152.543,962.392,35.895,34.155,1.0,0.0,0.0,0.0,0.0
00:06:15.984,1705631077400,168.483,150.558,191.923,148.573,952.01,37.154,32.641,1,0,0,0,0.0,145.117,152.367,976.86,36.227,34.351,1.0,0.0,0.0,0.0,0.0
00:06:16.001,1705631077417,168.509,150.799,191.939,149.058,967.317,36.77,33.513,1,0,0,0,0.0,145.043,152.542,981.442,36.589,34.17,1.0,0.0,0.0,0.0,0.0
00:06:16.017,1705631077433,168.394,150.664,191.739,148.728,974.081,37.545,33.05,1,0,0,0,0.0,145.08,152.54,991.806,36.483,34.631,1.0,0.0,0.0,0.0,0.0
00:06:16.034,1705631077450,168.557,150.899,192.033,149.287,1028.206,37.538,34.893,1,0,0,0,0.0,145.049,152.599,1000.654,36.681,34.751,1.0,0.0,0.0,0.0,0.0
00:06:16.051,1705631077467,167.787,150.641,191.091,148.689,983.865,37.934,33.039,1,0,0,0,0.0,145.08,152.51,1016.231,36.801,35.177,1.0,0.0,0.0,0.0,0.0
00:06:16.067,1705631077483,165.75,151.715,189.339,149.696,1020.414,37.574,34.595,1,0,0,0,0.0,144.484,152.593,1009.715,37.083,34.686,1.0,0.0,0.0,0.0,0.0
00:06:16.084,1705631077500,165.473,151.323,188.96,149.546,1012.58,37.803,34.122,1,0,0,0,0.0,142.161,153.734,1005.692,37.922,33.783,1.0,0.0,0.0,0.0,0.0
00:06:16.101,1705631077517,165.454,151.636,188.945,149.694,1008.289,37.651,34.115,1,0,0,0,0.0,141.986,153.1,1040.944,38.044,34.856,1.0,0.0,0.0,0.0,0.0
00:06:16.117,1705631077533,165.297,151.299,188.708,149.322,1000.416,37.922,33.606,1,0,0,0,0.0,141.962,153.577,1023.536,37.782,34.51,1.0,0.0,0.0,0.0,0.0
00:06:16.134,1705631077550,165.353,151.569,188.836,149.874,1011.095,37.544,34.307,1,0,0,0,0.0,141.887,153.277,1034.75,37.704,34.961,1.0,0.0,0.0,0.0,0.0
00:06:16.151,1705631077567,165.091,151.147,188.533,149.323,989.453,37.753,33.387,1,0,0,0,0.0,141.87,153.264,1040.067,37.513,35.319,1.0,0.0,0.0,0.0,0.0
00:06:16.167,1705631077583,165.132,151.511,188.487,149.757,985.909,37.258,33.709,1,0,0,0,0.0,141.648,152.971,1043.303,37.078,35.845,1.0,0.0,0.0,0.0,0.0
00:06:16.184,1705631077600,164.977,151.195,188.357,149.335,965.671,37.522,32.785,1,0,0,0,0.0,141.776,153.265,1021.453,37.262,34.92,1.0,0.0,0.0,0.0,0.0
00:06:16.201,1705631077617,164.872,151.415,188.264,149.61,958.981,37.234,32.81,1,0,0,0,0.0,141.598,153.055,1010.063,36.805,34.961,1.0,0.0,0.0,0.0,0.0
00:06:16.217,1705631077633,164.817,151.279,188.231,149.519,945.35,36.992,32.555,1,0,0,0,0.0,141.481,153.219,993.884,36.87,34.339,1.0,0.0,0.0,0.0,0.0
00:06:16.234,1705631077650,164.768,151.505,188.225,149.675,942.554,36.909,32.531,1,0,0,0,0.0,141.402,153.04,988.856,36.431,34.577,1.0,0.0,0.0,0.0,0.0
00:06:16.251,1705631077667,164.765,151.473,188.267,149.715,929.34,36.8,32.17,1,0,0,0,0.0,141.312,153.334,976.994,36.365,34.224,1.0,0.0,0.0,0.0,0.0
00:06:16.267,1705631077683,164.732,151.589,188.234,149.906,924.713,36.313,32.44,1,0,0,0,0.0,141.264,153.23,970.917,36.124,34.239,1.0,0.0,0.0,0.0,0.0
00:06:16.284,1705631077700,164.674,151.455,188.106,149.631,904.26,36.097,31.912,1,0,0,0,0.0,141.231,153.272,960.319,35.903,34.073,1.0,0.0,0.0,0.0,0.0
00:06:16.301,1705631077717,164.678,151.62,188.186,149.991,915.291,36.076,32.32,1,0,0,0,0.0,141.242,153.279,950.768,35.753,33.876,1.0,0.0,0.0,0.0,0.0
00:06:16.317,1705631077733,164.642,151.53,188.089,149.725,900.156,36.188,31.687,1,0,0,0,0.0,141.17,153.249,944.318,35.512,33.875,1.0,0.0,0.0,0.0,0.0
00:06:16.334,1705631077750,164.67,151.671,188.174,150.024,906.299,35.981,32.087,1,0,0,0,0.0,141.195,153.335,941.045,35.499,33.769,1.0,0.0,0.0,0.0,0.0
00:06:16.351,1705631077767,164.581,151.605,188.057,149.9,897.58,35.862,31.884,1,0,0,0,0.0,141.167,153.318,941.933,35.559,33.744,1.0,0.0,0.0,0.0,0.0
00:06:16.367,1705631077783,164.529,151.628,188.054,149.933,894.681,35.997,31.662,1,0,0,0,0.0,141.105,153.309,937.111,35.442,33.682,1.0,0.0,0.0,0.0,0.0
00:06:16.384,1705631077800,164.558,151.548,188.103,149.679,885.638,36.041,31.303,1,0,0,0,0.0,141.004,153.324,939.974,35.385,33.84,1.0,0.0,0.0,0.0,0.0
00:06:16.401,1705631077817,164.41,151.685,188.048,150.023,907.64,36.141,31.992,1,0,0,0,0.0,141.013,153.417,937.17,35.489,33.64,1.0,0.0,0.0,0.0,0.0
00:06:16.417,1705631077833,164.44,151.72,187.968,150.015,903.62,36.2,31.799,1,0,0,0,0.0,140.771,153.347,938.569,35.164,34.002,1.0,0.0,0.0,0.0,0.0
00:06:16.434,1705631077850,164.371,151.71,187.925,150.018,910.704,36.169,32.075,1,0,0,0,0.0,140.911,153.426,939.356,35.406,33.797,1.0,0.0,0.0,0.0,0.0
00:06:16.451,1705631077867,164.335,151.853,187.88,150.187,920.943,36.48,32.16,1,0,0,0,0.0,140.818,153.402,945.139,35.685,33.74,1.0,0.0,0.0,0.0,0.0
00:06:16.467,1705631077883,164.264,151.872,187.783,150.199,918.298,36.113,32.393,1,0,0,0,0.0,140.791,153.52,931.416,35.254,33.656,1.0,0.0,0.0,0.0,0.0
00:06:16.484,1705631077900,164.175,151.963,187.734,150.282,927.377,36.535,32.336,1,0,0,0,0.0,140.745,153.545,935.132,35.366,33.683,1.0,0.0,0.0,0.0,0.0
00:06:16.501,1705631077917,164.045,151.889,187.584,150.244,928.386,36.446,32.45,1,0,0,0,0.0,140.616,153.643,929.627,35.279,33.568,1.0,0.0,0.0,0.0,0.0
00:06:16.517,1705631077933,164.006,151.963,187.568,150.412,933.163,36.434,32.628,1,0,0,0,0.0,140.506,153.534,934.496,35.274,33.748,1.0,0.0,0.0,0.0,0.0
00:06:16.534,1705631077950,163.867,151.813,187.359,150.069,922.316,36.76,31.962,1,0,0,0,0.0,140.444,153.515,930.172,35.173,33.689,1.0,0.0,0.0,0.0,0.0
00:06:16.551,1705631077967,163.885,152.0,187.475,150.427,934.706,36.354,32.754,1,0,0,0,0.0,140.374,153.558,932.856,35.255,33.708,1.0,0.0,0.0,0.0,0.0
00:06:16.567,1705631077983,163.759,151.726,187.249,149.861,914.695,36.977,31.512,1,0,0,0,0.0,140.294,153.573,931.659,35.265,33.655,1.0,0.0,0.0,0.0,0.0
00:06:16.584,1705631078000,165.02,151.866,188.463,150.335,930.023,36.185,32.741,1,0,0,0,0.0,140.268,153.591,937.704,35.214,33.922,1.0,0.0,0.0,0.0,0.0
00:06:16.601,1705631078017,166.975,151.002,190.693,149.205,922.069,37.025,31.725,1,0,0,0,0.0,141.577,153.397,923.099,35.345,33.27,1.0,0.0,0.0,0.0,0.0
00:06:16.617,1705631078033,167.138,151.235,190.981,149.552,947.948,36.876,32.747,1,0,0,0,0.0,143.257,152.798,928.37,35.119,33.675,1.0,0.0,0.0,0.0,0.0
00:06:16.634,1705631078050,167.071,150.898,190.728,148.855,911.236,37.125,31.268,1,0,0,0,0.0,143.294,152.918,943.014,35.451,33.886,1.0,0.0,0.0,0.0,0.0
00:06:16.651,1705631078067,167.005,151.216,190.734,149.411,931.897,36.792,32.266,1,0,0,0,0.0,143.414,152.94,936.727,35.243,33.858,1.0,0.0,0.0,0.0,0.0
00:06:16.667,1705631078083,167.023,151.221,190.667,149.466,937.803,36.812,32.452,1,0,0,0,0.0,143.275,153.02,935.869,35.271,33.801,1.0,0.0,0.0,0.0,0.0
00:06:16.684,1705631078100,167.065,151.296,190.776,149.575,923.285,36.411,32.303,1,0,0,0,0.0,143.379,152.977,939.664,35.276,33.933,1.0,0.0,0.0,0.0,0.0
00:06:16.701,1705631078117,166.999,151.074,190.583,149.157,906.766,36.541,31.611,1,0,0,0,0.0,143.354,153.017,932.386,35.314,33.634,1.0,0.0,0.0,0.0,0.0
00:06:16.717,1705631078133,166.898,151.177,190.557,149.409,912.267,36.314,32.002,1,0,0,0,0.0,143.416,152.99,919.261,35.142,33.323,1.0,0.0,0.0,0.0,0.0
00:06:16.734,1705631078150,166.838,151.052,190.378,149.091,892.553,36.41,31.228,1,0,0,0,0.0,143.239,152.945,922.069,35.038,33.524,1.0,0.0,0.0,0.0,0.0
00:06:16.751,1705631078167,166.938,151.166,190.494,149.458,898.419,35.73,32.032,1,0,0,0,0.0,143.299,153.013,908.772,34.912,33.16,1.0,0.0,0.0,0.0,0.0
00:06:16.767,1705631078183,166.897,151.108,190.393,149.339,891.311,35.723,31.784,1,0,0,0,0.0,143.382,152.875,909.904,34.761,33.345,1.0,0.0,0.0,0.0,0.0
00:06:16.784,1705631078200,166.809,150.465,190.067,148.327,873.984,35.41,31.442,1,0,0,0,0.0,143.401,152.876,894.943,34.736,32.82,1.0,0.0,0.0,0.0,0.0
00:06:16.801,1705631078217,166.449,151.284,189.531,149.684,728.115,35.548,26.092,1,0,0,0,0.0,143.55,152.603,872.672,34.427,32.291,1.0,0.0,0.0,0.0,0.0
